population,session,ncc,d_um,dz_um,fovA,roiA,fovB,roiB
NEAR,Vgat/0730,0.993223663888578,1.33079898543385,0,roi1_3x_x950y1200_z40_6000f_14lp_00001,18,roi1_3x_x950y1200_z40_6000f_14lp_00002,16
NEAR,Vglut2/0728,0.988005078066019,0.892936986286855,1.5625,fov1_1.7x_y1650x1320_z30_3000f_15lp_00001,22,fov1_2.1x_y1350x1310_z30_3000f_13lp_00001,9
NEAR,Vglut2/0728,0.986935186555292,1.08004298806011,1.5625,fov1_1.7x_y1650x1320_z30_3000f_15lp_00001,12,fov1_2.1x_y1350x1310_z30_3000f_13lp_00001,6
NEAR,Vglut2/0728,0.986852707659992,1.40519200384982,1.5625,fov1_1.7x_y1650x1320_z30_3000f_15lp_00001,8,fov1_2.1x_y1350x1310_z30_3000f_13lp_00001,4
NEAR,Sert/0721,0.986264973924404,1.31893183141509,1.5625,ro7_1.6x_x1000y-1000_z0_26lp_6000f_00001,17,roi7_1.8x_x-1000-1000_z0_16lp_3000f_00001,16
NEAR,Vglut2/0728,0.984931734424104,0.710227410158918,1.5625,fov1_1.7x_y1650x1320_z30_3000f_15lp_00001,27,fov1_2.1x_y1350x1310_z30_3000f_13lp_00001,14
NEAR,Sert/0721,0.984593994921602,1.13244692949878,1.5625,ro7_1.6x_x1000y-1000_z0_26lp_6000f_00001,46,roi7_1.8x_x-1000-1000_z0_16lp_3000f_00001,45
NEAR,Vgat/0730,0.984422712745693,0.547441001878114,5.3125,roi1_2x_x1100y950_z13_6000f_13lp_00001,5,roi1_3x_x1100y950_z8_3000f_11.5lp_00001,3
NEAR,Vglut2/0728,0.984351545848157,0.543850560690929,1.5625,fov1_1.7x_y1650x1320_z30_3000f_15lp_00001,21,fov1_2.1x_y1350x1310_z30_3000f_13lp_00001,10
NEAR,Vgat/0730,0.983709490529475,0.311036919365171,5.3125,roi1_2x_x1100y950_z13_6000f_13lp_00001,9,roi1_3x_x1100y950_z8_3000f_11.5lp_00001,6
NEAR,Vglut2/0728,0.983577088426877,0.853152284133463,1.5625,fov1_1.7x_y1650x1320_z30_3000f_15lp_00001,20,fov1_2.1x_y1350x1310_z30_3000f_13lp_00001,8
NEAR,Vgat/0730,0.983278634922349,0.51513532881031,5.3125,roi1_2x_x1100y950_z13_6000f_13lp_00001,3,roi1_3x_x1100y950_z8_3000f_11.5lp_00001,1
NEAR,Vglut2/0728,0.981245386298039,0.977905701229911,1.5625,fov1_1.7x_y1650x1320_z30_3000f_15lp_00001,25,fov1_2.1x_y1350x1310_z30_3000f_13lp_00001,12
NEAR,Sert/0721,0.981228508647006,0.960869735710326,1.5625,ro7_1.6x_x1000y-1000_z0_26lp_6000f_00001,21,roi7_1.8x_x-1000-1000_z0_16lp_3000f_00001,19
NEAR,Vglut2/0224/pFN,0.980843845012887,0.435664617131953,0.9375,pFN_roi1_z0_512x512_6x_2000f_00001,2,pFN_roi2_z5_25x_512x512_3x_6000f_00001,2
NEAR,Sert/0721,0.980450495344964,1.50284758003298,1.5625,ro7_1.6x_x1000y-1000_z0_26lp_6000f_00001,45,roi7_1.8x_x-1000-1000_z0_16lp_3000f_00001,44
NEAR,Vglut2/0224/pFN,0.980301886362469,0.276611618777139,0.9375,pFN_roi1_z0_512x512_6x_2000f_00001,5,pFN_roi2_z5_25x_512x512_3x_6000f_00001,6
NEAR,Sert/0721,0.979262098427591,1.18500239131142,1.5625,ro7_1.6x_x1000y-1000_z0_26lp_6000f_00001,2,roi7_1.8x_x-1000-1000_z0_16lp_3000f_00001,2
NEAR,Sert/0721,0.978840917141362,0.993348069504075,1.5625,ro7_1.6x_x1000y-1000_z0_26lp_6000f_00001,43,roi7_1.8x_x-1000-1000_z0_16lp_3000f_00001,42
NEAR,Vglut2/0224/pFN,0.978347955571053,0.13804062152207,0.9375,pFN_roi1_z0_512x512_6x_2000f_00001,6,pFN_roi2_z5_25x_512x512_3x_6000f_00001,7
NEAR,Sert/0721,0.977416913260089,1.058255370631,1.5625,ro7_1.6x_x1000y-1000_z0_26lp_6000f_00001,20,roi7_1.8x_x-1000-1000_z0_16lp_3000f_00001,20
NEAR,Vglut2/0224/pFN,0.977398512981241,0.523536381319623,2.1875,pFN_roi2_z5_25x_512x512_3x_6000f_00001,11,pFN_roi2_z5_512x512_6x_6000f_00001,5
NEAR,Sert/0721,0.977112797587437,1.72860690311014,1.5625,ro7_1.6x_x1000y-1000_z0_26lp_6000f_00001,10,roi7_1.8x_x-1000-1000_z0_16lp_3000f_00001,9
NEAR,Vglut2/0728,0.976696125924963,0.788966762013341,1.5625,fov1_1.7x_y1650x1320_z30_3000f_15lp_00001,31,fov1_2.1x_y1350x1310_z30_3000f_13lp_00001,19
NEAR,Sert/0721,0.976517310587653,0.893790506099161,1.5625,ro7_1.6x_x1000y-1000_z0_26lp_6000f_00001,9,roi7_1.8x_x-1000-1000_z0_16lp_3000f_00001,8
NEAR,Vglut2/0224/pFN,0.976497047464202,0.518909684034484,2.1875,pFN_roi2_z5_25x_512x512_3x_6000f_00001,8,pFN_roi2_z5_512x512_6x_6000f_00001,2
NEAR,Vglut2/0728,0.976438601553375,0.846197905459985,1.5625,fov1_1.7x_y1650x1320_z30_3000f_15lp_00001,26,fov1_2.1x_y1350x1310_z30_3000f_13lp_00001,13
NEAR,Vgat/0730,0.976150193952396,0.632434754659269,1.25,roi1_1.6x_x1050y1000_z100_3000f_17.5lp_00001,55,roi1_3x_x1050y1000_z100_3000f_17lp_00001,12
NEAR,Vgat/0730,0.976041307379279,1.59492662541597,1.25,roi1_1.6x_x1050y1000_z100_3000f_17.5lp_00001,71,roi1_3x_x1050y1000_z100_3000f_17lp_00001,25
NEAR,Vgat/0730,0.976009140470092,1.23217273425539,1.25,roi1_1.6x_x1050y1000_z100_3000f_17.5lp_00001,58,roi1_3x_x1050y1000_z100_3000f_17lp_00001,14
NEAR,Vgat/0730,0.975563547431894,0.705462481455479,0,roi1_3x_x950y1200_z40_6000f_14lp_00001,14,roi1_3x_x950y1200_z40_6000f_14lp_00002,12
NEAR,Vglut2/0728,0.975390967359693,0.348308645905438,5,fov1_1.7x_y1650x1320_z35_3000f_15lp_00001,30,fov1_1.7x_y1650x1320_z40_3000f_17lp_00001,29
NEAR,Sert/0721,0.975010273400977,0.426492920080898,0.9375,ro1_2x_x1018y1130_z10_20lp_6000f_00001,19,ro3_4x_x700y-1233_z-10_24.5lp_6000f_00001,15
NEAR,Vglut2/0224/pFN,0.974630577941953,0.479563069613963,2.1875,pFN_roi2_z5_25x_512x512_3x_6000f_00001,9,pFN_roi2_z5_512x512_6x_6000f_00001,3
NEAR,Vgat/0730,0.974578715805351,0.741275089451727,0,roi1_3x_x950y1200_z40_6000f_14lp_00001,15,roi1_3x_x950y1200_z40_6000f_14lp_00002,13
NEAR,Vglut2/0728,0.9737554176405,0.874407043833759,1.5625,fov1_1.7x_y1650x1320_z30_3000f_15lp_00001,3,fov1_2.1x_y1350x1310_z30_3000f_13lp_00001,1
NEAR,Vglut2/0728,0.973574078523146,1.22590611381182,1.5625,fov1_1.7x_y1650x1320_z30_3000f_15lp_00001,10,fov1_2.1x_y1350x1310_z30_3000f_13lp_00001,5
NEAR,Vglut2/0728,0.972769025735581,0.906538073619044,5.3125,fov1_2x_y1700x1350_z15_6000f_16lp_00001,34,fov1_2x_y1700x1350_z15_6000f_17.5lp_00001,23
NEAR,Sert/0721,0.97259641532353,1.3166710753472,1.5625,ro7_1.6x_x1000y-1000_z0_26lp_6000f_00001,34,roi7_1.8x_x-1000-1000_z0_16lp_3000f_00001,34
NEAR,Vglut2/0728,0.971711990324252,1.52868815431053,1.5625,fov1_1.7x_y1650x1320_z30_3000f_15lp_00001,48,fov1_2.1x_y1350x1310_z30_3000f_13lp_00001,41
NEAR,Sert/0721,0.970995128347785,0.538920569007188,0.9375,ro1_2x_x1018y1130_z10_20lp_6000f_00001,15,ro3_4x_x700y-1233_z-10_24.5lp_6000f_00001,10
NEAR,Sert/0721,0.970496173650455,0.956775757945254,0.9375,ro1_2x_x1018y1130_z10_20lp_6000f_00001,24,ro3_4x_x700y-1233_z-10_24.5lp_6000f_00001,20
NEAR,Sert/0721,0.970428027483362,0.309338698272162,1.875,ro1_2x_x1018y1130_z15_20lp_6000f_00001,30,ro3_2.5x_x450y1500_z-15_28.5lp_6000f_00003,4
NEAR,Sert/0721,0.970385586129706,0.591777852819477,1.5625,ro7_1.6x_x1000y-1000_z0_26lp_6000f_00001,5,roi7_1.8x_x-1000-1000_z0_16lp_3000f_00001,5
NEAR,Sert/0721,0.969837199547338,0.670232736708348,1.5625,ro7_1.6x_x1000y-1000_z0_26lp_6000f_00001,24,roi7_1.8x_x-1000-1000_z0_16lp_3000f_00001,22
NEAR,Sert/0721,0.969446440289677,1.08570586899944,1.5625,ro7_1.6x_x1000y-1000_z0_26lp_6000f_00001,48,roi7_1.8x_x-1000-1000_z0_16lp_3000f_00001,46
NEAR,Sert/0721,0.969023037706643,0.802705551106146,1.5625,ro7_1.6x_x1000y-1000_z0_26lp_6000f_00001,4,roi7_1.8x_x-1000-1000_z0_16lp_3000f_00001,4
NEAR,Sert/0721,0.968822982383978,1.21937435467216,1.5625,ro7_1.6x_x1000y-1000_z0_26lp_6000f_00001,47,roi7_1.8x_x-1000-1000_z0_16lp_3000f_00001,47
NEAR,Vglut2/0728,0.968424738338763,0.647859397434493,5,fov1_2x_y1700x1350_z15_6000f_16lp_00001,19,fov1_2x_y1700x1350_z25_3000f_16lp_00001,19
NEAR,Vglut2/0728,0.967805492061552,0.842716139517368,1.5625,fov1_1.7x_y1650x1320_z30_3000f_15lp_00001,32,fov1_2.1x_y1350x1310_z30_3000f_13lp_00001,20
NEAR,Sert/0721,0.966228532752676,0.812648315282893,1.5625,ro7_1.6x_x1000y-1000_z0_26lp_6000f_00001,41,roi7_1.8x_x-1000-1000_z0_16lp_3000f_00001,40
NEAR,Vgat/0730,0.966133947277659,1.32285885827413,1.25,roi1_1.6x_x1050y1000_z100_3000f_17.5lp_00001,66,roi1_3x_x1050y1000_z100_3000f_17lp_00001,19
NEAR,Sert/0721,0.964095927051936,0.818007677823421,1.5625,ro7_1.6x_x1000y-1000_z0_26lp_6000f_00001,12,roi7_1.8x_x-1000-1000_z0_16lp_3000f_00001,11
NEAR,Vglut2/0224/pFN,0.963980311842676,0.504671080430348,2.1875,pFN_roi2_z5_25x_512x512_3x_6000f_00001,10,pFN_roi2_z5_512x512_6x_6000f_00001,4
NEAR,Vgat/0730,0.963694843771912,1.04420579848304,0,roi1_3x_x950y1200_z40_6000f_14lp_00001,3,roi1_3x_x950y1200_z40_6000f_14lp_00002,4
NEAR,Vglut2/0728,0.963556674296204,1.99905300265263,3.4375,fov1_2.1x_y1350x1310_z30_3000f_13lp_00001,29,fov1_2x_y1700x1350_z25_3000f_16lp_00001,37
NEAR,Vgat/0730,0.961889565273035,0.805625836953738,5.3125,roi1_2x_x1100y950_z13_6000f_13lp_00001,16,roi1_3x_x1100y950_z8_3000f_11.5lp_00001,11
NEAR,Sert/0721,0.961035261897749,1.26129868530266,1.5625,ro7_1.6x_x1000y-1000_z0_26lp_6000f_00001,22,roi7_1.8x_x-1000-1000_z0_16lp_3000f_00001,21
NEAR,Vgat/0730,0.960750359820613,0.360068116647141,1.25,roi1_1.6x_x1050y1000_z100_3000f_17.5lp_00001,69,roi1_3x_x1050y1000_z100_3000f_17lp_00001,23
NEAR,Vglut2/0728,0.96033084783373,2.03666185511184,3.4375,fov1_2.1x_y1350x1310_z30_3000f_13lp_00001,4,fov1_2x_y1700x1350_z25_3000f_16lp_00001,7
NEAR,Vglut2/0728,0.960319046625357,0.689434143738879,1.5625,fov1_1.7x_y1650x1320_z30_3000f_15lp_00001,33,fov1_2.1x_y1350x1310_z30_3000f_13lp_00001,22
NEAR,Vglut2/0728,0.96024716992497,0.993975967564801,1.5625,fov1_1.7x_y1650x1320_z30_3000f_15lp_00001,23,fov1_2.1x_y1350x1310_z30_3000f_13lp_00001,11
NEAR,Vgat/0730,0.960243781312651,0.946690915057918,0,roi1_3x_x950y1200_z40_6000f_14lp_00001,19,roi1_3x_x950y1200_z40_6000f_14lp_00002,17
NEAR,Sert/0721,0.959789445337873,1.17989679460641,0.9375,ro1_2x_x1018y1130_z10_20lp_6000f_00001,16,ro3_4x_x700y-1233_z-10_24.5lp_6000f_00001,11
NEAR,Sert/0721,0.959788573960836,0.313928582717978,0.9375,ro1_2x_x1018y1130_z10_20lp_6000f_00001,17,ro3_4x_x700y-1233_z-10_24.5lp_6000f_00001,12
NEAR,Vglut2/0728,0.958779664346067,0.648014390287259,1.5625,fov1_1.7x_y1650x1320_z30_3000f_15lp_00001,37,fov1_2.1x_y1350x1310_z30_3000f_13lp_00001,28
NEAR,Sert/0721,0.957549004954269,1.25337649332963,1.5625,ro7_1.6x_x1000y-1000_z0_26lp_6000f_00001,15,roi7_1.8x_x-1000-1000_z0_16lp_3000f_00001,15
NEAR,Vglut2/0728,0.957501903823274,0.478800715042189,5,fov1_1.7x_y1650x1320_z35_3000f_15lp_00001,40,fov1_1.7x_y1650x1320_z40_3000f_17lp_00001,41
NEAR,Vglut2/0728,0.957449274652475,0.744133998255177,1.5625,fov1_1.7x_y1650x1320_z30_3000f_15lp_00001,30,fov1_2.1x_y1350x1310_z30_3000f_13lp_00001,18
NEAR,Vglut2/0728,0.95694332279954,1.84904752054052,3.4375,fov1_2.1x_y1350x1310_z30_3000f_13lp_00001,24,fov1_2x_y1700x1350_z25_3000f_16lp_00001,32
NEAR,Vglut2/0728,0.956858686902195,0.587307866397876,5,fov1_2x_y1700x1350_z15_6000f_17.5lp_00001,23,fov1_2x_y1700x1350_z5_6000f_15.5lp_00002,15
NEAR,Vglut2/0728,0.956456672845774,0.222082031336208,5,fov1_1.7x_y1650x1320_z35_3000f_15lp_00001,19,fov1_1.7x_y1650x1320_z40_3000f_17lp_00001,19
NEAR,Vgat/0730,0.956309328616596,1.87806346924809,1.25,roi1_1.6x_x1050y1000_z100_3000f_17.5lp_00001,62,roi1_3x_x1050y1000_z100_3000f_17lp_00001,17
NEAR,Vgat/0730,0.956233934959751,1.24499328411004,5.3125,roi1_2x_x1100y950_z13_6000f_13lp_00001,17,roi1_3x_x1100y950_z8_3000f_11.5lp_00001,10
NEAR,Sert/0721,0.955749475664789,0.961258489863066,1.5625,ro7_1.6x_x1000y-1000_z0_26lp_6000f_00001,19,roi7_1.8x_x-1000-1000_z0_16lp_3000f_00001,18
NEAR,Vglut2/0728,0.953587158046877,0.92963947789937,1.5625,fov1_1.7x_y1650x1320_z30_3000f_15lp_00001,40,fov1_2.1x_y1350x1310_z30_3000f_13lp_00001,29
NEAR,Sert/0721,0.953172003335952,0.611418317724791,1.875,ro1_2x_x1018y1130_z15_20lp_6000f_00001,47,ro3_2.5x_x450y1500_z-15_28.5lp_6000f_00003,15
NEAR,Vglut2/0728,0.953134754261028,0.453547103807332,5,fov1_1.7x_y1650x1320_z35_3000f_15lp_00001,32,fov1_1.7x_y1650x1320_z40_3000f_17lp_00001,31
NEAR,Vglut2/0728,0.953122733419212,1.55676839174033,5,fov1_1.7x_y1650x1320_z30_3000f_15lp_00001,8,fov1_2x_y1700x1350_z25_3000f_16lp_00001,7
NEAR,Sert/0721,0.953000747014189,1.30104292706774,1.5625,ro7_1.6x_x1000y-1000_z0_26lp_6000f_00001,25,roi7_1.8x_x-1000-1000_z0_16lp_3000f_00001,24
NEAR,Vglut2/0728,0.952821019268339,0.894465161140369,1.5625,fov1_1.7x_y1650x1320_z30_3000f_15lp_00001,29,fov1_2.1x_y1350x1310_z30_3000f_13lp_00001,17
NEAR,Vglut2/0728,0.952704077804681,0.990526772010793,5.3125,fov1_2x_y1700x1350_z15_6000f_16lp_00001,5,fov1_2x_y1700x1350_z15_6000f_17.5lp_00001,1
NEAR,Vglut2/0728,0.952556157803756,1.78414702713799,3.4375,fov1_2.1x_y1350x1310_z30_3000f_13lp_00001,28,fov1_2x_y1700x1350_z25_3000f_16lp_00001,33
NEAR,Vglut2/0224/pFN,0.952381410909161,0.157706120768474,0.9375,pFN_roi1_z0_512x512_6x_2000f_00001,4,pFN_roi2_z5_25x_512x512_3x_6000f_00001,5
NEAR,Vglut2/0728,0.95223568160453,0.582408130171074,5,fov1_1.7x_y1650x1320_z35_3000f_15lp_00001,5,fov1_1.7x_y1650x1320_z40_3000f_17lp_00001,5
NEAR,Vgat/0730,0.95201001884519,1.90038889129601,5.3125,roi1_2x_x1100y950_z13_6000f_13lp_00001,12,roi1_3x_x1100y950_z8_3000f_11.5lp_00001,9
NEAR,Sert/0721,0.95196868492184,2.044128063914,1.5625,ro7_1.6x_x1000y-1000_z0_26lp_6000f_00001,35,roi7_1.8x_x-1000-1000_z0_16lp_3000f_00001,36
NEAR,Vglut2/0728,0.951761307836326,0.785038447884797,3.4375,fov1_2.1x_y1350x1310_z30_3000f_13lp_00001,23,fov1_2x_y1700x1350_z25_3000f_16lp_00001,31
NEAR,Vglut2/0224/pFN,0.951681181117429,0.653211050377643,2.1875,pFN_roi2_z5_25x_512x512_3x_6000f_00001,15,pFN_roi2_z5_512x512_6x_6000f_00001,7
NEAR,Vglut2/0728,0.951486703104607,0.275934235213648,5,fov1_1.7x_y1650x1320_z35_3000f_15lp_00001,20,fov1_1.7x_y1650x1320_z40_3000f_17lp_00001,21
NEAR,Sert/0721,0.950403692070698,0.608884952774341,0.9375,ro1_2x_x1018y1130_z10_20lp_6000f_00001,28,ro3_4x_x700y-1233_z-10_24.5lp_6000f_00001,23
NEAR,Vglut2/0728,0.950349058003771,1.1093182076935,5.3125,fov1_2x_y1700x1350_z15_6000f_16lp_00001,39,fov1_2x_y1700x1350_z15_6000f_17.5lp_00001,29
NEAR,Sert/0721,0.950291632288915,0.19684664513365,0.9375,ro1_2x_x1018y1130_z10_20lp_6000f_00001,9,ro3_4x_x700y-1233_z-10_24.5lp_6000f_00001,5
NEAR,Vgat/0730,0.950145874587732,0.423069954598045,0,roi1_3x_x950y1200_z40_6000f_14lp_00001,16,roi1_3x_x950y1200_z40_6000f_14lp_00002,14
NEAR,Sert/0721,0.949846234309167,1.45387445145893,5.9375,ro1_2x_x1018y1130_z15_20lp_6000f_00001,9,ro3_4x_x700y-1233_z-10_24.5lp_6000f_00001,4
NEAR,Sert/0721,0.948566096522744,2.24238529509343,5.9375,ro1_2x_x1018y1130_z15_20lp_6000f_00001,4,ro3_4x_x700y-1233_z-10_24.5lp_6000f_00001,1
NEAR,Vglut2/0728,0.948385421029828,0.211415854029565,5,fov1_2x_y1700x1350_z15_6000f_16lp_00001,37,fov1_2x_y1700x1350_z25_3000f_16lp_00001,35
NEAR,Vgat/0730,0.948354367034157,0.751255768397173,1.25,roi1_1.6x_x1050y1000_z100_3000f_17.5lp_00001,48,roi1_3x_x1050y1000_z100_3000f_17lp_00001,9
NEAR,Vglut2/0728,0.947627578454699,0.557071334377722,1.5625,fov1_1.7x_y1650x1320_z30_3000f_15lp_00001,34,fov1_2.1x_y1350x1310_z30_3000f_13lp_00001,23
NEAR,Vglut2/0728,0.947408136274492,0.56149455387514,5,fov1_1.7x_y1650x1320_z35_3000f_15lp_00001,15,fov1_1.7x_y1650x1320_z40_3000f_17lp_00001,16
NEAR,Vgat/0730,0.947180656309577,0.704465494811427,0,roi1_3x_x950y1200_z40_6000f_14lp_00001,17,roi1_3x_x950y1200_z40_6000f_14lp_00002,15
NEAR,Vglut2/0728,0.946069244849989,1.59191987335765,1.5625,fov1_1.7x_y1650x1320_z30_3000f_15lp_00001,5,fov1_2.1x_y1350x1310_z30_3000f_13lp_00001,2
NEAR,Vglut2/0224/pFN,0.945844694066049,0.930436734453016,2.1875,pFN_roi2_z5_25x_512x512_3x_6000f_00001,21,pFN_roi2_z5_512x512_6x_6000f_00001,10
NEAR,Vglut2/0728,0.945551407848531,1.07323228254839,3.4375,fov1_2.1x_y1350x1310_z30_3000f_13lp_00001,13,fov1_2x_y1700x1350_z25_3000f_16lp_00001,23
NEAR,Vglut2/0728,0.945122086336685,1.69695203878476,3.4375,fov1_2.1x_y1350x1310_z30_3000f_13lp_00001,22,fov1_2x_y1700x1350_z25_3000f_16lp_00001,30
NEAR,Vglut2/0728,0.944829988915736,1.73957169696624,5.3125,fov1_2x_y1700x1350_z15_6000f_16lp_00001,43,fov1_2x_y1700x1350_z15_6000f_17.5lp_00001,32
NEAR,Sert/0721,0.944652086112406,0.496602184637808,0.9375,ro1_2x_x1018y1130_z10_20lp_6000f_00001,20,ro3_4x_x700y-1233_z-10_24.5lp_6000f_00001,16
NEAR,Vglut2/0728,0.944622720475444,0.873058618531825,1.5625,fov1_1.7x_y1650x1320_z30_3000f_15lp_00001,28,fov1_2.1x_y1350x1310_z30_3000f_13lp_00001,15
NEAR,Vgat/0730,0.944443180507695,1.42753813834042,5,roi1_2x_x1100y950_z13_6000f_13lp_00001,11,roi1_3x_x1100y950_z8_6000f_13lp_00001,6
NEAR,Vgat/0730,0.94439450274642,0.117469749335099,5.3125,roi1_2x_x1100y950_z13_6000f_13lp_00001,6,roi1_3x_x1100y950_z8_3000f_11.5lp_00001,4
NEAR,Sert/0721,0.944225623695054,0.755635586653976,0.9375,ro1_2x_x1018y1130_z10_20lp_6000f_00001,25,ro3_4x_x700y-1233_z-10_24.5lp_6000f_00001,21
NEAR,Vgat/0730,0.943957376388355,0.626229821639799,5.3125,roi1_2x_x1100y950_z13_6000f_13lp_00001,10,roi1_3x_x1100y950_z8_3000f_11.5lp_00001,7
NEAR,Vglut2/0728,0.943800174702579,0.539753374190329,5,fov1_2x_y1700x1350_z5_6000f_15.5lp_00001,4,fov1_2x_y1700x1350_z5_6000f_15.5lp_00002,10
NEAR,Vglut2/0728,0.943435212514191,1.85610137928166,3.4375,fov1_2.1x_y1350x1310_z30_3000f_13lp_00001,9,fov1_2x_y1700x1350_z25_3000f_16lp_00001,17
NEAR,Sert/0721,0.943369336403133,1.01914244553691,1.5625,ro7_1.6x_x1000y-1000_z0_26lp_6000f_00001,40,roi7_1.8x_x-1000-1000_z0_16lp_3000f_00001,39
NEAR,Vglut2/0728,0.943215407681379,0.848109786479111,1.5625,fov1_1.7x_y1650x1320_z30_3000f_15lp_00001,35,fov1_2.1x_y1350x1310_z30_3000f_13lp_00001,24
NEAR,Sert/0721,0.942604880931404,1.44312687478004,5.9375,ro1_2x_x1018y1130_z15_20lp_6000f_00001,8,ro3_4x_x700y-1233_z-10_24.5lp_6000f_00001,3
NEAR,Sert/0721,0.942496636556346,1.46359480614796,1.5625,ro7_1.6x_x1000y-1000_z0_26lp_6000f_00001,36,roi7_1.8x_x-1000-1000_z0_16lp_3000f_00001,33
NEAR,Vglut2/0728,0.942352651828748,0.998229919865236,1.5625,fov1_1.7x_y1650x1320_z30_3000f_15lp_00001,45,fov1_2.1x_y1350x1310_z30_3000f_13lp_00001,39
NEAR,Vgat/0730,0.942112587261029,0.82136112515999,0,roi1_3x_x950y1200_z40_6000f_14lp_00001,5,roi1_3x_x950y1200_z40_6000f_14lp_00002,6
NEAR,Vglut2/0728,0.941539408800517,2.062344211702,5.3125,fov1_2x_y1700x1350_z15_6000f_16lp_00001,38,fov1_2x_y1700x1350_z15_6000f_17.5lp_00001,28
NEAR,Sert/0721,0.941081897830386,0.706748714446187,1.5625,ro7_1.6x_x1000y-1000_z0_26lp_6000f_00001,29,roi7_1.8x_x-1000-1000_z0_16lp_3000f_00001,28
NEAR,Vglut2/0728,0.940489456473609,0.585977468041322,5,fov1_1.7x_y1650x1320_z35_3000f_15lp_00001,43,fov1_1.7x_y1650x1320_z40_3000f_17lp_00001,45
NEAR,Vglut2/0728,0.940084410251566,1.1109135434585,5,fov1_2x_y1700x1350_z15_6000f_16lp_00001,23,fov1_2x_y1700x1350_z25_3000f_16lp_00001,23
NEAR,Vglut2/0224/pFN,0.939967009031169,0.324527989265381,0.9375,pFN_roi1_z0_512x512_6x_2000f_00001,3,pFN_roi2_z5_25x_512x512_3x_6000f_00001,4
NEAR,Sert/0721,0.939597482700815,0.638078730298593,0.9375,ro1_2x_x1018y1130_z10_20lp_6000f_00001,12,ro3_4x_x700y-1233_z-10_24.5lp_6000f_00001,8
NEAR,Vglut2/0728,0.939127171386064,0.257326074816262,5,fov1_2x_y1700x1350_z15_6000f_17.5lp_00001,14,fov1_2x_y1700x1350_z5_6000f_15.5lp_00002,13
NEAR,Sert/0721,0.938749188316877,1.48586734687214,1.5625,ro7_1.6x_x1000y-1000_z0_26lp_6000f_00001,27,roi7_1.8x_x-1000-1000_z0_16lp_3000f_00001,27
NEAR,Vglut2/0728,0.938731373228425,0.465128208589055,5,fov1_2x_y1700x1350_z15_6000f_16lp_00001,9,fov1_2x_y1700x1350_z25_3000f_16lp_00001,9
NEAR,Vgat/0730,0.938540633916793,1.60233751889729,5,roi1_2x_x1100y950_z13_6000f_13lp_00001,17,roi1_3x_x1100y950_z8_6000f_13lp_00001,12
NEAR,Vgat/0730,0.938021134630173,1.96513282233657,1.25,roi1_1.6x_x1050y1000_z100_3000f_17.5lp_00001,61,roi1_3x_x1050y1000_z100_3000f_17lp_00001,16
NEAR,Vglut2/0728,0.937543378109978,0.196774007208208,5.3125,fov1_2x_y1700x1350_z15_6000f_16lp_00001,6,fov1_2x_y1700x1350_z15_6000f_17.5lp_00001,2
NEAR,Vgat/0730,0.937266298940899,1.84619951738592,1.25,roi1_1.6x_x1050y1000_z100_3000f_17.5lp_00001,43,roi1_3x_x1050y1000_z100_3000f_17lp_00001,5
NEAR,Sert/0721,0.936602322986108,0.749292616179415,1.5625,ro7_1.6x_x1000y-1000_z0_26lp_6000f_00001,13,roi7_1.8x_x-1000-1000_z0_16lp_3000f_00001,12
NEAR,Vglut2/0728,0.936468156959006,1.9326607129074,5.3125,fov1_2x_y1700x1350_z15_6000f_16lp_00001,19,fov1_2x_y1700x1350_z15_6000f_17.5lp_00001,14
NEAR,Vglut2/0224/pFN,0.936448550949794,0.931138906467532,2.1875,pFN_roi2_z5_25x_512x512_3x_6000f_00001,13,pFN_roi2_z5_512x512_6x_6000f_00001,6
NEAR,Sert/0721,0.936446589444323,1.57180649033581,1.5625,ro7_1.6x_x1000y-1000_z0_26lp_6000f_00001,32,roi7_1.8x_x-1000-1000_z0_16lp_3000f_00001,31
NEAR,Sert/0721,0.935919250034857,0.879408849509766,1.5625,ro7_1.6x_x1000y-1000_z0_26lp_6000f_00001,26,roi7_1.8x_x-1000-1000_z0_16lp_3000f_00001,25
NEAR,Vglut2/0728,0.93561507095593,3.95501795871261,5,roi2_1.6x_y1400x1600_z5_3000f_16lp_00001,8,roi2_2x_y1400x1550_z0_3000f_15lp_00001,8
NEAR,Vglut2/0728,0.935323832192132,0.435742991837254,5,fov1_1.7x_y1650x1320_z30_3000f_15lp_00001,27,fov1_1.7x_y1650x1320_z35_3000f_15lp_00001,29
NEAR,Vglut2/0728,0.935069032559266,0.418326020347564,5,fov1_1.7x_y1650x1320_z35_3000f_15lp_00001,25,fov1_1.7x_y1650x1320_z40_3000f_17lp_00001,25
NEAR,Vglut2/0728,0.934563254522213,1.79497474571234,5,fov1_1.7x_y1650x1320_z30_3000f_15lp_00001,22,fov1_2x_y1700x1350_z25_3000f_16lp_00001,17
NEAR,Vglut2/0728,0.934339595200673,1.70163221584039,1.5625,fov1_1.7x_y1650x1320_z30_3000f_15lp_00001,38,fov1_2.1x_y1350x1310_z30_3000f_13lp_00001,27
NEAR,Vglut2/0728,0.934214410512138,1.96380505097962,5,fov1_1.7x_y1650x1320_z30_3000f_15lp_00001,43,fov1_2x_y1700x1350_z25_3000f_16lp_00001,43
NEAR,Vglut2/0728,0.933823135568176,0.633397684690006,5,fov1_2x_y1700x1350_z15_6000f_16lp_00001,7,fov1_2x_y1700x1350_z25_3000f_16lp_00001,7
NEAR,Vglut2/0728,0.933524217462788,0.548289868904781,5,fov1_1.7x_y1650x1320_z35_3000f_15lp_00001,12,fov1_1.7x_y1650x1320_z40_3000f_17lp_00001,13
NEAR,Vglut2/0728,0.932581863152353,0.441325871877804,5,fov1_2x_y1700x1350_z15_6000f_16lp_00001,28,fov1_2x_y1700x1350_z25_3000f_16lp_00001,27
NEAR,Vglut2/0728,0.932395384455502,1.40188118495393,1.5625,fov1_1.7x_y1650x1320_z30_3000f_15lp_00001,18,fov1_2.1x_y1350x1310_z30_3000f_13lp_00001,7
NEAR,Vglut2/0728,0.931953173915505,1.76648616822151,3.4375,fov1_2.1x_y1350x1310_z30_3000f_13lp_00001,41,fov1_2x_y1700x1350_z25_3000f_16lp_00001,47
NEAR,Vglut2/1124,0.931412096989202,3.43111848646979,5.3125,roi5_1400-1230-0_x4.4_15lp_6000f_00001,12,roi5_1400-1300-0_18lp_930_x4_512x512_6000f_00002,19
NEAR,Vglut2/0728,0.931220332887175,0.848629921538249,5,fov1_2x_y1700x1350_z5_6000f_15.5lp_00001,10,fov1_2x_y1700x1350_z5_6000f_15.5lp_00002,15
NEAR,Vglut2/0728,0.93102083614311,1.17398049976772,5,fov1_1.7x_y1650x1320_z30_3000f_15lp_00001,37,fov1_2x_y1700x1350_z25_3000f_16lp_00001,33
NEAR,Vglut2/0728,0.930899709432435,1.24816689601146,5,fov1_2x_y1700x1350_z15_6000f_16lp_00001,20,fov1_2x_y1700x1350_z25_3000f_16lp_00001,20
NEAR,Vglut2/0728,0.930673966826135,0.462382849282853,5,fov1_1.7x_y1650x1320_z30_3000f_15lp_00001,34,fov1_2x_y1700x1350_z25_3000f_16lp_00001,31
NEAR,Vgat/0730,0.930523280627082,2.01448610910485,1.25,roi1_1.6x_x1050y1000_z100_3000f_17.5lp_00001,73,roi1_3x_x1050y1000_z100_3000f_17lp_00001,27
NEAR,Vglut2/0728,0.930439910274494,1.20941183275978,5,fov1_1.7x_y1650x1320_z30_3000f_15lp_00001,26,fov1_2x_y1700x1350_z25_3000f_16lp_00001,23
NEAR,Vglut2/0728,0.930297285170879,0.853272683230585,5,fov1_2x_y1700x1350_z15_6000f_16lp_00001,30,fov1_2x_y1700x1350_z25_3000f_16lp_00001,28
NEAR,Vglut2/0728,0.930200987749656,0.936832780325434,5,fov1_1.7x_y1650x1320_z35_3000f_15lp_00001,8,fov1_1.7x_y1650x1320_z40_3000f_17lp_00001,8
NEAR,Vglut2/0728,0.930184417887431,1.72119536515332,5.3125,fov1_2x_y1700x1350_z15_6000f_16lp_00001,44,fov1_2x_y1700x1350_z15_6000f_17.5lp_00001,34
NEAR,Vgat/0730,0.930161505273228,0.931227543946247,5.3125,roi1_2x_x1100y950_z13_6000f_13lp_00001,11,roi1_3x_x1100y950_z8_3000f_11.5lp_00001,8
NEAR,Vglut2/0728,0.929898691426825,0.942293766527659,5.3125,fov1_2x_y1700x1350_z15_6000f_16lp_00001,21,fov1_2x_y1700x1350_z15_6000f_17.5lp_00001,15
NEAR,Vglut2/0728,0.929709966048138,0.741457705604558,5,fov1_1.7x_y1650x1320_z30_3000f_15lp_00001,40,fov1_1.7x_y1650x1320_z35_3000f_15lp_00001,41
NEAR,Vglut2/0224/pFN,0.92929996769452,1.15521877029839,2.1875,pFN_roi2_z5_25x_512x512_3x_6000f_00001,19,pFN_roi2_z5_512x512_6x_6000f_00001,9
NEAR,Vgat/0730,0.92915195254479,2.54616081873913,1.25,roi1_1.6x_x1050y1000_z100_3000f_17.5lp_00001,67,roi1_3x_x1050y1000_z100_3000f_17lp_00001,21
NEAR,Vglut2/0728,0.929047254339303,0.258824559316787,5,fov1_2x_y1700x1350_z15_6000f_16lp_00001,35,fov1_2x_y1700x1350_z25_3000f_16lp_00001,31
NEAR,Vglut2/0728,0.929014700066555,1.42142668657151,3.4375,fov1_2.1x_y1350x1310_z30_3000f_13lp_00001,19,fov1_2x_y1700x1350_z25_3000f_16lp_00001,28
NEAR,Vgat/0730,0.928912176245004,0.869989413909249,1.25,roi1_1.6x_x1050y1000_z100_3000f_17.5lp_00001,52,roi1_3x_x1050y1000_z100_3000f_17lp_00001,10
NEAR,Vgat/0730,0.928756700224764,0.87149260254864,0,roi1_3x_x950y1200_z40_6000f_14lp_00001,2,roi1_3x_x950y1200_z40_6000f_14lp_00002,3
NEAR,Vgat/0730,0.928653598757283,0.947031179050587,1.25,roi1_1.6x_x1050y1000_z100_3000f_17.5lp_00001,65,roi1_3x_x1050y1000_z100_3000f_17lp_00001,20
NEAR,Vglut2/0728,0.928310557728636,0.866903343847312,5.625,roi2_4x_y2000x1400_z-15_6000f_17.5lp_00001,1,roi2_4x_y2000x1400_z-20_6000f_21lp_00001,1
NEAR,Vglut2/0728,0.927179609612996,0.934984669217605,5,fov1_2x_y1700x1350_z0_6000f_15.5lp_00001,16,fov1_2x_y1700x1350_z5_6000f_15.5lp_00001,15
NEAR,Vglut2/0728,0.926738859343979,0.0183802151004585,5,fov1_2x_y1700x1350_z5_6000f_15.5lp_00001,3,fov1_2x_y1700x1350_z5_6000f_15.5lp_00002,9
NEAR,Sert/0721,0.926708053730389,1.40854370267092,1.5625,ro7_1.6x_x1000y-1000_z0_26lp_6000f_00001,37,roi7_1.8x_x-1000-1000_z0_16lp_3000f_00001,35
NEAR,Vglut2/0728,0.926563748958647,0.180514217588473,5,fov1_2x_y1700x1350_z15_6000f_17.5lp_00001,28,fov1_2x_y1700x1350_z5_6000f_15.5lp_00002,20
NEAR,Vglut2/0728,0.92633737884583,0.578410714306515,5,fov1_2x_y1700x1350_z0_6000f_15.5lp_00001,3,fov1_2x_y1700x1350_z5_6000f_15.5lp_00001,3
NEAR,Vglut2/0728,0.92580934550957,1.31669586849012,10.3125,fov1_2x_y1700x1350_z15_6000f_16lp_00001,34,fov1_2x_y1700x1350_z5_6000f_15.5lp_00002,15
NEAR,Vgat/0730,0.925429817835249,0.59107644266509,5.3125,roi1_2x_x1100y950_z13_6000f_13lp_00001,20,roi1_3x_x1100y950_z8_3000f_11.5lp_00001,12
NEAR,Vglut2/0728,0.925333257010603,0.323687620248886,5,fov1_2x_y1700x1350_z15_6000f_16lp_00001,2,fov1_2x_y1700x1350_z25_3000f_16lp_00001,2
NEAR,Sert/0721,0.92424840420458,1.57535491232372,1.875,ro1_2x_x1018y1130_z15_20lp_6000f_00001,43,ro3_2.5x_x450y1500_z-15_28.5lp_6000f_00003,9
NEAR,Vgat/0730,0.923874266675639,1.67806228019785,5,roi1_2x_x1100y950_z13_6000f_13lp_00001,12,roi1_3x_x1100y950_z8_6000f_13lp_00001,8
NEAR,Vgat/0730,0.923687533481859,2.53735269856589,1.25,roi1_1.6x_x1050y1000_z100_3000f_17.5lp_00001,72,roi1_3x_x1050y1000_z100_3000f_17lp_00001,26
NEAR,Vglut2/0728,0.923686761846829,1.67623216213247,3.4375,fov1_2.1x_y1350x1310_z30_3000f_13lp_00001,11,fov1_2x_y1700x1350_z25_3000f_16lp_00001,20
NEAR,Sert/0721,0.923577241295626,0.331053575754127,1.875,ro1_2x_x1018y1130_z15_20lp_6000f_00001,45,ro3_2.5x_x450y1500_z-15_28.5lp_6000f_00003,13
NEAR,Vglut2/0728,0.923427156963371,0.582893867391942,5,fov1_2x_y1700x1350_z15_6000f_16lp_00001,6,fov1_2x_y1700x1350_z25_3000f_16lp_00001,6
NEAR,Vglut2/0728,0.923425492140417,0.896921188906065,10,fov1_1.7x_y1650x1320_z30_3000f_15lp_00001,24,fov1_2x_y1700x1350_z15_6000f_16lp_00001,19
NEAR,Vglut2/0728,0.92332965123572,1.23413478281805,5,fov1_1.7x_y1650x1320_z30_3000f_15lp_00001,24,fov1_2x_y1700x1350_z25_3000f_16lp_00001,19
NEAR,Sert/0721,0.923149630808455,0.261612972153369,0.9375,ro1_2x_x1018y1130_z10_20lp_6000f_00001,18,ro3_4x_x700y-1233_z-10_24.5lp_6000f_00001,14
NEAR,Vglut2/0728,0.92202770865883,0.534409958622781,5,fov1_2x_y1700x1350_z15_6000f_17.5lp_00001,32,fov1_2x_y1700x1350_z5_6000f_15.5lp_00002,22
NEAR,Vgat/0730,0.921876986562552,1.2131215570448,5.625,roi2_1.5x_x1050y2250_z35_2000f_8lp_00001,31,roi2_1.6x_x1050y2250_z50_2000f_10.5lp_00001,25
NEAR,Vglut2/0728,0.92182808981519,0.390523616939803,5,fov1_2x_y1700x1350_z15_6000f_16lp_00001,18,fov1_2x_y1700x1350_z25_3000f_16lp_00001,18
NEAR,Sert/0721,0.919822680081778,0.574468569634249,5,ro1_2x_x1018y1130_z10_20lp_6000f_00001,7,ro1_2x_x1018y1130_z15_20lp_6000f_00001,8
NEAR,Sert/0721,0.919678872072805,1.79526007002752,1.5625,ro7_1.6x_x1000y-1000_z0_26lp_6000f_00001,11,roi7_1.8x_x-1000-1000_z0_16lp_3000f_00001,10
NEAR,Vgat/0730,0.919515615125052,0.611254271231562,5.3125,roi1_2x_x1100y950_z13_6000f_13lp_00001,8,roi1_3x_x1100y950_z8_3000f_11.5lp_00001,5
NEAR,Vglut2/0728,0.918815902984699,0.0981330189655272,8.4375,fov1_2.1x_y1350x1310_z30_3000f_13lp_00001,13,fov1_2x_y1700x1350_z15_6000f_16lp_00001,23
NEAR,Vgat/0730,0.918661349009358,1.50495313246984,5,roi1_2x_x1100y950_z13_6000f_13lp_00001,7,roi1_3x_x1100y950_z8_6000f_13lp_00001,4
NEAR,Vglut2/0728,0.917318511742796,1.60481104943121,1.5625,fov1_1.7x_y1650x1320_z30_3000f_15lp_00001,49,fov1_2.1x_y1350x1310_z30_3000f_13lp_00001,42
NEAR,Vglut2/0728,0.917235674760218,0.420616942203081,5,fov1_1.7x_y1650x1320_z30_3000f_15lp_00001,45,fov1_1.7x_y1650x1320_z35_3000f_15lp_00001,47
NEAR,Vglut2/0728,0.917110277280965,0.108157622035777,5,fov1_2x_y1700x1350_z15_6000f_17.5lp_00001,6,fov1_2x_y1700x1350_z5_6000f_15.5lp_00002,9
NEAR,Vglut2/0728,0.915648530286553,1.01455942960262,5,fov1_1.7x_y1650x1320_z30_3000f_15lp_00001,30,fov1_1.7x_y1650x1320_z35_3000f_15lp_00001,32
NEAR,Sert/0721,0.915545208004667,0.99323918715984,1.5625,ro7_1.6x_x1000y-1000_z0_26lp_6000f_00001,38,roi7_1.8x_x-1000-1000_z0_16lp_3000f_00001,37
NEAR,Vglut2/0728,0.915317347457784,0.943619532392299,10,fov1_1.7x_y1650x1320_z30_3000f_15lp_00001,26,fov1_2x_y1700x1350_z15_6000f_16lp_00001,23
NEAR,Sert/0721,0.915060666522985,0.207636851742605,0.9375,ro1_2x_x1018y1130_z10_20lp_6000f_00001,29,ro3_4x_x700y-1233_z-10_24.5lp_6000f_00001,24
NEAR,Vglut2/0728,0.914149011068805,0.962512140682391,5.3125,fov1_2x_y1700x1350_z15_6000f_16lp_00001,15,fov1_2x_y1700x1350_z15_6000f_17.5lp_00001,9
NEAR,Sert/0721,0.914107839766204,1.28570042630679,0.9375,ro1_2x_x1018y1130_z10_20lp_6000f_00001,8,ro3_4x_x700y-1233_z-10_24.5lp_6000f_00001,4
FAR,Vglut2/1124,0.913736802569928,6.73239041094725,20,roi3_-1000-300-40_32lp_930_x1.4_256x512_3000f_00001,92,roi3_-1000-300-60_38lp_930_x1.4_256x512_3000f_00001,127
NEAR,Vglut2/0728,0.913688413384691,1.31499033669454,5,fov1_1.7x_y1650x1320_z30_3000f_15lp_00001,23,fov1_2x_y1700x1350_z25_3000f_16lp_00001,20
NEAR,Sert/0721,0.913586484483237,1.13550819744226,5.9375,ro1_2x_x1018y1130_z15_20lp_6000f_00001,13,ro3_4x_x700y-1233_z-10_24.5lp_6000f_00001,8
NEAR,Vglut2/0728,0.912651026901389,0.824581772125287,5,fov1_1.7x_y1650x1320_z30_3000f_15lp_00001,39,fov1_1.7x_y1650x1320_z35_3000f_15lp_00001,40
NEAR,Vgat/0730,0.912317380449685,1.74526561579988,1.25,roi1_1.6x_x1050y1000_z100_3000f_17.5lp_00001,56,roi1_3x_x1050y1000_z100_3000f_17lp_00001,13
NEAR,Sert/0721,0.911798035110171,1.15446261326304,1.5625,ro7_1.6x_x1000y-1000_z0_26lp_6000f_00001,7,roi7_1.8x_x-1000-1000_z0_16lp_3000f_00001,7
NEAR,Vglut2/0728,0.911779550112339,1.64574968666623,5.3125,fov1_2x_y1700x1350_z15_6000f_16lp_00001,28,fov1_2x_y1700x1350_z15_6000f_17.5lp_00001,19
NEAR,Vglut2/0728,0.911715087256068,0.0734480745457833,5,fov1_2x_y1700x1350_z15_6000f_16lp_00001,10,fov1_2x_y1700x1350_z25_3000f_16lp_00001,11
NEAR,Vglut2/0728,0.911296276088348,0.477830582537431,8.4375,fov1_2.1x_y1350x1310_z30_3000f_13lp_00001,11,fov1_2x_y1700x1350_z15_6000f_16lp_00001,20
NEAR,Vglut2/0728,0.911185067031915,0.823655635686274,5,fov1_2x_y1700x1350_z15_6000f_16lp_00001,26,fov1_2x_y1700x1350_z25_3000f_16lp_00001,25
NEAR,Sert/0721,0.911008388863854,1.59750397548758,10,ro1_2x_x1018y1130_z15_20lp_6000f_00001,29,ro1_2x_x1018y1130_z25_26lp_6000f_00001,3
NEAR,Sert/0721,0.910660731484407,0.569825532945056,0.9375,ro1_2x_x1018y1130_z10_20lp_6000f_00001,21,ro3_4x_x700y-1233_z-10_24.5lp_6000f_00001,18
NEAR,Vglut2/0728,0.910589047013296,1.05550965417688,5,fov1_1.7x_y1650x1320_z35_3000f_15lp_00001,35,fov1_1.7x_y1650x1320_z40_3000f_17lp_00001,36
NEAR,Vglut2/0728,0.910481395708416,0.482332028489544,5,fov1_2x_y1700x1350_z15_6000f_17.5lp_00001,15,fov1_2x_y1700x1350_z5_6000f_15.5lp_00002,14
NEAR,Vglut2/0728,0.910380521204781,0.942447872507361,5,fov1_1.7x_y1650x1320_z30_3000f_15lp_00001,38,fov1_2x_y1700x1350_z25_3000f_16lp_00001,35
NEAR,Vgat/0730,0.909535212406274,1.04145821254541,1.25,roi1_1.6x_x1050y1000_z100_3000f_17.5lp_00001,41,roi1_3x_x1050y1000_z100_3000f_17lp_00001,3
NEAR,Vglut2/0728,0.909329398602788,1.06942483927943,5,fov1_1.7x_y1650x1320_z30_3000f_15lp_00001,40,fov1_2x_y1700x1350_z25_3000f_16lp_00001,37
NEAR,Vglut2/0728,0.908969578747804,0.581295733474202,5,fov1_2x_y1700x1350_z0_6000f_15.5lp_00001,14,fov1_2x_y1700x1350_z5_6000f_15.5lp_00001,14
NEAR,Vgat/0730,0.908932310196368,0.479522085223209,1.25,roi1_1.6x_x1050y1000_z100_3000f_17.5lp_00001,45,roi1_3x_x1050y1000_z100_3000f_17lp_00001,6
NEAR,Vglut2/0728,0.90886795034677,1.14236939855981,10.3125,fov1_2x_y1700x1350_z15_6000f_16lp_00001,21,fov1_2x_y1700x1350_z5_6000f_15.5lp_00002,14
NEAR,Vglut2/1124,0.908675510999214,4.08577163740873,5.3125,roi5_1400-1230-0_x4.4_15lp_6000f_00001,14,roi5_1400-1300-0_18lp_930_x4_512x512_6000f_00002,22
NEAR,Vglut2/0728,0.908344074981459,0.46750067840053,5,fov1_1.7x_y1650x1320_z35_3000f_15lp_00001,22,fov1_1.7x_y1650x1320_z40_3000f_17lp_00001,23
NEAR,Vglut2/0728,0.908200952707811,2.63873190044226,3.4375,fov1_2.1x_y1350x1310_z30_3000f_13lp_00001,7,fov1_2x_y1700x1350_z25_3000f_16lp_00001,13
NEAR,Vglut2/0728,0.908167417767299,0.421297329355166,5,fov1_2x_y1700x1350_z15_6000f_16lp_00001,32,fov1_2x_y1700x1350_z25_3000f_16lp_00001,29
NEAR,Vglut2/0728,0.907752240915464,0.616610229491199,5,fov1_2x_y1700x1350_z0_6000f_15.5lp_00001,6,fov1_2x_y1700x1350_z5_6000f_15.5lp_00001,8
NEAR,Vglut2/0728,0.907080149768065,0.977881297170779,10,fov1_1.7x_y1650x1320_z30_3000f_15lp_00001,23,fov1_2x_y1700x1350_z15_6000f_16lp_00001,20
NEAR,Vglut2/0728,0.9070348650761,0.327852809970889,6.5625,fov1_1.7x_y1650x1320_z35_3000f_15lp_00001,29,fov1_2.1x_y1350x1310_z30_3000f_13lp_00001,14
NEAR,Vgat/0730,0.906867928450552,0.22784308961928,5,roi1_2x_x1100y950_z13_6000f_13lp_00001,18,roi1_3x_x1100y950_z8_6000f_13lp_00001,13
NEAR,Vglut2/0728,0.906167605327474,0.8635724378841,5,fov1_1.7x_y1650x1320_z30_3000f_15lp_00001,15,fov1_2x_y1700x1350_z25_3000f_16lp_00001,12
NEAR,Vglut2/0728,0.905987627025432,1.04166707643068,5,fov1_1.7x_y1650x1320_z30_3000f_15lp_00001,31,fov1_2x_y1700x1350_z25_3000f_16lp_00001,28
NEAR,Vglut2/0728,0.905889080630845,1.58669378415537,5,fov1_1.7x_y1650x1320_z30_3000f_15lp_00001,4,fov1_1.7x_y1650x1320_z35_3000f_15lp_00001,5
NEAR,Vgat/0730,0.905571240645582,4.82828820888128,2.1875,roi1_1.4x_x1100y1050_z6_5000f_13lp_00001,1,roi1_3.2x_x1100y1050_z6_6000f_12lp_00001,1
NEAR,Vglut2/0728,0.905236461371498,1.10321422860125,10,fov1_1.7x_y1650x1320_z30_3000f_15lp_00001,24,fov1_1.7x_y1650x1320_z40_3000f_17lp_00001,27
NEAR,Sert/0721,0.905010235736449,2.31659860501505,10,ro1_2x_x1018y1130_z15_20lp_6000f_00001,22,ro1_2x_x1018y1130_z25_26lp_6000f_00001,1
NEAR,Vgat/0730,0.904578283249704,1.24999644666136,0,roi1_3x_x950y1200_z40_6000f_14lp_00001,8,roi1_3x_x950y1200_z40_6000f_14lp_00002,8
NEAR,Vglut2/0728,0.904347245139056,1.95955736376629,3.4375,fov1_2.1x_y1350x1310_z30_3000f_13lp_00001,20,fov1_2x_y1700x1350_z25_3000f_16lp_00001,29
NEAR,Vglut2/0728,0.904044841418365,1.47191330489692,5,fov1_2x_y1700x1350_z5_6000f_15.5lp_00001,15,fov1_2x_y1700x1350_z5_6000f_15.5lp_00002,21
NEAR,Vglut2/0728,0.903915946152514,2.34118765348147,3.4375,fov1_2.1x_y1350x1310_z30_3000f_13lp_00001,27,fov1_2x_y1700x1350_z25_3000f_16lp_00001,35
NEAR,Vglut2/0728,0.903175988779022,0.474967202106024,5,fov1_2x_y1700x1350_z15_6000f_16lp_00001,22,fov1_2x_y1700x1350_z25_3000f_16lp_00001,22
NEAR,Vgat/0730,0.903161202285267,0.126456844814104,0,roi1_3x_x950y1200_z40_6000f_14lp_00001,7,roi1_3x_x950y1200_z40_6000f_14lp_00002,7
NEAR,Vgat/0730,0.90281520337214,0.666370977030589,0,roi1_3x_x950y1200_z40_6000f_14lp_00001,4,roi1_3x_x950y1200_z40_6000f_14lp_00002,5
NEAR,Vglut2/0728,0.902010619221277,0.669453732935949,5,fov1_1.7x_y1650x1320_z35_3000f_15lp_00001,26,fov1_1.7x_y1650x1320_z40_3000f_17lp_00001,27
NEAR,Vglut2/0224/pFN,0.901324891427375,0.348408850301566,0.9375,pFN_roi1_z0_512x512_6x_2000f_00001,11,pFN_roi2_z5_25x_512x512_3x_6000f_00001,18
NEAR,Vglut2/0728,0.901275490915596,0.564514367403043,10,fov1_1.7x_y1650x1320_z30_3000f_15lp_00001,30,fov1_1.7x_y1650x1320_z40_3000f_17lp_00001,31
NEAR,Vglut2/0728,0.9010493572001,0.871802198429037,1.5625,fov1_1.7x_y1650x1320_z30_3000f_15lp_00001,7,fov1_2.1x_y1350x1310_z30_3000f_13lp_00001,3
NEAR,Vglut2/0728,0.900465351877501,1.16793066167022,5,fov1_1.7x_y1650x1320_z35_3000f_15lp_00001,27,fov1_1.7x_y1650x1320_z40_3000f_17lp_00001,28
NEAR,Vgat/0730,0.899990737021061,2.84565798591623,0.3125,roi1_3x_x1100y950_z8_6000f_13lp_00001,12,roi1_3x_x1100y950_z8_3000f_11.5lp_00001,10
NEAR,Vglut2/0728,0.899034229079834,0.39560490553377,5,fov1_1.7x_y1650x1320_z35_3000f_15lp_00001,41,fov1_1.7x_y1650x1320_z40_3000f_17lp_00001,42
NEAR,Vglut2/0728,0.898733438931764,0.907376469806928,5,fov1_1.7x_y1650x1320_z30_3000f_15lp_00001,8,fov1_1.7x_y1650x1320_z35_3000f_15lp_00001,10
NEAR,Vglut2/0728,0.898712761842537,2.07044426297133,10,fov1_1.7x_y1650x1320_z30_3000f_15lp_00001,43,fov1_2x_y1700x1350_z15_6000f_16lp_00001,44
NEAR,Vglut2/0728,0.89807691422445,1.46086792274043,5,fov1_1.7x_y1650x1320_z30_3000f_15lp_00001,35,fov1_2x_y1700x1350_z25_3000f_16lp_00001,32
NEAR,Sert/0721,0.897975574393528,0.838399675495311,5,ro1_2x_x1018y1130_z10_20lp_6000f_00001,8,ro1_2x_x1018y1130_z15_20lp_6000f_00001,9
NEAR,Vglut2/0728,0.897950269728839,0.66936711444273,5,fov1_1.7x_y1650x1320_z30_3000f_15lp_00001,32,fov1_1.7x_y1650x1320_z35_3000f_15lp_00001,34
NEAR,Sert/0721,0.897918809726475,0.725002123853103,1.875,ro1_2x_x1018y1130_z15_20lp_6000f_00001,39,ro3_2.5x_x450y1500_z-15_28.5lp_6000f_00003,7
NEAR,Vglut2/0728,0.897773428699509,0.304095939970452,5,fov1_1.7x_y1650x1320_z35_3000f_15lp_00001,33,fov1_1.7x_y1650x1320_z40_3000f_17lp_00001,32
NEAR,Sert/0721,0.89714166185788,1.00168141795249,11.875,ro5_1.6x_x1200y-400_z0_26lp_6000f_00001,21,ro6_1.6x_x1200y-700_z0_26lp_6000f_00001,25
NEAR,Vglut2/0728,0.897126979074133,1.01310637728421,5,fov1_2x_y1700x1350_z5_6000f_15.5lp_00001,12,fov1_2x_y1700x1350_z5_6000f_15.5lp_00002,17
NEAR,Sert/0721,0.896708797965425,1.05262097504514,1.5625,ro7_1.6x_x1000y-1000_z0_26lp_6000f_00001,14,roi7_1.8x_x-1000-1000_z0_16lp_3000f_00001,14
NEAR,Vgat/0730,0.896283350695597,1.94781765432164,1.25,roi1_1.6x_x1050y1000_z100_3000f_17.5lp_00001,53,roi1_3x_x1050y1000_z100_3000f_17lp_00001,11
NEAR,Sert/0721,0.896143431148305,1.15658734231959,0.9375,ro1_2x_x1018y1130_z10_20lp_6000f_00001,7,ro3_4x_x700y-1233_z-10_24.5lp_6000f_00001,3
NEAR,Sert/0721,0.895704666642476,0.716473554769555,5,ro1_2x_x1018y1130_z10_20lp_6000f_00001,9,ro1_2x_x1018y1130_z15_20lp_6000f_00001,10
NEAR,Sert/0721,0.895660032971773,0.872602733734247,5.9375,ro1_2x_x1018y1130_z15_20lp_6000f_00001,10,ro3_4x_x700y-1233_z-10_24.5lp_6000f_00001,5
NEAR,Vgat/0730,0.895588279864532,1.58851355621958,2.1875,roi1_1.4x_x1100y1050_z6_5000f_13lp_00001,4,roi1_3.2x_x1100y1050_z6_6000f_12lp_00001,5
NEAR,Vglut2/0728,0.895440754991629,1.1573798580737,5,fov1_1.7x_y1650x1320_z30_3000f_15lp_00001,33,fov1_2x_y1700x1350_z25_3000f_16lp_00001,30
NEAR,Vglut2/0728,0.895189840969005,2.17023371556034,10,fov1_1.7x_y1650x1320_z30_3000f_15lp_00001,8,fov1_2x_y1700x1350_z15_6000f_16lp_00001,7
NEAR,Vglut2/0728,0.894779277469042,2.04476989020133,10.3125,fov1_2x_y1700x1350_z15_6000f_16lp_00001,43,fov1_2x_y1700x1350_z5_6000f_15.5lp_00002,22
NEAR,Vgat/0730,0.894766640128614,1.91836428075691,1.25,roi1_1.6x_x1050y1000_z100_3000f_17.5lp_00001,38,roi1_3x_x1050y1000_z100_3000f_17lp_00001,2
NEAR,Vglut2/0728,0.894736035838857,0.698063960322487,5,fov1_2x_y1700x1350_z0_6000f_15.5lp_00001,8,fov1_2x_y1700x1350_z5_6000f_15.5lp_00001,10
NEAR,Vglut2/0728,0.893393063019266,0.44997364999744,5,fov1_2x_y1700x1350_z15_6000f_16lp_00001,44,fov1_2x_y1700x1350_z25_3000f_16lp_00001,43
NEAR,Vgat/0730,0.893327428518925,0.455546926530572,5.625,roi2_1.5x_x1050y2250_z35_2000f_8lp_00001,30,roi2_1.6x_x1050y2250_z50_2000f_10.5lp_00001,24
NEAR,Sert/0721,0.892852733153381,0.715173872055072,1.5625,ro7_1.6x_x1000y-1000_z0_26lp_6000f_00001,6,roi7_1.8x_x-1000-1000_z0_16lp_3000f_00001,6
NEAR,Vglut2/0728,0.891990387470656,0.895846533161198,5,fov1_1.7x_y1650x1320_z35_3000f_15lp_00001,3,fov1_1.7x_y1650x1320_z40_3000f_17lp_00001,3
NEAR,Vgat/0730,0.891849604680145,0.834095401367408,1.25,roi1_1.6x_x1050y1000_z100_3000f_17.5lp_00001,46,roi1_3x_x1050y1000_z100_3000f_17lp_00001,8
NEAR,Vglut2/0728,0.891677789705501,2.03486788629772,5,fov1_1.7x_y1650x1320_z30_3000f_15lp_00001,18,fov1_2x_y1700x1350_z25_3000f_16lp_00001,13
NEAR,Vglut2/0728,0.891051756843398,0.145778920988494,5,fov1_2x_y1700x1350_z15_6000f_17.5lp_00001,7,fov1_2x_y1700x1350_z5_6000f_15.5lp_00002,10
NEAR,Sert/0721,0.89091881539844,1.1629097461662,1.5625,ro7_1.6x_x1000y-1000_z0_26lp_6000f_00001,28,roi7_1.8x_x-1000-1000_z0_16lp_3000f_00001,26
NEAR,Vglut2/0728,0.890593604977925,1.25036157808586,5,fov1_2x_y1700x1350_z15_6000f_16lp_00001,16,fov1_2x_y1700x1350_z25_3000f_16lp_00001,16
NEAR,Sert/0721,0.890147874294137,0.763456803693243,5.9375,ro1_2x_x1018y1130_z15_20lp_6000f_00001,16,ro3_4x_x700y-1233_z-10_24.5lp_6000f_00001,12
NEAR,Vglut2/0728,0.889638407648679,0.65860830430553,5,fov1_2x_y1700x1350_z5_6000f_15.5lp_00001,14,fov1_2x_y1700x1350_z5_6000f_15.5lp_00002,20
NEAR,Vglut2/0728,0.889189530097122,0.635003669966233,10.3125,fov1_2x_y1700x1350_z15_6000f_17.5lp_00001,2,fov1_2x_y1700x1350_z25_3000f_16lp_00001,6
NEAR,Vglut2/0728,0.888958719099293,2.1478426600437,10,fov1_2x_y1700x1350_z0_6000f_15.5lp_00001,16,fov1_2x_y1700x1350_z5_6000f_15.5lp_00002,21
NEAR,Vglut2/0728,0.888882576022268,1.80552143833911,3.4375,fov1_2.1x_y1350x1310_z30_3000f_13lp_00001,17,fov1_2x_y1700x1350_z25_3000f_16lp_00001,26
NEAR,Vglut2/0728,0.88803257114018,0.54697510736656,5,fov1_2x_y1700x1350_z5_6000f_15.5lp_00001,2,fov1_2x_y1700x1350_z5_6000f_15.5lp_00002,7
NEAR,Vglut2/0728,0.887703729869806,2.61894676958571,8.4375,fov1_2.1x_y1350x1310_z30_3000f_13lp_00001,4,fov1_2x_y1700x1350_z15_6000f_16lp_00001,7
NEAR,Vgat/0730,0.887474069081596,0.379792383471327,0,roi1_3x_x950y1200_z40_6000f_14lp_00001,12,roi1_3x_x950y1200_z40_6000f_14lp_00002,10
NEAR,Vglut2/0728,0.886731216768413,0.313767015384031,5,fov1_1.7x_y1650x1320_z35_3000f_15lp_00001,24,fov1_1.7x_y1650x1320_z40_3000f_17lp_00001,24
NEAR,Vglut2/0224/pFN,0.886210881653016,1.64336446502635,0.9375,pFN_roi1_z0_512x512_6x_2000f_00001,8,pFN_roi2_z5_25x_512x512_3x_6000f_00001,14
NEAR,Vglut2/0728,0.885989683461901,1.01885083390625,5,fov1_1.7x_y1650x1320_z30_3000f_15lp_00001,48,fov1_2x_y1700x1350_z25_3000f_16lp_00001,47
NEAR,Vglut2/0728,0.885970270742359,0.923279005207347,1.5625,fov1_1.7x_y1650x1320_z30_3000f_15lp_00001,39,fov1_2.1x_y1350x1310_z30_3000f_13lp_00001,30
NEAR,Vglut2/0728,0.885117037428179,1.50725892227126,10.3125,fov1_2x_y1700x1350_z15_6000f_17.5lp_00001,14,fov1_2x_y1700x1350_z25_3000f_16lp_00001,19
NEAR,Vglut2/0224/pFN,0.885104470740764,0.93832410809539,0.9375,pFN_roi1_z0_512x512_6x_2000f_00001,7,pFN_roi2_z5_25x_512x512_3x_6000f_00001,12
NEAR,Vglut2/0728,0.88431520180498,0.91645473812102,8.4375,fov1_2.1x_y1350x1310_z30_3000f_13lp_00001,23,fov1_2x_y1700x1350_z15_6000f_16lp_00001,35
NEAR,Vgat/0730,0.883679393540602,0.734075813302362,5.625,roi2_1.5x_x1050y2250_z35_2000f_8lp_00001,16,roi2_1.6x_x1050y2250_z50_2000f_10.5lp_00001,15
NEAR,Vglut2/0728,0.883046359985588,1.44507118644018,6.5625,fov1_1.7x_y1650x1320_z35_3000f_15lp_00001,10,fov1_2.1x_y1350x1310_z30_3000f_13lp_00001,4
NEAR,Vglut2/0728,0.88273782079749,0.779524959038163,5,fov1_2x_y1700x1350_z15_6000f_16lp_00001,15,fov1_2x_y1700x1350_z25_3000f_16lp_00001,13
NEAR,Vglut2/0728,0.881905853245497,2.20210200502236,10.3125,fov1_2x_y1700x1350_z15_6000f_16lp_00001,38,fov1_2x_y1700x1350_z5_6000f_15.5lp_00002,20
NEAR,Sert/0721,0.881392206884358,2.06103308062296,1.5625,ro7_1.6x_x1000y-1000_z0_26lp_6000f_00001,31,roi7_1.8x_x-1000-1000_z0_16lp_3000f_00001,29
NEAR,Sert/0721,0.881348050025254,0.177005331906597,1.875,ro1_2x_x1018y1130_z15_20lp_6000f_00001,46,ro3_2.5x_x450y1500_z-15_28.5lp_6000f_00003,14
NEAR,Vglut2/0728,0.881297804162753,1.49405976470579,5,fov1_2x_y1700x1350_z0_6000f_15.5lp_00001,4,fov1_2x_y1700x1350_z5_6000f_15.5lp_00001,4
NEAR,Vglut2/0728,0.88102657189972,1.75601911982816,10.3125,fov1_2x_y1700x1350_z15_6000f_16lp_00001,19,fov1_2x_y1700x1350_z5_6000f_15.5lp_00002,13
NEAR,Vglut2/0728,0.880853659333429,0.480153072658762,5,fov1_2x_y1700x1350_z15_6000f_16lp_00001,17,fov1_2x_y1700x1350_z25_3000f_16lp_00001,15
NEAR,Vglut2/0728,0.880823876804279,0.653250950700383,6.5625,fov1_1.7x_y1650x1320_z35_3000f_15lp_00001,41,fov1_2.1x_y1350x1310_z30_3000f_13lp_00001,29
NEAR,Sert/0721,0.880616659201757,1.37397736947298,1.5625,ro7_1.6x_x1000y-1000_z0_26lp_6000f_00001,33,roi7_1.8x_x-1000-1000_z0_16lp_3000f_00001,32
NEAR,Vglut2/0728,0.880514196847633,0.35648397374607,10,fov1_1.7x_y1650x1320_z30_3000f_15lp_00001,39,fov1_1.7x_y1650x1320_z40_3000f_17lp_00001,41
NEAR,Vglut2/0728,0.879983605637419,0.615491697474092,5,fov1_1.7x_y1650x1320_z35_3000f_15lp_00001,34,fov1_1.7x_y1650x1320_z40_3000f_17lp_00001,33
NEAR,Sert/0721,0.878947845677468,1.10018588721465,5,ro1_2x_x1018y1130_z10_20lp_6000f_00001,5,ro1_2x_x1018y1130_z15_20lp_6000f_00001,4
NEAR,Vglut2/0728,0.878554506383197,4.39469490727134,3.4375,fov1_2.1x_y1350x1310_z30_3000f_13lp_00001,1,fov1_2x_y1700x1350_z25_3000f_16lp_00001,3
NEAR,Vglut2/0728,0.878175429287796,1.86197666388011,10.3125,fov1_2x_y1700x1350_z15_6000f_17.5lp_00001,19,fov1_2x_y1700x1350_z25_3000f_16lp_00001,27
NEAR,Vglut2/0728,0.878006743331042,0.756377950947085,5,fov1_1.7x_y1650x1320_z35_3000f_15lp_00001,47,fov1_1.7x_y1650x1320_z40_3000f_17lp_00001,53
NEAR,Vglut2/0728,0.877385423910114,1.27414295306272,5,fov1_1.7x_y1650x1320_z35_3000f_15lp_00001,37,fov1_1.7x_y1650x1320_z40_3000f_17lp_00001,37
NEAR,Vglut2/0728,0.876761841387335,1.68472713438476,5.625,roi2_4x_y2000x1400_z-15_6000f_17.5lp_00001,5,roi2_4x_y2000x1400_z-20_6000f_21lp_00001,5
NEAR,Sert/0721,0.876415771602594,0.979992624394261,0.9375,ro1_2x_x1018y1130_z10_20lp_6000f_00001,11,ro3_4x_x700y-1233_z-10_24.5lp_6000f_00001,7
NEAR,Vglut2/0728,0.876259194801275,1.97623240132627,10.3125,fov1_2x_y1700x1350_z15_6000f_17.5lp_00001,18,fov1_2x_y1700x1350_z25_3000f_16lp_00001,26
NEAR,Vglut2/0728,0.875906434964978,1.02488699146851,5,fov1_1.7x_y1650x1320_z30_3000f_15lp_00001,24,fov1_1.7x_y1650x1320_z35_3000f_15lp_00001,26
NEAR,Vglut2/0728,0.875620142238568,1.42619049463019,5.3125,fov1_2x_y1700x1350_z15_6000f_16lp_00001,36,fov1_2x_y1700x1350_z15_6000f_17.5lp_00001,24
NEAR,Vglut2/0728,0.875055941495545,2.3580568749205,3.4375,fov1_2.1x_y1350x1310_z30_3000f_13lp_00001,10,fov1_2x_y1700x1350_z25_3000f_16lp_00001,18
NEAR,Vglut2/0728,0.874872886907115,0.541249230870549,10,fov1_2x_y1700x1350_z15_6000f_17.5lp_00001,7,fov1_2x_y1700x1350_z5_6000f_15.5lp_00001,4
NEAR,Vgat/0730,0.874775167886969,3.38472514795235,8.125,roi1_1.4x_x1100y1050_z6_5000f_13lp_00001,14,roi1_1.2x_x1100y1050_z0_5000f_14lp_00001,11
NEAR,Vgat/0730,0.874724480664089,0.639159125481628,5.625,roi2_1.5x_x1050y2250_z35_2000f_8lp_00001,17,roi2_1.6x_x1050y2250_z50_2000f_10.5lp_00001,16
NEAR,Sert/0721,0.874518237339934,0.637638350669258,5,ro1_2x_x1018y1130_z10_20lp_6000f_00001,6,ro1_2x_x1018y1130_z15_20lp_6000f_00001,6
NEAR,Vglut2/0728,0.874196564708563,1.52023337988607,5,fov1_2x_y1700x1350_z5_6000f_15.5lp_00001,8,fov1_2x_y1700x1350_z5_6000f_15.5lp_00002,14
NEAR,Vglut2/0728,0.873512946168862,0.0409674421459575,10,fov1_2x_y1700x1350_z0_6000f_15.5lp_00001,19,fov1_2x_y1700x1350_z5_6000f_15.5lp_00002,22
NEAR,Vglut2/0728,0.873455191324072,1.60654463059338,5,fov1_2x_y1700x1350_z0_6000f_15.5lp_00001,11,fov1_2x_y1700x1350_z5_6000f_15.5lp_00001,13
NEAR,Vglut2/0728,0.872985857083061,0.892201042794021,6.5625,fov1_1.7x_y1650x1320_z35_3000f_15lp_00001,47,fov1_2.1x_y1350x1310_z30_3000f_13lp_00001,39
NEAR,Vglut2/0728,0.87265836531174,1.55681663194433,5,fov1_1.7x_y1650x1320_z30_3000f_15lp_00001,38,fov1_1.7x_y1650x1320_z35_3000f_15lp_00001,39
NEAR,Sert/0721,0.872236275823029,1.39442165946663,5,ro1_2x_x1018y1130_z10_20lp_6000f_00001,42,ro1_2x_x1018y1130_z15_20lp_6000f_00001,44
NEAR,Vglut2/0728,0.872186522727545,0.855980472352931,5.3125,fov1_2x_y1700x1350_z15_6000f_16lp_00001,26,fov1_2x_y1700x1350_z15_6000f_17.5lp_00001,17
NEAR,Vglut2/0728,0.872181724942586,0.356754457555291,5,fov1_1.7x_y1650x1320_z35_3000f_15lp_00001,50,fov1_1.7x_y1650x1320_z40_3000f_17lp_00001,57
NEAR,Vglut2/1124,0.872180453000841,2.55988159441225,5.3125,roi5_1400-1230-0_x4.4_15lp_6000f_00001,11,roi5_1400-1300-0_18lp_930_x4_512x512_6000f_00002,18
NEAR,Vglut2/0728,0.872090146435091,0.181183958621514,5,fov1_1.7x_y1650x1320_z30_3000f_15lp_00001,43,fov1_1.7x_y1650x1320_z35_3000f_15lp_00001,46
NEAR,Vglut2/0728,0.871929069042684,0.0976425787278125,5,fov1_2x_y1700x1350_z0_6000f_15.5lp_00001,10,fov1_2x_y1700x1350_z5_6000f_15.5lp_00001,12
NEAR,Vglut2/0728,0.871361329798129,2.43126012141098,10,fov1_1.7x_y1650x1320_z35_3000f_15lp_00001,10,fov1_2x_y1700x1350_z25_3000f_16lp_00001,7
NEAR,Vglut2/0728,0.871353708518939,0.224937755427173,5,fov1_2x_y1700x1350_z15_6000f_16lp_00001,33,fov1_2x_y1700x1350_z25_3000f_16lp_00001,30
NEAR,Vglut2/0728,0.871282110778318,1.3322668403986,5,fov1_1.7x_y1650x1320_z30_3000f_15lp_00001,32,fov1_2x_y1700x1350_z25_3000f_16lp_00001,29
NEAR,Vglut2/0728,0.870946100399162,1.15411878470377,11.5625,fov1_1.7x_y1650x1320_z40_3000f_17lp_00001,31,fov1_2.1x_y1350x1310_z30_3000f_13lp_00001,18
NEAR,Vglut2/0728,0.869656875126033,0.861216156228936,5.3125,fov1_2x_y1700x1350_z15_6000f_16lp_00001,7,fov1_2x_y1700x1350_z15_6000f_17.5lp_00001,3
NEAR,Sert/0721,0.869601603021673,0.854939938030304,5,ro1_2x_x1018y1130_z10_20lp_6000f_00001,17,ro1_2x_x1018y1130_z15_20lp_6000f_00001,16
NEAR,Vglut2/0728,0.869496856316251,1.08108893084239,10.3125,fov1_2x_y1700x1350_z15_6000f_16lp_00001,6,fov1_2x_y1700x1350_z5_6000f_15.5lp_00002,5
FAR,Vglut2/1124,0.869066170345534,117.382138753543,20,roi3_-1000-300-40_32lp_930_x1.4_256x512_3000f_00001,36,roi3_-1000-300-60_38lp_930_x1.4_256x512_3000f_00001,49
NEAR,Vgat/0730,0.868486700125783,1.45343078083095,5.625,roi2_1.5x_x1050y2250_z35_2000f_8lp_00001,4,roi2_1.6x_x1050y2250_z50_2000f_10.5lp_00001,4
NEAR,Sert/0721,0.867385933488666,0.0234049782098843,1.875,ro1_2x_x1018y1130_z15_20lp_6000f_00001,32,ro3_2.5x_x450y1500_z-15_28.5lp_6000f_00003,5
NEAR,Vglut2/1124,0.86679335819704,1.61077695388014,5.3125,roi5_1400-1230-0_x4.4_15lp_6000f_00001,4,roi5_1400-1300-0_18lp_930_x4_512x512_6000f_00002,11
NEAR,Vglut2/0728,0.866608160616121,1.66621041689924,3.4375,fov1_2.1x_y1350x1310_z30_3000f_13lp_00001,18,fov1_2x_y1700x1350_z25_3000f_16lp_00001,27
NEAR,Vglut2/0728,0.866044566118473,3.05710584906022,15,fov1_1.7x_y1650x1320_z35_3000f_15lp_00001,10,fov1_2x_y1700x1350_z15_6000f_16lp_00001,7
NEAR,Vglut2/0728,0.865655385606792,0.617788213396064,5,fov1_2x_y1700x1350_z15_6000f_17.5lp_00001,24,fov1_2x_y1700x1350_z5_6000f_15.5lp_00002,17
NEAR,Vglut2/0728,0.865623815198803,1.52601404442562,5,fov1_1.7x_y1650x1320_z30_3000f_15lp_00001,21,fov1_1.7x_y1650x1320_z35_3000f_15lp_00001,25
NEAR,Vglut2/0728,0.864592005956676,0.977350642312194,5,fov1_2x_y1700x1350_z15_6000f_16lp_00001,5,fov1_2x_y1700x1350_z25_3000f_16lp_00001,5
FAR,Vglut2/1124,0.864526552513039,122.459303713153,20,roi3_-1000-300-40_32lp_930_x1.4_256x512_3000f_00001,40,roi3_-1000-300-60_38lp_930_x1.4_256x512_3000f_00001,49
NEAR,Sert/0721,0.86449549122974,0.481516025798174,0.9375,ro1_2x_x1018y1130_z10_20lp_6000f_00001,27,ro3_4x_x700y-1233_z-10_24.5lp_6000f_00001,22
NEAR,Vglut2/0728,0.864188090218766,0.903858309253618,5,fov1_1.7x_y1650x1320_z30_3000f_15lp_00001,20,fov1_1.7x_y1650x1320_z35_3000f_15lp_00001,22
FAR,Vglut2/1124,0.863578686985012,120.112073832864,20,roi3_-1000-300-40_32lp_930_x1.4_256x512_3000f_00001,61,roi3_-1000-300-60_38lp_930_x1.4_256x512_3000f_00001,110
NEAR,Vglut2/0728,0.863236374566476,1.81483260815938,5,fov1_1.7x_y1650x1320_z30_3000f_15lp_00001,21,fov1_2x_y1700x1350_z25_3000f_16lp_00001,18
NEAR,Vglut2/0728,0.863012080459161,0.957370718056821,10,fov1_1.7x_y1650x1320_z30_3000f_15lp_00001,31,fov1_2x_y1700x1350_z15_6000f_16lp_00001,30
NEAR,Sert/0721,0.862943201774413,1.09797797770945,0.9375,ro1_2x_x1018y1130_z10_20lp_6000f_00001,22,ro3_4x_x700y-1233_z-10_24.5lp_6000f_00001,19
NEAR,Vglut2/0728,0.862835907303325,0.733168268991719,10,fov1_1.7x_y1650x1320_z30_3000f_15lp_00001,38,fov1_2x_y1700x1350_z15_6000f_16lp_00001,37
NEAR,Vglut2/0728,0.862733564642257,1.46646611911158,6.5625,fov1_1.7x_y1650x1320_z35_3000f_15lp_00001,22,fov1_2.1x_y1350x1310_z30_3000f_13lp_00001,8
NEAR,Vglut2/0728,0.862574223306242,0.819417653754599,10,fov1_2x_y1700x1350_z15_6000f_17.5lp_00001,28,fov1_2x_y1700x1350_z5_6000f_15.5lp_00001,14
NEAR,Vglut2/0728,0.86214011211825,1.37841370482693,15,fov1_1.7x_y1650x1320_z40_3000f_17lp_00001,31,fov1_2x_y1700x1350_z25_3000f_16lp_00001,27
FAR,Vglut2/0728,0.862050844266869,118.0266634828,15,fov1_1.7x_y1650x1320_z40_3000f_17lp_00001,8,fov1_2x_y1700x1350_z25_3000f_16lp_00001,15
NEAR,Vglut2/0728,0.861786661821777,1.6842120132393,10,fov1_1.7x_y1650x1320_z35_3000f_15lp_00001,41,fov1_2x_y1700x1350_z25_3000f_16lp_00001,37
NEAR,Vglut2/0728,0.861492845414971,2.2821287785777,15,fov1_1.7x_y1650x1320_z40_3000f_17lp_00001,27,fov1_2x_y1700x1350_z25_3000f_16lp_00001,19
NEAR,Vglut2/0728,0.861124807929367,0.984745739350847,6.5625,fov1_1.7x_y1650x1320_z35_3000f_15lp_00001,25,fov1_2.1x_y1350x1310_z30_3000f_13lp_00001,10
NEAR,Vglut2/0728,0.860569767564209,2.47298817681576,10,fov1_1.7x_y1650x1320_z30_3000f_15lp_00001,18,fov1_2x_y1700x1350_z15_6000f_16lp_00001,15
NEAR,Vglut2/0728,0.859870071946746,0.707833123075984,10,fov1_1.7x_y1650x1320_z30_3000f_15lp_00001,34,fov1_2x_y1700x1350_z15_6000f_16lp_00001,35
NEAR,Sert/0721,0.859094520954376,1.32390377932593,5,ro1_2x_x1018y1130_z10_20lp_6000f_00001,12,ro1_2x_x1018y1130_z15_20lp_6000f_00001,13
NEAR,Vglut2/0728,0.858206939266555,1.83757688617764,5.3125,fov1_2x_y1700x1350_z15_6000f_16lp_00001,32,fov1_2x_y1700x1350_z15_6000f_17.5lp_00001,22
NEAR,Vglut2/0728,0.85792073792321,0.762440018496544,8.4375,fov1_2.1x_y1350x1310_z30_3000f_13lp_00001,19,fov1_2x_y1700x1350_z15_6000f_16lp_00001,30
NEAR,Vglut2/0728,0.857805408956708,2.15207149769209,10,fov1_1.7x_y1650x1320_z30_3000f_15lp_00001,4,fov1_1.7x_y1650x1320_z40_3000f_17lp_00001,5
NEAR,Vglut2/0728,0.857526005800684,2.51425136985828,3.4375,fov1_2.1x_y1350x1310_z30_3000f_13lp_00001,3,fov1_2x_y1700x1350_z25_3000f_16lp_00001,6
FAR,Vgat/0730,0.856514636315076,103.897357040333,18.125,roi2_1.6x_x1050y2250_z63_2000f_11.5lp_00001,58,roi2_2.2x_x1050y2250_z80_2000f_11.5lp_00001,44
NEAR,Vglut2/0728,0.856299913219882,1.80026310357561,8.4375,fov1_2.1x_y1350x1310_z30_3000f_13lp_00001,18,fov1_2x_y1700x1350_z15_6000f_16lp_00001,28
NEAR,Vgat/0730,0.856263776458071,1.75215673004513,5.625,roi2_1.5x_x1050y2250_z35_2000f_8lp_00001,10,roi2_1.6x_x1050y2250_z50_2000f_10.5lp_00001,10
NEAR,Vglut2/0728,0.856186760093514,4.45235135587249,5,fov1_1.7x_y1650x1320_z30_3000f_15lp_00001,3,fov1_2x_y1700x1350_z25_3000f_16lp_00001,3
NEAR,Vglut2/0728,0.855243747925195,2.19750884646833,8.4375,fov1_2.1x_y1350x1310_z30_3000f_13lp_00001,27,fov1_2x_y1700x1350_z15_6000f_16lp_00001,37
NEAR,Vgat/0730,0.85520134117585,0.232615282851446,5,roi1_2x_x1100y950_z13_6000f_13lp_00001,10,roi1_3x_x1100y950_z8_6000f_13lp_00001,5
NEAR,Vglut2/0728,0.855036461981774,0.502849422963582,15,fov1_2x_y1700x1350_z0_6000f_15.5lp_00001,19,fov1_2x_y1700x1350_z15_6000f_17.5lp_00001,32
NEAR,Vglut2/0728,0.854990145687643,1.15659328706771,5.3125,fov1_2x_y1700x1350_z15_6000f_16lp_00001,16,fov1_2x_y1700x1350_z15_6000f_17.5lp_00001,11
NEAR,Vglut2/0728,0.853231596234769,0.53969698950412,5,fov1_2x_y1700x1350_z5_6000f_15.5lp_00001,5,fov1_2x_y1700x1350_z5_6000f_15.5lp_00002,11
FAR,Vglut2/0728,0.85298935652179,143.469668992279,5,roi2_1.6x_y1400x1600_z5_3000f_16lp_00001,2,roi2_2x_y1400x1550_z0_3000f_15lp_00001,5
NEAR,Sert/0721,0.852917299148632,1.47877543116078,1.5625,ro7_1.6x_x1000y-1000_z0_26lp_6000f_00001,18,roi7_1.8x_x-1000-1000_z0_16lp_3000f_00001,17
NEAR,Vglut2/0728,0.852861087391992,2.15948859172238,3.4375,fov1_2.1x_y1350x1310_z30_3000f_13lp_00001,39,fov1_2x_y1700x1350_z25_3000f_16lp_00001,45
NEAR,Sert/0721,0.852622099377284,1.34795055160512,11.875,ro5_1.6x_x1200y-400_z0_26lp_6000f_00001,19,ro6_1.6x_x1200y-700_z0_26lp_6000f_00001,23
NEAR,Vglut2/0728,0.852407036876052,1.11077712376517,10,fov1_2x_y1700x1350_z15_6000f_17.5lp_00001,24,fov1_2x_y1700x1350_z5_6000f_15.5lp_00001,12
NEAR,Vglut2/0728,0.852111459184824,1.38867458321319,10,fov1_2x_y1700x1350_z15_6000f_17.5lp_00001,23,fov1_2x_y1700x1350_z5_6000f_15.5lp_00001,10
NEAR,Vglut2/0728,0.850913500610779,3.32102236569901,8.4375,fov1_2.1x_y1350x1310_z30_3000f_13lp_00001,7,fov1_2x_y1700x1350_z15_6000f_16lp_00001,15
FAR,Sert/0721,0.850430675548204,11.056059653789,11.875,ro5_1.6x_x1200y-400_z0_26lp_6000f_00001,2,ro6_1.6x_x1200y-700_z0_26lp_6000f_00001,6
FAR,Sert/0721,0.849744290096129,7.52495835364392,11.875,ro5_1.6x_x1200y-400_z0_26lp_6000f_00001,61,ro6_1.6x_x1200y-700_z0_26lp_6000f_00001,41
NEAR,Vglut2/0728,0.849443883057274,2.28378885119605,3.4375,fov1_2.1x_y1350x1310_z30_3000f_13lp_00001,8,fov1_2x_y1700x1350_z25_3000f_16lp_00001,16
NEAR,Vglut2/0728,0.849320623368046,1.52477256734151,10,fov1_2x_y1700x1350_z0_6000f_15.5lp_00001,8,fov1_2x_y1700x1350_z5_6000f_15.5lp_00002,15
NEAR,Vglut2/0728,0.8490233812603,0.778675744628183,5,fov1_2x_y1700x1350_z5_6000f_15.5lp_00001,6,fov1_2x_y1700x1350_z5_6000f_15.5lp_00002,12
NEAR,Vglut2/0728,0.847919560938726,1.53718698434319,5,fov1_1.7x_y1650x1320_z35_3000f_15lp_00001,42,fov1_1.7x_y1650x1320_z40_3000f_17lp_00001,43
NEAR,Vglut2/0728,0.847760550196042,1.77620560161622,5,fov1_1.7x_y1650x1320_z30_3000f_15lp_00001,20,fov1_2x_y1700x1350_z25_3000f_16lp_00001,16
NEAR,Vglut2/0728,0.847432500909213,1.09531344897567,5,fov1_1.7x_y1650x1320_z30_3000f_15lp_00001,30,fov1_2x_y1700x1350_z25_3000f_16lp_00001,27
NEAR,Vglut2/0728,0.847426640991023,1.28248076166037,10.3125,fov1_2x_y1700x1350_z15_6000f_17.5lp_00001,34,fov1_2x_y1700x1350_z25_3000f_16lp_00001,43
NEAR,Vglut2/0728,0.847399797236684,1.65567001665761,10,fov1_1.7x_y1650x1320_z35_3000f_15lp_00001,39,fov1_2x_y1700x1350_z25_3000f_16lp_00001,35
NEAR,Vglut2/0728,0.847340087618234,0.390297365419478,5,fov1_2x_y1700x1350_z15_6000f_17.5lp_00001,27,fov1_2x_y1700x1350_z5_6000f_15.5lp_00002,18
NEAR,Sert/0721,0.847262735862717,1.02463712264532,1.5625,ro7_1.6x_x1000y-1000_z0_26lp_6000f_00001,3,roi7_1.8x_x-1000-1000_z0_16lp_3000f_00001,3
FAR,Vglut2/1124,0.847096196536115,92.987480024766,20,roi3_-1000-300-40_32lp_930_x1.4_256x512_3000f_00001,80,roi3_-1000-300-60_38lp_930_x1.4_256x512_3000f_00001,127
NEAR,Vglut2/0728,0.847032087308039,1.52080924017445,6.5625,fov1_1.7x_y1650x1320_z35_3000f_15lp_00001,32,fov1_2.1x_y1350x1310_z30_3000f_13lp_00001,18
NEAR,Vglut2/0728,0.846570205414776,0.595005630740731,5,fov1_1.7x_y1650x1320_z30_3000f_15lp_00001,31,fov1_1.7x_y1650x1320_z35_3000f_15lp_00001,33
NEAR,Vglut2/0728,0.84601623970192,0.929008965047616,10,fov1_2x_y1700x1350_z0_6000f_15.5lp_00001,6,fov1_2x_y1700x1350_z5_6000f_15.5lp_00002,14
NEAR,Vglut2/0728,0.845771820182099,0.693476857548524,6.5625,fov1_1.7x_y1650x1320_z35_3000f_15lp_00001,34,fov1_2.1x_y1350x1310_z30_3000f_13lp_00001,20
NEAR,Vglut2/0728,0.844394117873985,1.96670722191074,5,fov1_1.7x_y1650x1320_z35_3000f_15lp_00001,23,fov1_1.7x_y1650x1320_z40_3000f_17lp_00001,26
FAR,Vglut2/0728,0.84365832185123,39.0827522868329,5,fov1_2x_y1700x1350_z5_6000f_15.5lp_00001,10,fov1_2x_y1700x1350_z5_6000f_15.5lp_00002,20
NEAR,Vglut2/0728,0.843453829618482,0.793585727812123,5,fov1_2x_y1700x1350_z15_6000f_17.5lp_00001,1,fov1_2x_y1700x1350_z5_6000f_15.5lp_00002,4
NEAR,Vglut2/0728,0.843437046900742,0.462178913597035,5,fov1_1.7x_y1650x1320_z30_3000f_15lp_00001,22,fov1_1.7x_y1650x1320_z35_3000f_15lp_00001,24
NEAR,Vgat/0730,0.843228019356861,3.57601752092548,0.3125,roi1_3x_x1100y950_z8_6000f_13lp_00001,8,roi1_3x_x1100y950_z8_3000f_11.5lp_00001,9
FAR,Vgat/0730,0.843024949340932,115.55152538368,38.75,roi2_1.5x_x1050y2250_z35_2000f_8lp_00001,16,roi2_2.2x_x1050y2250_z80_2000f_11.5lp_00001,52
NEAR,Vglut2/0728,0.842836462049706,1.42473026949145,5.625,roi2_4x_y2000x1400_z-15_6000f_17.5lp_00001,4,roi2_4x_y2000x1400_z-20_6000f_21lp_00001,4
NEAR,Vglut2/0728,0.842244205309332,0.78109330187924,5.3125,fov1_2x_y1700x1350_z15_6000f_16lp_00001,37,fov1_2x_y1700x1350_z15_6000f_17.5lp_00001,26
NEAR,Vglut2/0728,0.840426641587977,1.86219548712757,3.4375,fov1_2.1x_y1350x1310_z30_3000f_13lp_00001,6,fov1_2x_y1700x1350_z25_3000f_16lp_00001,11
FAR,Vglut2/0728,0.840025764241339,41.0551519339509,5,roi2_1.6x_y1400x1600_z5_3000f_16lp_00001,8,roi2_2x_y1400x1550_z0_3000f_15lp_00001,5
NEAR,Vglut2/0728,0.839851323947754,0.403785480191485,10.3125,fov1_2x_y1700x1350_z15_6000f_17.5lp_00001,3,fov1_2x_y1700x1350_z25_3000f_16lp_00001,7
NEAR,Vglut2/0728,0.83943072984963,0.0950645427053302,10,fov1_2x_y1700x1350_z15_6000f_17.5lp_00001,6,fov1_2x_y1700x1350_z5_6000f_15.5lp_00001,3
NEAR,Sert/0721,0.83910886892348,2.95720185704486,10,ro1_2x_x1018y1130_z15_20lp_6000f_00001,41,ro1_2x_x1018y1130_z25_26lp_6000f_00001,6
NEAR,Vglut2/0728,0.838885373253514,1.11532648162491,10,fov1_2x_y1700x1350_z0_6000f_15.5lp_00001,14,fov1_2x_y1700x1350_z5_6000f_15.5lp_00002,20
NEAR,Vglut2/0728,0.838422258401722,1.58610934028944,5,fov1_1.7x_y1650x1320_z30_3000f_15lp_00001,12,fov1_2x_y1700x1350_z25_3000f_16lp_00001,11
NEAR,Vgat/0730,0.838062774666001,2.14144319053193,10.3125,roi1_2.4x_x950y1000_z85_6000f_14.5lp_00001,36,roi1_3x_x950y1000_z70_6000f_15lp_00001,31
FAR,Vglut2/0728,0.837678411359526,121.764014679078,10.3125,fov1_2x_y1700x1350_z15_6000f_16lp_00001,21,fov1_2x_y1700x1350_z5_6000f_15.5lp_00002,15
NEAR,Vgat/0730,0.83721991130577,2.885344389028,10.3125,roi1_3.2x_x1100y1050_z6_6000f_12lp_00001,5,roi1_1.2x_x1100y1050_z0_5000f_14lp_00001,5
NEAR,Vglut2/0728,0.83716019677733,1.41509186114085,5,fov1_1.7x_y1650x1320_z30_3000f_15lp_00001,17,fov1_1.7x_y1650x1320_z35_3000f_15lp_00001,20
NEAR,Vglut2/0728,0.83715016001129,1.88074145510853,10.3125,fov1_2x_y1700x1350_z15_6000f_16lp_00001,36,fov1_2x_y1700x1350_z5_6000f_15.5lp_00002,17
FAR,Sert/0721,0.836959234614514,118.28487197787,11.875,ro5_1.6x_x1200y-400_z0_26lp_6000f_00001,36,ro6_1.6x_x1200y-700_z0_26lp_6000f_00001,31
NEAR,Vgat/0730,0.836804503835497,3.2675689616319,5,roi1_2x_x1100y950_z13_6000f_13lp_00001,16,roi1_3x_x1100y950_z8_6000f_13lp_00001,11
NEAR,Vglut2/0728,0.836567783067771,0.828518145154478,5,fov1_1.7x_y1650x1320_z35_3000f_15lp_00001,38,fov1_1.7x_y1650x1320_z40_3000f_17lp_00001,39
NEAR,Sert/0721,0.836417501855513,1.67383320734076,5.9375,ro1_2x_x1018y1130_z15_20lp_6000f_00001,18,ro3_4x_x700y-1233_z-10_24.5lp_6000f_00001,15
NEAR,Vglut2/0728,0.834805184397098,0.396848901844037,5.3125,fov1_2x_y1700x1350_z15_6000f_16lp_00001,14,fov1_2x_y1700x1350_z15_6000f_17.5lp_00001,7
NEAR,Sert/0721,0.834199081366449,1.87962611866376,5,ro1_2x_x1018y1130_z10_20lp_6000f_00001,41,ro1_2x_x1018y1130_z15_20lp_6000f_00001,41
NEAR,Vglut2/0728,0.833679041388973,1.8192858043925,5,fov1_1.7x_y1650x1320_z35_3000f_15lp_00001,49,fov1_1.7x_y1650x1320_z40_3000f_17lp_00001,56
NEAR,Vglut2/0728,0.833244596234922,2.51632127021442,5,fov1_1.7x_y1650x1320_z30_3000f_15lp_00001,19,fov1_2x_y1700x1350_z25_3000f_16lp_00001,15
NEAR,Vglut2/0728,0.832892927364343,2.34291031315788,5,fov1_2x_y1700x1350_z15_6000f_17.5lp_00001,5,fov1_2x_y1700x1350_z5_6000f_15.5lp_00002,7
NEAR,Vglut2/0728,0.832874308583287,0.3859335296814,5,fov1_2x_y1700x1350_z15_6000f_17.5lp_00001,25,fov1_2x_y1700x1350_z5_6000f_15.5lp_00002,16
FAR,Vglut2/0728,0.832716617414441,74.0562513285795,8.4375,fov1_2.1x_y1350x1310_z30_3000f_13lp_00001,1,fov1_2x_y1700x1350_z15_6000f_16lp_00001,6
NEAR,Vglut2/0728,0.83250407153896,2.2398634544461,3.4375,fov1_2.1x_y1350x1310_z30_3000f_13lp_00001,12,fov1_2x_y1700x1350_z25_3000f_16lp_00001,22
NEAR,Vglut2/0728,0.832262466068531,2.48914159470062,10,fov1_1.7x_y1650x1320_z30_3000f_15lp_00001,2,fov1_2x_y1700x1350_z15_6000f_16lp_00001,5
NEAR,Vglut2/0728,0.831798490113414,0.502388122710403,5,fov1_2x_y1700x1350_z15_6000f_16lp_00001,43,fov1_2x_y1700x1350_z25_3000f_16lp_00001,42
FAR,Sert/0721,0.831392566772322,104.270157269172,5,ro1_2x_x1018y1130_z10_20lp_6000f_00001,41,ro1_2x_x1018y1130_z15_20lp_6000f_00001,22
NEAR,Vglut2/0728,0.831041744276873,1.15332021602242,5,fov1_1.7x_y1650x1320_z30_3000f_15lp_00001,42,fov1_1.7x_y1650x1320_z35_3000f_15lp_00001,45
NEAR,Vglut2/0728,0.829686515114229,1.56061705203515,5,fov1_1.7x_y1650x1320_z30_3000f_15lp_00001,25,fov1_2x_y1700x1350_z25_3000f_16lp_00001,22
NEAR,Vglut2/0728,0.829503228735074,1.20198334391614,5,fov1_1.7x_y1650x1320_z30_3000f_15lp_00001,9,fov1_1.7x_y1650x1320_z35_3000f_15lp_00001,11
NEAR,Vglut2/0728,0.829338538539208,0.595208081416994,10,fov1_2x_y1700x1350_z0_6000f_15.5lp_00001,3,fov1_2x_y1700x1350_z5_6000f_15.5lp_00002,9
NEAR,Vglut2/0728,0.829194705149753,1.77495437981458,10,fov1_2x_y1700x1350_z15_6000f_17.5lp_00001,15,fov1_2x_y1700x1350_z5_6000f_15.5lp_00001,8
NEAR,Vglut2/0728,0.828967729065622,0.623452516595341,10.3125,fov1_2x_y1700x1350_z15_6000f_17.5lp_00001,9,fov1_2x_y1700x1350_z25_3000f_16lp_00001,13
FAR,Vglut2/0728,0.828903712079969,74.9650236241146,5,fov1_1.7x_y1650x1320_z30_3000f_15lp_00001,3,fov1_2x_y1700x1350_z25_3000f_16lp_00001,6
FAR,Vglut2/0728,0.828868132275032,102.716894683633,10.3125,fov1_2x_y1700x1350_z15_6000f_16lp_00001,6,fov1_2x_y1700x1350_z5_6000f_15.5lp_00002,14
NEAR,Vglut2/0728,0.828846222742494,0.506077908609884,10.3125,fov1_2x_y1700x1350_z15_6000f_17.5lp_00001,1,fov1_2x_y1700x1350_z25_3000f_16lp_00001,5
NEAR,Vglut2/0728,0.828504210641108,1.00986938107069,5.3125,fov1_2x_y1700x1350_z15_6000f_16lp_00001,40,fov1_2x_y1700x1350_z15_6000f_17.5lp_00001,30
NEAR,Vglut2/0728,0.827714777189879,1.86596088954063,10,fov1_2x_y1700x1350_z0_6000f_15.5lp_00001,4,fov1_2x_y1700x1350_z5_6000f_15.5lp_00002,10
FAR,Vglut2/0728,0.827643745479894,102.583264419745,5,fov1_2x_y1700x1350_z15_6000f_17.5lp_00001,2,fov1_2x_y1700x1350_z5_6000f_15.5lp_00002,14
NEAR,Vgat/0730,0.826688444730997,1.08694230858675,5.625,roi2_1.5x_x1050y2250_z35_2000f_8lp_00001,18,roi2_1.6x_x1050y2250_z50_2000f_10.5lp_00001,17
NEAR,Vglut2/0728,0.82636088583913,1.2949387210498,15,fov1_2x_y1700x1350_z0_6000f_15.5lp_00001,14,fov1_2x_y1700x1350_z15_6000f_17.5lp_00001,28
NEAR,Vglut2/0728,0.825997514729235,1.87471773443136,5,fov1_1.7x_y1650x1320_z30_3000f_15lp_00001,45,fov1_2x_y1700x1350_z25_3000f_16lp_00001,45
NEAR,Vgat/0730,0.825885038768865,2.35790463070828,0.3125,roi1_3x_x1100y950_z8_6000f_13lp_00001,6,roi1_3x_x1100y950_z8_3000f_11.5lp_00001,8
NEAR,Vglut2/0728,0.825729863893738,1.80700352202971,5,fov1_1.7x_y1650x1320_z30_3000f_15lp_00001,29,fov1_2x_y1700x1350_z25_3000f_16lp_00001,26
NEAR,Vglut2/0728,0.825620492568177,0.145833650233055,5,fov1_1.7x_y1650x1320_z30_3000f_15lp_00001,37,fov1_1.7x_y1650x1320_z35_3000f_15lp_00001,38
NEAR,Vgat/0730,0.825583918450097,1.15538519753441,5.625,roi2_1.5x_x1050y2250_z35_2000f_8lp_00001,19,roi2_1.6x_x1050y2250_z50_2000f_10.5lp_00001,19
NEAR,Vglut2/0728,0.825231672185396,1.75215989030709,10,fov1_1.7x_y1650x1320_z35_3000f_15lp_00001,32,fov1_2x_y1700x1350_z25_3000f_16lp_00001,27
NEAR,Vgat/0730,0.825224963955318,0.589757426683082,0.3125,roi1_3x_x1100y950_z8_6000f_13lp_00001,5,roi1_3x_x1100y950_z8_3000f_11.5lp_00001,7
NEAR,Vglut2/0728,0.825168944824245,1.56103573658374,15,fov1_1.7x_y1650x1320_z35_3000f_15lp_00001,39,fov1_2x_y1700x1350_z15_6000f_16lp_00001,37
NEAR,Vglut2/0728,0.825167369160288,2.24787556811265,10,fov1_1.7x_y1650x1320_z35_3000f_15lp_00001,26,fov1_2x_y1700x1350_z25_3000f_16lp_00001,19
NEAR,Vglut2/0728,0.825093448995849,1.57053393973539,8.4375,fov1_2.1x_y1350x1310_z30_3000f_13lp_00001,20,fov1_2x_y1700x1350_z15_6000f_16lp_00001,32
NEAR,Vglut2/0728,0.825003109142777,1.09993978312637,5,fov1_2x_y1700x1350_z15_6000f_17.5lp_00001,2,fov1_2x_y1700x1350_z5_6000f_15.5lp_00002,5
NEAR,Vglut2/0728,0.824200519850631,1.52537911793613,10,fov1_1.7x_y1650x1320_z30_3000f_15lp_00001,15,fov1_1.7x_y1650x1320_z40_3000f_17lp_00001,19
NEAR,Vglut2/0728,0.823574600691798,1.76431168847328,13.75,fov1_2.1x_y1350x1310_z30_3000f_13lp_00001,4,fov1_2x_y1700x1350_z15_6000f_17.5lp_00001,3
FAR,Vglut2/0728,0.823470734232683,74.9279795698944,10,fov1_1.7x_y1650x1320_z30_3000f_15lp_00001,3,fov1_2x_y1700x1350_z15_6000f_16lp_00001,6
NEAR,Vgat/0730,0.8227572554823,2.24551750064239,8.125,roi1_1.4x_x1100y1050_z6_5000f_13lp_00001,15,roi1_1.2x_x1100y1050_z0_5000f_14lp_00001,12
NEAR,Vgat/0730,0.822473306819197,1.53138174575357,5,roi1_2x_x1100y950_z13_6000f_13lp_00001,14,roi1_3x_x1100y950_z8_6000f_13lp_00001,7
NEAR,Vglut2/0728,0.822209083229898,1.47396450971009,8.4375,fov1_2.1x_y1350x1310_z30_3000f_13lp_00001,22,fov1_2x_y1700x1350_z15_6000f_16lp_00001,33
FAR,Vglut2/0728,0.822054895963006,124.312310009216,10,fov1_2x_y1700x1350_z15_6000f_17.5lp_00001,34,fov1_2x_y1700x1350_z5_6000f_15.5lp_00001,11
FAR,Vglut2/0728,0.821925890841092,56.6759925404503,5,fov1_1.7x_y1650x1320_z30_3000f_15lp_00001,18,fov1_1.7x_y1650x1320_z35_3000f_15lp_00001,25
NEAR,Vglut2/0728,0.821883546874115,1.89544206684681,15,fov1_1.7x_y1650x1320_z35_3000f_15lp_00001,26,fov1_2x_y1700x1350_z15_6000f_16lp_00001,19
NEAR,Sert/0721,0.82136456862815,1.77711450683867,1.5625,ro7_1.6x_x1000y-1000_z0_26lp_6000f_00001,23,roi7_1.8x_x-1000-1000_z0_16lp_3000f_00001,23
NEAR,Vglut2/0728,0.82116255934793,1.08527352660395,5,fov1_1.7x_y1650x1320_z35_3000f_15lp_00001,14,fov1_1.7x_y1650x1320_z40_3000f_17lp_00001,15
FAR,Vgat/0730,0.821080819918136,68.558908310141,15,roi2_1.6x_x1050y2250_z50_2000f_10.5lp_00001,6,roi2_1.6x_x1050y2250_z63_2000f_11.5lp_00001,16
FAR,Vglut2/0728,0.820912875118934,116.656575653959,10,fov1_1.7x_y1650x1320_z30_3000f_15lp_00001,19,fov1_1.7x_y1650x1320_z40_3000f_17lp_00001,8
NEAR,Sert/0721,0.8197912369592,1.73173355403329,5,ro1_2x_x1018y1130_z10_20lp_6000f_00001,20,ro1_2x_x1018y1130_z15_20lp_6000f_00001,19
NEAR,Vgat/0730,0.81946863849991,2.23860953658612,5.625,roi2_1.5x_x1050y2250_z35_2000f_8lp_00001,7,roi2_1.6x_x1050y2250_z50_2000f_10.5lp_00001,6
FAR,Vglut2/0728,0.818177548960952,112.956813071827,15,fov1_1.7x_y1650x1320_z35_3000f_15lp_00001,25,fov1_2x_y1700x1350_z15_6000f_16lp_00001,6
NEAR,Vglut2/0728,0.817608259716599,1.11138598225757,6.5625,fov1_1.7x_y1650x1320_z35_3000f_15lp_00001,27,fov1_2.1x_y1350x1310_z30_3000f_13lp_00001,12
NEAR,Vglut2/0728,0.817073003878632,2.19180153017792,5,fov1_1.7x_y1650x1320_z35_3000f_15lp_00001,39,fov1_1.7x_y1650x1320_z40_3000f_17lp_00001,40
NEAR,Vglut2/0728,0.816901853103334,1.10770478381681,10,fov1_1.7x_y1650x1320_z30_3000f_15lp_00001,21,fov1_1.7x_y1650x1320_z40_3000f_17lp_00001,25
NEAR,Vglut2/0728,0.816471480298208,1.06295760358618,6.5625,fov1_1.7x_y1650x1320_z35_3000f_15lp_00001,24,fov1_2.1x_y1350x1310_z30_3000f_13lp_00001,9
NEAR,Vglut2/0728,0.816455365622986,0.567357577814936,11.5625,fov1_1.7x_y1650x1320_z40_3000f_17lp_00001,25,fov1_2.1x_y1350x1310_z30_3000f_13lp_00001,10
NEAR,Vglut2/0728,0.816407999721876,0.259809920433378,5,fov1_2x_y1700x1350_z15_6000f_16lp_00001,21,fov1_2x_y1700x1350_z25_3000f_16lp_00001,21
NEAR,Vglut2/0728,0.816242024761754,2.15049901202359,5,fov1_1.7x_y1650x1320_z35_3000f_15lp_00001,17,fov1_1.7x_y1650x1320_z40_3000f_17lp_00001,18
NEAR,Vglut2/0728,0.815891751637132,2.21126236679333,5,fov1_1.7x_y1650x1320_z35_3000f_15lp_00001,11,fov1_1.7x_y1650x1320_z40_3000f_17lp_00001,12
NEAR,Vglut2/0728,0.815091026306655,1.13384271959583,5,fov1_2x_y1700x1350_z0_6000f_15.5lp_00001,18,fov1_2x_y1700x1350_z5_6000f_15.5lp_00001,16
NEAR,Vglut2/0728,0.814951526386701,0.901643514768498,5,fov1_2x_y1700x1350_z15_6000f_17.5lp_00001,10,fov1_2x_y1700x1350_z5_6000f_15.5lp_00002,12
NEAR,Sert/0721,0.814804245876607,1.70457270960814,1.5625,ro7_1.6x_x1000y-1000_z0_26lp_6000f_00001,16,roi7_1.8x_x-1000-1000_z0_16lp_3000f_00001,13
FAR,Sert/0721,0.81459353384255,65.7290949229579,10,ro1_2x_x1018y1130_z15_20lp_6000f_00001,29,ro1_2x_x1018y1130_z25_26lp_6000f_00001,6
FAR,Sert/0721,0.814329807413664,94.5034493192187,15,ro1_2x_x1018y1130_z10_20lp_6000f_00001,12,ro1_2x_x1018y1130_z25_26lp_6000f_00001,1
FAR,Vgat/0730,0.814326912630022,73.6213001051344,19.376,roi2_2.2x_x1050y2250_z100_2000f_12lp_00001,27,roi2_2x_x1050y2250_z120_2000f_14lp_00001,46
NEAR,Vgat/0730,0.813606902171773,1.59234050637181,5,roi1_2x_x1100y950_z13_6000f_13lp_00001,6,roi1_3x_x1100y950_z8_6000f_13lp_00001,3
NEAR,Vglut2/0728,0.812725352769718,0.177820215410065,5,fov1_1.7x_y1650x1320_z30_3000f_15lp_00001,25,fov1_1.7x_y1650x1320_z35_3000f_15lp_00001,27
NEAR,Vglut2/0728,0.812695244537774,0.864740550513354,5,fov1_2x_y1700x1350_z15_6000f_17.5lp_00001,29,fov1_2x_y1700x1350_z5_6000f_15.5lp_00002,21
FAR,Sert/0721,0.812451906139655,97.3207557739299,0.9375,ro1_2x_x1018y1130_z10_20lp_6000f_00001,12,ro3_4x_x700y-1233_z-10_24.5lp_6000f_00001,15
FAR,Sert/0721,0.812418495087461,106.126410006721,15,ro1_2x_x1018y1130_z10_20lp_6000f_00001,41,ro1_2x_x1018y1130_z25_26lp_6000f_00001,1
NEAR,Vglut2/0728,0.811358378473339,1.06241605335696,5,fov1_2x_y1700x1350_z0_6000f_15.5lp_00001,20,fov1_2x_y1700x1350_z5_6000f_15.5lp_00001,17
FAR,Vglut2/1124,0.810262972838289,5.12233102859249,20,roi3_-1000-300-40_32lp_930_x1.4_256x512_3000f_00001,24,roi3_-1000-300-60_38lp_930_x1.4_256x512_3000f_00001,29
NEAR,Vglut2/0728,0.81000891232335,0.987838451319534,5,fov1_1.7x_y1650x1320_z35_3000f_15lp_00001,31,fov1_1.7x_y1650x1320_z40_3000f_17lp_00001,30
NEAR,Vglut2/0728,0.80998138675843,2.00894497161652,5.625,roi2_4x_y2000x1400_z-15_6000f_17.5lp_00001,3,roi2_4x_y2000x1400_z-20_6000f_21lp_00001,3
FAR,Sert/0721,0.809750903825537,64.2544340074865,10,ro1_2x_x1018y1130_z15_20lp_6000f_00001,41,ro1_2x_x1018y1130_z25_26lp_6000f_00001,3
NEAR,Vglut2/0728,0.809744691481155,1.30978140262106,6.5625,fov1_1.7x_y1650x1320_z35_3000f_15lp_00001,33,fov1_2.1x_y1350x1310_z30_3000f_13lp_00001,19
FAR,Vgat/0730,0.808234425697811,51.6068708788549,40.6255,roi2_2.2x_x1050y2250_z80_2000f_11.5lp_00001,61,roi2_2x_x1050y2250_z120_2000f_14lp_00001,35
FAR,Vglut2/0728,0.807226668308822,142.42825752293,5,fov1_2x_y1700x1350_z15_6000f_17.5lp_00001,28,fov1_2x_y1700x1350_z5_6000f_15.5lp_00002,14
NEAR,Vglut2/0728,0.806237842879227,3.20533641063964,6.5625,fov1_1.7x_y1650x1320_z35_3000f_15lp_00001,39,fov1_2.1x_y1350x1310_z30_3000f_13lp_00001,27
NEAR,Sert/0721,0.805762008640552,0.903894114200137,11.875,ro1_2x_x1018y1130_z25_26lp_6000f_00001,11,ro3_2.5x_x450y1500_z-15_28.5lp_6000f_00003,15
NEAR,Vgat/0730,0.805226954197879,1.20676065211642,5.625,roi2_1.5x_x1050y2250_z35_2000f_8lp_00001,5,roi2_1.6x_x1050y2250_z50_2000f_10.5lp_00001,5
FAR,Sert/0721,0.804696192599711,106.498217760592,5.9375,ro1_2x_x1018y1130_z15_20lp_6000f_00001,5,ro3_4x_x700y-1233_z-10_24.5lp_6000f_00001,8
NEAR,Vglut2/0728,0.804590253933015,0.265814457615374,5.3125,fov1_2x_y1700x1350_z15_6000f_16lp_00001,18,fov1_2x_y1700x1350_z15_6000f_17.5lp_00001,13
NEAR,Vglut2/0728,0.804290900505478,1.11307923891135,5,fov1_2x_y1700x1350_z5_6000f_15.5lp_00001,13,fov1_2x_y1700x1350_z5_6000f_15.5lp_00002,18
FAR,Vglut2/0728,0.803241863819187,102.335477142939,15.3125,fov1_2x_y1700x1350_z25_3000f_16lp_00001,6,fov1_2x_y1700x1350_z5_6000f_15.5lp_00002,14
NEAR,Sert/0721,0.802871530372221,2.57509868477299,3.125,ro1_2x_x1018y1130_z10_20lp_6000f_00001,33,ro3_2.5x_x450y1500_z-15_28.5lp_6000f_00003,4
FAR,Vgat/0730,0.802614101382324,61.795086979706,21.2495,roi2_2.2x_x1050y2250_z100_2000f_12lp_00001,25,roi2_2.2x_x1050y2250_z80_2000f_11.5lp_00001,51
NEAR,Vglut2/0728,0.802380615999911,2.04358234599143,5,fov1_1.7x_y1650x1320_z30_3000f_15lp_00001,13,fov1_1.7x_y1650x1320_z35_3000f_15lp_00001,17
FAR,Vglut2/0728,0.802232057536647,56.6543642376254,20.3125,fov1_1.7x_y1650x1320_z35_3000f_15lp_00001,25,fov1_2x_y1700x1350_z15_6000f_17.5lp_00001,9
NEAR,Vglut2/0728,0.801716285062384,1.8768593818597,11.5625,fov1_1.7x_y1650x1320_z40_3000f_17lp_00001,23,fov1_2.1x_y1350x1310_z30_3000f_13lp_00001,8
NEAR,Vglut2/0728,0.801675730696891,0.719907217799427,6.5625,fov1_1.7x_y1650x1320_z35_3000f_15lp_00001,28,fov1_2.1x_y1350x1310_z30_3000f_13lp_00001,13
NEAR,Vglut2/0728,0.801349715344033,2.98174581933543,5,fov1_1.7x_y1650x1320_z30_3000f_15lp_00001,2,fov1_2x_y1700x1350_z25_3000f_16lp_00001,5
NEAR,Vglut2/0728,0.801100054592741,1.10921342570534,10,fov1_1.7x_y1650x1320_z30_3000f_15lp_00001,30,fov1_2x_y1700x1350_z15_6000f_16lp_00001,28
NEAR,Vgat/0730,0.800959875759135,1.25583853014878,8.125,roi1_1.4x_x1100y1050_z6_5000f_13lp_00001,10,roi1_1.2x_x1100y1050_z0_5000f_14lp_00001,8
NEAR,Vgat/0730,0.800504804464393,1.83864299970521,8.125,roi1_1.4x_x1100y1050_z6_5000f_13lp_00001,4,roi1_1.2x_x1100y1050_z0_5000f_14lp_00001,5
FAR,Sert/0721,0.800234645568443,90.971397875449,11.875,ro5_1.6x_x1200y-400_z0_26lp_6000f_00001,61,ro6_1.6x_x1200y-700_z0_26lp_6000f_00001,39
NEAR,Sert/0721,0.799657896606364,1.24523923257019,5.9375,ro1_2x_x1018y1130_z15_20lp_6000f_00001,19,ro3_4x_x700y-1233_z-10_24.5lp_6000f_00001,16
NEAR,Sert/0721,0.799541234542739,2.47374038547419,0.9375,ro1_2x_x1018y1130_z10_20lp_6000f_00001,5,ro3_4x_x700y-1233_z-10_24.5lp_6000f_00001,1
NEAR,Vglut2/0728,0.799355299081667,1.17971836295008,10,fov1_1.7x_y1650x1320_z30_3000f_15lp_00001,20,fov1_1.7x_y1650x1320_z40_3000f_17lp_00001,23
NEAR,Vglut2/0728,0.798930601132254,1.35562668138053,15,fov1_1.7x_y1650x1320_z40_3000f_17lp_00001,45,fov1_2x_y1700x1350_z25_3000f_16lp_00001,39
NEAR,Vgat/0730,0.798047113696513,1.34396603975786,10.3125,roi1_3.2x_x1100y1050_z6_6000f_12lp_00001,2,roi1_1.2x_x1100y1050_z0_5000f_14lp_00001,4
NEAR,Vglut2/0728,0.797823667410827,1.55502342574318,10,fov1_1.7x_y1650x1320_z30_3000f_15lp_00001,12,fov1_2x_y1700x1350_z15_6000f_16lp_00001,10
NEAR,Sert/0721,0.797575833033542,3.28616010236739,10,ro1_2x_x1018y1130_z15_20lp_6000f_00001,42,ro1_2x_x1018y1130_z25_26lp_6000f_00001,7
FAR,Vglut2/0728,0.797472732686401,117.698751665881,20,fov1_1.7x_y1650x1320_z40_3000f_17lp_00001,44,fov1_2x_y1700x1350_z15_6000f_16lp_00001,19
NEAR,Sert/0721,0.796687468887564,4.822936774008,15,ro1_2x_x1018y1130_z10_20lp_6000f_00001,41,ro1_2x_x1018y1130_z25_26lp_6000f_00001,6
NEAR,Vglut2/1124,0.79667024176104,0.872879607528525,5.3125,roi5_1400-1230-0_x4.4_15lp_6000f_00001,8,roi5_1400-1300-0_18lp_930_x4_512x512_6000f_00002,15
NEAR,Vglut2/0728,0.796545617959593,1.7979159900577,8.4375,fov1_2.1x_y1350x1310_z30_3000f_13lp_00001,6,fov1_2x_y1700x1350_z15_6000f_16lp_00001,10
NEAR,Vglut2/0728,0.796487948696947,0.584255721173433,5,fov1_1.7x_y1650x1320_z35_3000f_15lp_00001,46,fov1_1.7x_y1650x1320_z40_3000f_17lp_00001,50
NEAR,Vglut2/0728,0.796464007817632,1.98584475517007,15,fov1_1.7x_y1650x1320_z35_3000f_15lp_00001,46,fov1_2x_y1700x1350_z15_6000f_16lp_00001,44
NEAR,Vglut2/0728,0.795807660291551,1.39945432201028,5,fov1_1.7x_y1650x1320_z30_3000f_15lp_00001,15,fov1_1.7x_y1650x1320_z35_3000f_15lp_00001,19
NEAR,Vglut2/0728,0.795670844619016,1.07312322103771,10,fov1_1.7x_y1650x1320_z30_3000f_15lp_00001,45,fov1_1.7x_y1650x1320_z40_3000f_17lp_00001,53
NEAR,Vglut2/0728,0.795321997750358,2.09902185841403,5,fov1_1.7x_y1650x1320_z30_3000f_15lp_00001,41,fov1_1.7x_y1650x1320_z35_3000f_15lp_00001,43
FAR,Vglut2/1124,0.79447650619568,84.8716438868508,20,roi3_-1000-300-40_32lp_930_x1.4_256x512_3000f_00001,62,roi3_-1000-300-60_38lp_930_x1.4_256x512_3000f_00001,107
NEAR,Vglut2/0728,0.794004528103317,0.287090128039908,5,fov1_2x_y1700x1350_z15_6000f_16lp_00001,36,fov1_2x_y1700x1350_z25_3000f_16lp_00001,32
NEAR,Vglut2/0728,0.792841095847756,0.937177811949388,10,fov1_1.7x_y1650x1320_z30_3000f_15lp_00001,33,fov1_2x_y1700x1350_z15_6000f_16lp_00001,33
FAR,Vgat/0730,0.792735779169897,73.2539624410939,39.999,roi2_2x_x1050y2250_z120_2000f_14lp_00001,46,roi2_2x_x1050y2250_z160_2000f_16lp_00001,72
NEAR,Vgat/0730,0.792706270203126,1.20519884679074,8.125,roi1_1.4x_x1100y1050_z6_5000f_13lp_00001,2,roi1_1.2x_x1100y1050_z0_5000f_14lp_00001,4
NEAR,Vglut2/0728,0.79230190191476,0.340437840298431,5,fov1_1.7x_y1650x1320_z30_3000f_15lp_00001,26,fov1_1.7x_y1650x1320_z35_3000f_15lp_00001,28
NEAR,Sert/0721,0.792260901041331,1.2906793035946,5,ro1_2x_x1018y1130_z10_20lp_6000f_00001,43,ro1_2x_x1018y1130_z15_20lp_6000f_00001,45
NEAR,Vglut2/0728,0.792095616882982,0.923552882455886,10,fov1_2x_y1700x1350_z0_6000f_15.5lp_00001,10,fov1_2x_y1700x1350_z5_6000f_15.5lp_00002,17
NEAR,Vglut2/1124,0.791975698175252,1.86749922832808,5.3125,roi5_1400-1230-0_x4.4_15lp_6000f_00001,7,roi5_1400-1300-0_18lp_930_x4_512x512_6000f_00002,14
NEAR,Vglut2/0728,0.791646272041474,1.04603468587765,10,fov1_1.7x_y1650x1320_z30_3000f_15lp_00001,32,fov1_2x_y1700x1350_z15_6000f_16lp_00001,32
FAR,Sert/0721,0.790091918810951,126.486562476145,0.9375,ro1_2x_x1018y1130_z10_20lp_6000f_00001,5,ro3_4x_x700y-1233_z-10_24.5lp_6000f_00001,15
FAR,Vglut2/1124,0.789771769329182,55.2104096026801,20,roi3_-1000-300-40_32lp_930_x1.4_256x512_3000f_00001,36,roi3_-1000-300-60_38lp_930_x1.4_256x512_3000f_00001,34
NEAR,Vglut2/0728,0.789348148333861,1.77753271285235,10.3125,fov1_2x_y1700x1350_z15_6000f_16lp_00001,5,fov1_2x_y1700x1350_z5_6000f_15.5lp_00002,4
NEAR,Vglut2/0728,0.789266050223544,1.87657027171476,5,fov1_1.7x_y1650x1320_z30_3000f_15lp_00001,23,fov1_1.7x_y1650x1320_z35_3000f_15lp_00001,23
FAR,Sert/0721,0.78850384911456,125.841899539871,5,ro1_2x_x1018y1130_z10_20lp_6000f_00001,19,ro1_2x_x1018y1130_z15_20lp_6000f_00001,4
NEAR,Vglut2/0728,0.787993540124763,2.40283194757688,13.75,fov1_2.1x_y1350x1310_z30_3000f_13lp_00001,7,fov1_2x_y1700x1350_z15_6000f_17.5lp_00001,9
FAR,Vglut2/0728,0.787989919267479,65.055153645957,5,fov1_2x_y1700x1350_z15_6000f_16lp_00001,44,fov1_2x_y1700x1350_z25_3000f_16lp_00001,39
FAR,Vglut2/0728,0.787843559929407,124.49683417675,10,fov1_1.7x_y1650x1320_z30_3000f_15lp_00001,24,fov1_1.7x_y1650x1320_z40_3000f_17lp_00001,45
FAR,Vgat/0730,0.787164826909109,92.4106179183676,19.376,roi2_2.2x_x1050y2250_z100_2000f_12lp_00001,27,roi2_2x_x1050y2250_z120_2000f_14lp_00001,42
NEAR,Vglut2/0728,0.787084113091324,4.98716842699334,5,roi2_1.6x_y1400x1600_z5_3000f_16lp_00001,3,roi2_2x_y1400x1550_z0_3000f_15lp_00001,3
FAR,Sert/0721,0.786592867418621,48.8009332069194,11.875,ro5_1.6x_x1200y-400_z0_26lp_6000f_00001,14,ro6_1.6x_x1200y-700_z0_26lp_6000f_00001,22
NEAR,Vglut2/0728,0.786557091108773,1.39105656969197,13.75,fov1_2.1x_y1350x1310_z30_3000f_13lp_00001,18,fov1_2x_y1700x1350_z15_6000f_17.5lp_00001,19
FAR,Vglut2/0728,0.786374240912666,123.542202324491,5.3125,fov1_2x_y1700x1350_z15_6000f_16lp_00001,21,fov1_2x_y1700x1350_z15_6000f_17.5lp_00001,1
NEAR,Vglut2/0728,0.786237841954449,0.894759184449356,10,fov1_2x_y1700x1350_z15_6000f_17.5lp_00001,29,fov1_2x_y1700x1350_z5_6000f_15.5lp_00001,15
FAR,Sert/0721,0.785809593425422,141.572843714436,0.9375,ro1_2x_x1018y1130_z10_20lp_6000f_00001,28,ro3_4x_x700y-1233_z-10_24.5lp_6000f_00001,6
FAR,Vglut2/0728,0.785758480850312,38.9590926168765,10,fov1_2x_y1700x1350_z0_6000f_15.5lp_00001,9,fov1_2x_y1700x1350_z5_6000f_15.5lp_00002,15
NEAR,Vglut2/0728,0.785534535311067,1.49207900325784,15,fov1_1.7x_y1650x1320_z35_3000f_15lp_00001,32,fov1_2x_y1700x1350_z15_6000f_16lp_00001,28
FAR,Sert/0721,0.785254770819549,106.897394014009,5,ro1_2x_x1018y1130_z10_20lp_6000f_00001,12,ro1_2x_x1018y1130_z15_20lp_6000f_00001,5
FAR,Vglut2/0728,0.784859296229586,121.297165151995,5.3125,fov1_2x_y1700x1350_z15_6000f_16lp_00001,21,fov1_2x_y1700x1350_z15_6000f_17.5lp_00001,23
FAR,Vglut2/0728,0.784660421844381,114.695565937907,8.4375,fov1_2.1x_y1350x1310_z30_3000f_13lp_00001,1,fov1_2x_y1700x1350_z15_6000f_16lp_00001,15
NEAR,Vglut2/0728,0.784507792662735,0.929989632793321,5,fov1_1.7x_y1650x1320_z35_3000f_15lp_00001,16,fov1_1.7x_y1650x1320_z40_3000f_17lp_00001,17
NEAR,Vglut2/0728,0.784308547373178,4.1463804654604,5,fov1_2x_y1700x1350_z15_6000f_16lp_00001,11,fov1_2x_y1700x1350_z25_3000f_16lp_00001,12
NEAR,Vglut2/0728,0.783765414426985,1.79438232242951,15,fov1_2x_y1700x1350_z0_6000f_15.5lp_00001,16,fov1_2x_y1700x1350_z15_6000f_17.5lp_00001,29
NEAR,Vglut2/0728,0.783731336589905,0.804481474205439,5,fov1_1.7x_y1650x1320_z30_3000f_15lp_00001,19,fov1_1.7x_y1650x1320_z35_3000f_15lp_00001,21
FAR,Vgat/0730,0.783418084895213,134.471682204152,21.2495,roi2_2.2x_x1050y2250_z100_2000f_12lp_00001,4,roi2_2.2x_x1050y2250_z80_2000f_11.5lp_00001,36
FAR,Vglut2/1124,0.783298180299786,126.397663667098,20,roi3_-1000-300-40_32lp_930_x1.4_256x512_3000f_00001,77,roi3_-1000-300-60_38lp_930_x1.4_256x512_3000f_00001,87
NEAR,Vglut2/0728,0.783288908202035,0.17078177296931,13.75,fov1_2.1x_y1350x1310_z30_3000f_13lp_00001,17,fov1_2x_y1700x1350_z15_6000f_17.5lp_00001,18
NEAR,Vglut2/0728,0.783218147230908,1.37810422555582,5,fov1_1.7x_y1650x1320_z30_3000f_15lp_00001,48,fov1_1.7x_y1650x1320_z35_3000f_15lp_00001,49
NEAR,Sert/0721,0.783208155678844,3.20785115373141,10,ro1_2x_x1018y1130_z15_20lp_6000f_00001,49,ro1_2x_x1018y1130_z25_26lp_6000f_00001,15
NEAR,Vglut2/0728,0.782478054376781,0.682347891777338,5,fov1_2x_y1700x1350_z15_6000f_17.5lp_00001,4,fov1_2x_y1700x1350_z5_6000f_15.5lp_00002,6
NEAR,Vglut2/0728,0.782355881321239,1.52311428196277,5,fov1_2x_y1700x1350_z15_6000f_16lp_00001,40,fov1_2x_y1700x1350_z25_3000f_16lp_00001,39
NEAR,Sert/0721,0.782318652657094,1.49187701831872,3.125,ro1_2x_x1018y1130_z10_20lp_6000f_00001,44,ro3_2.5x_x450y1500_z-15_28.5lp_6000f_00003,14
FAR,Vgat/0730,0.782163302973702,19.9056995750734,21.2495,roi2_2.2x_x1050y2250_z100_2000f_12lp_00001,36,roi2_2.2x_x1050y2250_z80_2000f_11.5lp_00001,60
FAR,Vglut2/1124,0.781946201939138,108.547647118752,20,roi3_-1000-300-40_32lp_930_x1.4_256x512_3000f_00001,75,roi3_-1000-300-60_38lp_930_x1.4_256x512_3000f_00001,127
NEAR,Vglut2/0728,0.781889990619027,1.91788297229433,6.5625,fov1_1.7x_y1650x1320_z35_3000f_15lp_00001,23,fov1_2.1x_y1350x1310_z30_3000f_13lp_00001,11
NEAR,Vglut2/0728,0.781640797627804,1.76167275954179,15,fov1_2x_y1700x1350_z0_6000f_15.5lp_00001,4,fov1_2x_y1700x1350_z15_6000f_17.5lp_00001,7
NEAR,Vglut2/0728,0.780947455920186,1.60155679782439,10.3125,fov1_2x_y1700x1350_z15_6000f_17.5lp_00001,11,fov1_2x_y1700x1350_z25_3000f_16lp_00001,16
NEAR,Sert/0721,0.780609827413634,2.11595389985889,5,ro1_2x_x1018y1130_z10_20lp_6000f_00001,37,ro1_2x_x1018y1130_z15_20lp_6000f_00001,36
NEAR,Vglut2/0728,0.780411013405789,1.51877501831578,10,fov1_1.7x_y1650x1320_z30_3000f_15lp_00001,17,fov1_1.7x_y1650x1320_z40_3000f_17lp_00001,21
FAR,Sert/0721,0.780223745621326,81.8630849669019,10,ro1_2x_x1018y1130_z15_20lp_6000f_00001,22,ro1_2x_x1018y1130_z25_26lp_6000f_00001,4
NEAR,Vglut2/0728,0.780025484806533,1.90424177365224,5,fov1_1.7x_y1650x1320_z35_3000f_15lp_00001,13,fov1_1.7x_y1650x1320_z40_3000f_17lp_00001,14
NEAR,Vglut2/0728,0.779705444616114,1.05894766436195,15,fov1_2x_y1700x1350_z0_6000f_15.5lp_00001,10,fov1_2x_y1700x1350_z15_6000f_17.5lp_00001,24
FAR,Vglut2/0728,0.779530718875323,88.6553724119966,15.3125,fov1_2x_y1700x1350_z25_3000f_16lp_00001,5,fov1_2x_y1700x1350_z5_6000f_15.5lp_00002,10
FAR,Vglut2/0728,0.779415350531394,142.530727728563,10,fov1_1.7x_y1650x1320_z30_3000f_15lp_00001,24,fov1_2x_y1700x1350_z15_6000f_16lp_00001,34
NEAR,Vglut2/0728,0.779290818431633,1.14183851387017,5,fov1_2x_y1700x1350_z15_6000f_16lp_00001,8,fov1_2x_y1700x1350_z25_3000f_16lp_00001,8
FAR,Vglut2/0728,0.77925065166105,125.981067195552,25.3125,fov1_1.7x_y1650x1320_z35_3000f_15lp_00001,39,fov1_2x_y1700x1350_z5_6000f_15.5lp_00002,14
FAR,Sert/0721,0.779055477719935,145.975285104245,11.875,ro5_1.6x_x1200y-400_z0_26lp_6000f_00001,61,ro6_1.6x_x1200y-700_z0_26lp_6000f_00001,40
NEAR,Vglut2/0728,0.779032690123612,1.30823616990794,10.3125,fov1_2x_y1700x1350_z15_6000f_16lp_00001,39,fov1_2x_y1700x1350_z5_6000f_15.5lp_00002,21
NEAR,Vglut2/0728,0.778974453341656,1.84618438981945,10,fov1_1.7x_y1650x1320_z35_3000f_15lp_00001,46,fov1_2x_y1700x1350_z25_3000f_16lp_00001,43
NEAR,Vglut2/0728,0.778602067271615,3.79418643232236,5.3125,fov1_2x_y1700x1350_z15_6000f_16lp_00001,41,fov1_2x_y1700x1350_z15_6000f_17.5lp_00001,31
NEAR,Vglut2/0728,0.778277545672725,0.746671230884815,5,fov1_1.7x_y1650x1320_z30_3000f_15lp_00001,34,fov1_1.7x_y1650x1320_z35_3000f_15lp_00001,37
FAR,Vglut2/0728,0.778175771579332,136.643677643073,5,fov1_2x_y1700x1350_z15_6000f_16lp_00001,17,fov1_2x_y1700x1350_z25_3000f_16lp_00001,39
FAR,Vglut2/1124,0.777514928500307,54.4366490806782,20,roi3_-1000-300-40_32lp_930_x1.4_256x512_3000f_00001,87,roi3_-1000-300-60_38lp_930_x1.4_256x512_3000f_00001,124
NEAR,Vglut2/0728,0.77721009708052,1.5797227370533,10.3125,fov1_2x_y1700x1350_z15_6000f_17.5lp_00001,17,fov1_2x_y1700x1350_z25_3000f_16lp_00001,25
NEAR,Vglut2/0728,0.777191382802661,0.235531221543052,5,fov1_1.7x_y1650x1320_z35_3000f_15lp_00001,48,fov1_1.7x_y1650x1320_z40_3000f_17lp_00001,55
NEAR,Vglut2/0728,0.776683726949401,1.20473000872467,6.5625,fov1_1.7x_y1650x1320_z35_3000f_15lp_00001,40,fov1_2.1x_y1350x1310_z30_3000f_13lp_00001,30
NEAR,Sert/0721,0.776592395478411,1.38605609577579,5,ro1_2x_x1018y1130_z10_20lp_6000f_00001,19,ro1_2x_x1018y1130_z15_20lp_6000f_00001,18
NEAR,Vglut2/0728,0.776428412119121,2.00163086512174,10,fov1_1.7x_y1650x1320_z35_3000f_15lp_00001,34,fov1_2x_y1700x1350_z25_3000f_16lp_00001,29
FAR,Vglut2/0728,0.776393225952981,118.036113387789,5,fov1_2x_y1700x1350_z15_6000f_17.5lp_00001,32,fov1_2x_y1700x1350_z5_6000f_15.5lp_00002,20
FAR,Vglut2/1124,0.776357123589468,106.210023152328,20,roi3_-1000-300-40_32lp_930_x1.4_256x512_3000f_00001,62,roi3_-1000-300-60_38lp_930_x1.4_256x512_3000f_00001,61
NEAR,Vglut2/0728,0.77631856004123,2.23222220318445,6.5625,fov1_1.7x_y1650x1320_z35_3000f_15lp_00001,30,fov1_2.1x_y1350x1310_z30_3000f_13lp_00001,15
FAR,Vglut2/0728,0.77607426617911,116.361335059003,15,fov1_1.7x_y1650x1320_z40_3000f_17lp_00001,5,fov1_2x_y1700x1350_z25_3000f_16lp_00001,5
NEAR,Vglut2/0728,0.77512147489431,0.303824174777532,3.4375,fov1_2.1x_y1350x1310_z30_3000f_13lp_00001,15,fov1_2x_y1700x1350_z25_3000f_16lp_00001,25
FAR,Vglut2/0224/pFN,0.775116557105878,39.6506740896809,0.9375,pFN_roi1_z0_512x512_6x_2000f_00001,6,pFN_roi2_z5_25x_512x512_3x_6000f_00001,2
FAR,Vglut2/0728,0.774941692977236,129.680489407601,5,roi2_1.6x_y1400x1600_z5_3000f_16lp_00001,6,roi2_2x_y1400x1550_z0_3000f_15lp_00001,12
NEAR,Vglut2/0728,0.774106119189138,1.13613921251366,10,fov1_1.7x_y1650x1320_z30_3000f_15lp_00001,40,fov1_1.7x_y1650x1320_z40_3000f_17lp_00001,42
NEAR,Vglut2/0728,0.773783606821609,0.915202790248395,5,fov1_2x_y1700x1350_z15_6000f_16lp_00001,42,fov1_2x_y1700x1350_z25_3000f_16lp_00001,41
FAR,Vglut2/0728,0.773646373197577,129.426122717393,10.3125,fov1_2x_y1700x1350_z15_6000f_16lp_00001,43,fov1_2x_y1700x1350_z5_6000f_15.5lp_00002,15
NEAR,Sert/0721,0.773108148986478,2.44451984601317,5,ro1_2x_x1018y1130_z10_20lp_6000f_00001,33,ro1_2x_x1018y1130_z15_20lp_6000f_00001,30
NEAR,Vgat/0730,0.773038407295015,1.50965756599019,5.625,roi2_1.5x_x1050y2250_z35_2000f_8lp_00001,15,roi2_1.6x_x1050y2250_z50_2000f_10.5lp_00001,14
FAR,Vgat/0730,0.772702780153899,8.9349233111345,10.3125,roi1_2.4x_x950y1000_z85_6000f_14.5lp_00001,22,roi1_3x_x950y1000_z70_6000f_15lp_00001,14
FAR,Vgat/0730,0.772325385382981,76.8434755189627,29.375,roi1_1.6x_x1050y1000_z100_3000f_17.5lp_00001,58,roi1_3x_x950y1000_z70_6000f_15lp_00001,25
NEAR,Vglut2/0728,0.772192789616506,1.88127847845679,5,fov1_2x_y1700x1350_z15_6000f_16lp_00001,39,fov1_2x_y1700x1350_z25_3000f_16lp_00001,38
FAR,Vglut2/0728,0.772118733264609,105.45247072441,15,fov1_1.7x_y1650x1320_z40_3000f_17lp_00001,9,fov1_2x_y1700x1350_z25_3000f_16lp_00001,20
NEAR,Vgat/0730,0.771631808740375,4.03240092910365,0.3125,roi1_3x_x1100y950_z8_6000f_13lp_00001,11,roi1_3x_x1100y950_z8_3000f_11.5lp_00001,11
NEAR,Vgat/0730,0.771561599854286,0.821806342304072,5,roi1_2x_x1100y950_z13_6000f_13lp_00001,15,roi1_3x_x1100y950_z8_6000f_13lp_00001,10
FAR,Sert/0721,0.771289921849787,66.6048711695456,15,ro1_2x_x1018y1130_z10_20lp_6000f_00001,41,ro1_2x_x1018y1130_z25_26lp_6000f_00001,15
NEAR,Vglut2/0728,0.771132103480413,2.10548374076776,8.4375,fov1_2.1x_y1350x1310_z30_3000f_13lp_00001,24,fov1_2x_y1700x1350_z15_6000f_16lp_00001,36
NEAR,Vglut2/0728,0.77081610007648,2.01661732056429,15,fov1_2x_y1700x1350_z0_6000f_15.5lp_00001,8,fov1_2x_y1700x1350_z15_6000f_17.5lp_00001,23
FAR,Sert/0721,0.770599389865384,96.8040526246608,5,ro1_2x_x1018y1130_z10_20lp_6000f_00001,12,ro1_2x_x1018y1130_z15_20lp_6000f_00001,22
FAR,Vglut2/0728,0.770322009134254,124.652030750536,10.3125,fov1_2x_y1700x1350_z15_6000f_16lp_00001,37,fov1_2x_y1700x1350_z5_6000f_15.5lp_00002,14
FAR,Vglut2/0728,0.770007047907279,113.299345055015,20,fov1_1.7x_y1650x1320_z40_3000f_17lp_00001,25,fov1_2x_y1700x1350_z15_6000f_16lp_00001,6
NEAR,Vglut2/0728,0.769659573866115,1.03278061811525,11.5625,fov1_1.7x_y1650x1320_z40_3000f_17lp_00001,41,fov1_2.1x_y1350x1310_z30_3000f_13lp_00001,30
FAR,Vgat/0730,0.768958115511282,138.081552778103,33.125,roi2_1.6x_x1050y2250_z50_2000f_10.5lp_00001,5,roi2_2.2x_x1050y2250_z80_2000f_11.5lp_00001,44
FAR,Vglut2/1124,0.768666813020359,67.7664638098893,20,roi3_-1000-300-40_32lp_930_x1.4_256x512_3000f_00001,88,roi3_-1000-300-60_38lp_930_x1.4_256x512_3000f_00001,127
FAR,Vglut2/1124,0.768038136290541,64.2334567351918,20,roi3_-1000-300-40_32lp_930_x1.4_256x512_3000f_00001,62,roi3_-1000-300-60_38lp_930_x1.4_256x512_3000f_00001,103
FAR,Vglut2/1124,0.767248448487736,73.2946646549362,20,roi3_-1000-300-40_32lp_930_x1.4_256x512_3000f_00001,87,roi3_-1000-300-60_38lp_930_x1.4_256x512_3000f_00001,109
FAR,Vglut2/0728,0.767120949400281,67.3759377937757,10,fov1_2x_y1700x1350_z15_6000f_17.5lp_00001,31,fov1_2x_y1700x1350_z5_6000f_15.5lp_00001,12
NEAR,Vgat/0730,0.766619600848141,2.66204655154649,10.3125,roi1_2.4x_x950y1000_z85_6000f_14.5lp_00001,25,roi1_3x_x950y1000_z70_6000f_15lp_00001,18
NEAR,Vglut2/0728,0.766143784453949,1.64181018200376,10,fov1_1.7x_y1650x1320_z30_3000f_15lp_00001,35,fov1_2x_y1700x1350_z15_6000f_16lp_00001,36
FAR,Vglut2/0728,0.766032251449017,125.797436549298,5,fov1_1.7x_y1650x1320_z30_3000f_15lp_00001,24,fov1_2x_y1700x1350_z25_3000f_16lp_00001,39
FAR,Vglut2/1124,0.76599540701628,132.237984955044,30,roi3_-1000-300-60_38lp_930_x1.4_256x512_3000f_00001,62,roi3_-650-380-30_26lp_930_x1.2_256x512_3000f_00001,112
FAR,Vglut2/0728,0.765957055751661,139.690938075489,35.3125,fov1_1.7x_y1650x1320_z40_3000f_17lp_00001,27,fov1_2x_y1700x1350_z5_6000f_15.5lp_00001,10
FAR,Vglut2/0728,0.765634190710562,98.7306790196386,15,fov1_1.7x_y1650x1320_z35_3000f_15lp_00001,25,fov1_2x_y1700x1350_z15_6000f_16lp_00001,37
NEAR,Vglut2/0728,0.765463393652651,1.30153169327267,5,fov1_1.7x_y1650x1320_z30_3000f_15lp_00001,46,fov1_2x_y1700x1350_z25_3000f_16lp_00001,46
NEAR,Vglut2/0728,0.765201060240622,2.18921975024757,11.5625,fov1_1.7x_y1650x1320_z40_3000f_17lp_00001,29,fov1_2.1x_y1350x1310_z30_3000f_13lp_00001,15
NEAR,Vgat/0730,0.764852629430202,2.49656278817885,1.25,roi1_1.6x_x1050y1000_z100_3000f_17.5lp_00001,60,roi1_3x_x1050y1000_z100_3000f_17lp_00001,15
FAR,Sert/0721,0.764419106224593,48.3133172279001,0.9375,ro1_2x_x1018y1130_z10_20lp_6000f_00001,18,ro3_4x_x700y-1233_z-10_24.5lp_6000f_00001,8
FAR,Sert/0721,0.7642507612543,98.5262525561685,11.875,ro1_2x_x1018y1130_z25_26lp_6000f_00001,7,ro3_2.5x_x450y1500_z-15_28.5lp_6000f_00003,4
NEAR,Vglut2/0728,0.763584797991525,0.634974005921651,5,fov1_1.7x_y1650x1320_z30_3000f_15lp_00001,33,fov1_1.7x_y1650x1320_z35_3000f_15lp_00001,35
NEAR,Vgat/0730,0.763451037095792,1.47374086944991,8.125,roi1_1.4x_x1100y1050_z6_5000f_13lp_00001,11,roi1_1.2x_x1100y1050_z0_5000f_14lp_00001,9
FAR,Sert/0721,0.763277105181128,97.8909714143876,0.9375,ro1_2x_x1018y1130_z10_20lp_6000f_00001,19,ro3_4x_x700y-1233_z-10_24.5lp_6000f_00001,8
NEAR,Vglut2/0728,0.762054447967203,0.493098453562368,15,fov1_2x_y1700x1350_z0_6000f_15.5lp_00001,3,fov1_2x_y1700x1350_z15_6000f_17.5lp_00001,6
NEAR,Vglut2/0728,0.761856785735404,1.05267593464063,10.3125,fov1_2x_y1700x1350_z15_6000f_17.5lp_00001,29,fov1_2x_y1700x1350_z25_3000f_16lp_00001,38
FAR,Vglut2/0224/pFN,0.761506465392124,39.1284650317491,0.9375,pFN_roi1_z0_512x512_6x_2000f_00001,2,pFN_roi2_z5_25x_512x512_3x_6000f_00001,7
FAR,Vgat/0730,0.76113932027955,40.3495351311398,33.125,roi2_1.6x_x1050y2250_z50_2000f_10.5lp_00001,22,roi2_2.2x_x1050y2250_z80_2000f_11.5lp_00001,45
FAR,Vgat/0730,0.760698544371428,71.4503643642339,33.125,roi2_1.6x_x1050y2250_z50_2000f_10.5lp_00001,22,roi2_2.2x_x1050y2250_z80_2000f_11.5lp_00001,36
FAR,Vglut2/0728,0.760581737819776,76.7313722694111,20.3125,fov1_2x_y1700x1350_z0_6000f_15.5lp_00001,10,fov1_2x_y1700x1350_z15_6000f_16lp_00001,21
NEAR,Vgat/0730,0.760531229330198,0.628428822956631,5.625,roi2_1.5x_x1050y2250_z35_2000f_8lp_00001,29,roi2_1.6x_x1050y2250_z50_2000f_10.5lp_00001,22
NEAR,Vglut2/0728,0.760222574915803,2.61431638463779,10,fov1_1.7x_y1650x1320_z30_3000f_15lp_00001,28,fov1_1.7x_y1650x1320_z40_3000f_17lp_00001,29
FAR,Vglut2/0728,0.760091010330506,136.272186970899,5.3125,fov1_2x_y1700x1350_z15_6000f_16lp_00001,44,fov1_2x_y1700x1350_z15_6000f_17.5lp_00001,28
FAR,Vglut2/0728,0.759953408706572,41.5513635129399,10.3125,fov1_2x_y1700x1350_z15_6000f_16lp_00001,34,fov1_2x_y1700x1350_z5_6000f_15.5lp_00002,16
FAR,Sert/0721,0.759868190970378,134.707184302075,10,ro1_2x_x1018y1130_z15_20lp_6000f_00001,14,ro1_2x_x1018y1130_z25_26lp_6000f_00001,2
FAR,Sert/0721,0.759215945034487,144.942958722494,5,ro1_2x_x1018y1130_z10_20lp_6000f_00001,41,ro1_2x_x1018y1130_z15_20lp_6000f_00001,19
NEAR,Vglut2/0728,0.759093802287821,2.11624737304023,8.4375,fov1_2.1x_y1350x1310_z30_3000f_13lp_00001,10,fov1_2x_y1700x1350_z15_6000f_16lp_00001,18
FAR,Sert/0721,0.758415776927695,115.942058834627,10,ro1_2x_x1018y1130_z15_20lp_6000f_00001,49,ro1_2x_x1018y1130_z25_26lp_6000f_00001,22
NEAR,Vglut2/0728,0.758413663451978,0.544672869991158,11.5625,fov1_1.7x_y1650x1320_z40_3000f_17lp_00001,53,fov1_2.1x_y1350x1310_z30_3000f_13lp_00001,39
FAR,Sert/0721,0.757783205731165,146.727944495037,11.875,ro5_1.6x_x1200y-400_z0_26lp_6000f_00001,39,ro6_1.6x_x1200y-700_z0_26lp_6000f_00001,22
FAR,Vglut2/0728,0.757776631933019,73.7592234564621,5,fov1_2x_y1700x1350_z15_6000f_16lp_00001,15,fov1_2x_y1700x1350_z25_3000f_16lp_00001,6
NEAR,Sert/0721,0.757734760359044,1.14085125150042,10,ro1_2x_x1018y1130_z15_20lp_6000f_00001,47,ro1_2x_x1018y1130_z25_26lp_6000f_00001,11
FAR,Vglut2/0728,0.756994254758081,129.580628198055,15,fov1_2x_y1700x1350_z0_6000f_15.5lp_00001,9,fov1_2x_y1700x1350_z15_6000f_17.5lp_00001,34
NEAR,Vglut2/0728,0.756955182726351,2.54928898068076,10,fov1_1.7x_y1650x1320_z30_3000f_15lp_00001,41,fov1_1.7x_y1650x1320_z40_3000f_17lp_00001,45
NEAR,Vglut2/0728,0.756734830724925,2.88661842746435,10,fov1_2x_y1700x1350_z15_6000f_17.5lp_00001,5,fov1_2x_y1700x1350_z5_6000f_15.5lp_00001,2
NEAR,Sert/0721,0.756331951488589,1.02718053188201,5.9375,ro1_2x_x1018y1130_z15_20lp_6000f_00001,11,ro3_4x_x700y-1233_z-10_24.5lp_6000f_00001,7
FAR,Vgat/0730,0.755917520555415,48.7182051002988,21.2495,roi2_2.2x_x1050y2250_z100_2000f_12lp_00001,35,roi2_2.2x_x1050y2250_z80_2000f_11.5lp_00001,44
NEAR,Vglut2/0728,0.755713554724856,1.81365114318617,5,fov1_1.7x_y1650x1320_z30_3000f_15lp_00001,7,fov1_2x_y1700x1350_z25_3000f_16lp_00001,6
FAR,Sert/0721,0.755030202977897,125.881180843303,5.9375,ro1_2x_x1018y1130_z15_20lp_6000f_00001,4,ro3_4x_x700y-1233_z-10_24.5lp_6000f_00001,15
FAR,Vglut2/0728,0.754318360519244,138.45331689876,10,fov1_2x_y1700x1350_z0_6000f_15.5lp_00001,10,fov1_2x_y1700x1350_z5_6000f_15.5lp_00002,15
FAR,Vglut2/0728,0.754302173075664,43.3444091502912,10.3125,fov1_2x_y1700x1350_z15_6000f_17.5lp_00001,32,fov1_2x_y1700x1350_z25_3000f_16lp_00001,43
FAR,Vglut2/1124,0.754099400239397,40.8628865797807,20,roi3_-1000-300-40_32lp_930_x1.4_256x512_3000f_00001,5,roi3_-1000-300-60_38lp_930_x1.4_256x512_3000f_00001,9
FAR,Vglut2/0728,0.753594260780786,73.8764038757549,18.75,fov1_2.1x_y1350x1310_z30_3000f_13lp_00001,1,fov1_2x_y1700x1350_z5_6000f_15.5lp_00002,5
FAR,Vgat/0730,0.753573057772146,98.1127750123216,38.75,roi2_1.5x_x1050y2250_z35_2000f_8lp_00001,10,roi2_2.2x_x1050y2250_z80_2000f_11.5lp_00001,44
FAR,Vglut2/0728,0.753128150204077,52.5410575691368,10.3125,fov1_2x_y1700x1350_z15_6000f_17.5lp_00001,3,fov1_2x_y1700x1350_z25_3000f_16lp_00001,11
NEAR,Sert/0721,0.75270568424453,1.56013150553897,3.125,ro1_2x_x1018y1130_z10_20lp_6000f_00001,43,ro3_2.5x_x450y1500_z-15_28.5lp_6000f_00003,13
NEAR,Vglut2/0728,0.752613241289712,2.7579847683113,5,fov1_1.7x_y1650x1320_z30_3000f_15lp_00001,28,fov1_1.7x_y1650x1320_z35_3000f_15lp_00001,30
NEAR,Vglut2/0728,0.752457726935206,2.91620045068555,15,fov1_1.7x_y1650x1320_z40_3000f_17lp_00001,3,fov1_2x_y1700x1350_z25_3000f_16lp_00001,1
NEAR,Vgat/0730,0.752353719102723,2.71913370606121,5.625,roi2_1.5x_x1050y2250_z35_2000f_8lp_00001,2,roi2_1.6x_x1050y2250_z50_2000f_10.5lp_00001,2
FAR,Vglut2/0728,0.752058998897079,102.645383175454,20.3125,fov1_2x_y1700x1350_z0_6000f_15.5lp_00001,11,fov1_2x_y1700x1350_z15_6000f_16lp_00001,21
FAR,Sert/0721,0.751797181649589,142.984070792663,10,ro1_2x_x1018y1130_z15_20lp_6000f_00001,48,ro1_2x_x1018y1130_z25_26lp_6000f_00001,1
FAR,Vglut2/0224/pFN,0.751440941774417,119.663999315158,2.1875,pFN_roi2_z5_25x_512x512_3x_6000f_00001,14,pFN_roi2_z5_512x512_6x_6000f_00001,6
NEAR,Vglut2/0728,0.75128457372029,0.929736905745342,10,fov1_1.7x_y1650x1320_z35_3000f_15lp_00001,43,fov1_2x_y1700x1350_z25_3000f_16lp_00001,39
FAR,Vglut2/0728,0.751212443726145,77.9850208547307,8.4375,fov1_2.1x_y1350x1310_z30_3000f_13lp_00001,19,fov1_2x_y1700x1350_z15_6000f_16lp_00001,37
NEAR,Vglut2/0728,0.751085052939715,1.70157896008278,10.3125,fov1_2x_y1700x1350_z15_6000f_17.5lp_00001,32,fov1_2x_y1700x1350_z25_3000f_16lp_00001,42
FAR,Vglut2/0728,0.75075160069616,141.908691470234,5,fov1_2x_y1700x1350_z5_6000f_15.5lp_00001,10,fov1_2x_y1700x1350_z5_6000f_15.5lp_00002,13
FAR,Vglut2/0728,0.750741131677156,129.728507412119,25.3125,fov1_1.7x_y1650x1320_z30_3000f_15lp_00001,31,fov1_2x_y1700x1350_z5_6000f_15.5lp_00001,12
NEAR,Vglut2/0728,0.750598365822146,0.410429024403603,5,fov1_2x_y1700x1350_z15_6000f_16lp_00001,3,fov1_2x_y1700x1350_z25_3000f_16lp_00001,3
FAR,Sert/0721,0.750437963652522,145.596756073766,11.875,ro1_2x_x1018y1130_z25_26lp_6000f_00001,15,ro3_2.5x_x450y1500_z-15_28.5lp_6000f_00003,15
FAR,Vgat/0730,0.749847686890604,66.5123201372043,10.3125,roi1_2.4x_x950y1000_z85_6000f_14.5lp_00001,15,roi1_3x_x950y1000_z70_6000f_15lp_00001,14
NEAR,Sert/0721,0.74972473418919,2.06888248513397,1.875,ro1_2x_x1018y1130_z15_20lp_6000f_00001,38,ro3_2.5x_x450y1500_z-15_28.5lp_6000f_00003,6
NEAR,Vglut2/0728,0.749601045462888,3.90038480330017,5,fov1_1.7x_y1650x1320_z30_3000f_15lp_00001,36,fov1_1.7x_y1650x1320_z35_3000f_15lp_00001,36
FAR,Vglut2/0728,0.749589721337789,40.0510544549546,5,fov1_2x_y1700x1350_z5_6000f_15.5lp_00001,10,fov1_2x_y1700x1350_z5_6000f_15.5lp_00002,16
FAR,Vgat/0730,0.749443967860425,137.516258503432,21.2495,roi2_2.2x_x1050y2250_z100_2000f_12lp_00001,4,roi2_2.2x_x1050y2250_z80_2000f_11.5lp_00001,49
FAR,Vglut2/1124,0.749333415064037,18.1896976232843,20,roi3_-1000-300-40_32lp_930_x1.4_256x512_3000f_00001,60,roi3_-1000-300-60_38lp_930_x1.4_256x512_3000f_00001,87
NEAR,Vgat/0730,0.749311870268616,2.9361305437192,10.3125,roi1_2.4x_x950y1000_z85_6000f_14.5lp_00001,40,roi1_3x_x950y1000_z70_6000f_15lp_00001,34
FAR,Vglut2/0728,0.749205566281458,113.030766116339,10,fov1_2x_y1700x1350_z0_6000f_15.5lp_00001,10,fov1_2x_y1700x1350_z5_6000f_15.5lp_00002,10
FAR,Vgat/0730,0.749138335046116,144.616491743613,33.125,roi2_1.6x_x1050y2250_z50_2000f_10.5lp_00001,6,roi2_2.2x_x1050y2250_z80_2000f_11.5lp_00001,45
FAR,Vglut2/1124,0.748792308553785,91.7739147226168,20,roi3_-1000-300-40_32lp_930_x1.4_256x512_3000f_00001,40,roi3_-1000-300-60_38lp_930_x1.4_256x512_3000f_00001,34
NEAR,Vglut2/0728,0.747780553073157,1.94759944196688,8.4375,fov1_2.1x_y1350x1310_z30_3000f_13lp_00001,12,fov1_2x_y1700x1350_z15_6000f_16lp_00001,22
NEAR,Vglut2/0728,0.747739563947126,4.91794367446928,5,roi2_1.6x_y1400x1600_z5_3000f_16lp_00001,9,roi2_2x_y1400x1550_z0_3000f_15lp_00001,7
FAR,Vglut2/0728,0.74743390003957,112.403252051151,10,fov1_1.7x_y1650x1320_z35_3000f_15lp_00001,25,fov1_2x_y1700x1350_z25_3000f_16lp_00001,6
FAR,Vglut2/0224/pFN,0.746853629133273,131.795003292274,2.1875,pFN_roi2_z5_25x_512x512_3x_6000f_00001,5,pFN_roi2_z5_512x512_6x_6000f_00001,10
NEAR,Vglut2/0728,0.746763839797127,0.762768767724911,5,fov1_1.7x_y1650x1320_z35_3000f_15lp_00001,7,fov1_1.7x_y1650x1320_z40_3000f_17lp_00001,7
FAR,Vgat/0730,0.746757945044204,119.179311303215,18.125,roi2_1.6x_x1050y2250_z63_2000f_11.5lp_00001,58,roi2_2.2x_x1050y2250_z80_2000f_11.5lp_00001,45
FAR,Sert/0721,0.74653012396581,98.8979782393536,11.875,ro5_1.6x_x1200y-400_z0_26lp_6000f_00001,39,ro6_1.6x_x1200y-700_z0_26lp_6000f_00001,41
FAR,Vglut2/0728,0.74613044864331,87.2070574942721,25.3125,fov1_1.7x_y1650x1320_z35_3000f_15lp_00001,26,fov1_2x_y1700x1350_z5_6000f_15.5lp_00002,8
FAR,Sert/0721,0.746044791093516,6.31562114095731,5,ro1_2x_x1018y1130_z10_20lp_6000f_00001,26,ro1_2x_x1018y1130_z15_20lp_6000f_00001,23
FAR,Vglut2/0728,0.746013371425092,43.0492257073737,5,fov1_2x_y1700x1350_z5_6000f_15.5lp_00001,11,fov1_2x_y1700x1350_z5_6000f_15.5lp_00002,15
FAR,Vglut2/0728,0.74580322473794,39.8792297667687,15,fov1_2x_y1700x1350_z0_6000f_15.5lp_00001,8,fov1_2x_y1700x1350_z15_6000f_17.5lp_00001,28
FAR,Vglut2/0728,0.745472959139283,112.869550616462,10,fov1_2x_y1700x1350_z0_6000f_15.5lp_00001,9,fov1_2x_y1700x1350_z5_6000f_15.5lp_00002,13
FAR,Vgat/0730,0.745244490973407,38.8768271925915,33.125,roi2_1.6x_x1050y2250_z50_2000f_10.5lp_00001,25,roi2_2.2x_x1050y2250_z80_2000f_11.5lp_00001,60
FAR,Vglut2/0728,0.744810308058327,75.4175762264239,10.3125,fov1_2x_y1700x1350_z15_6000f_16lp_00001,15,fov1_2x_y1700x1350_z5_6000f_15.5lp_00002,5
NEAR,Vgat/0730,0.744802264335584,1.06462177902944,5.625,roi2_1.5x_x1050y2250_z35_2000f_8lp_00001,3,roi2_1.6x_x1050y2250_z50_2000f_10.5lp_00001,3
FAR,Vgat/0730,0.744583989742908,122.536512087601,18.125,roi2_1.6x_x1050y2250_z63_2000f_11.5lp_00001,9,roi2_2.2x_x1050y2250_z80_2000f_11.5lp_00001,5
FAR,Vglut2/0224/pFN,0.744272294459242,65.1816460602017,2.1875,pFN_roi2_z5_25x_512x512_3x_6000f_00001,11,pFN_roi2_z5_512x512_6x_6000f_00001,10
FAR,Vglut2/0728,0.744100502785628,88.5215961938818,10.3125,fov1_2x_y1700x1350_z15_6000f_17.5lp_00001,7,fov1_2x_y1700x1350_z25_3000f_16lp_00001,5
FAR,Sert/0721,0.744032244760241,130.981520387421,5,ro1_2x_x1018y1130_z10_20lp_6000f_00001,30,ro1_2x_x1018y1130_z15_20lp_6000f_00001,41
FAR,Vglut2/1124,0.742549392605577,75.2469835700758,20,roi3_-1000-300-40_32lp_930_x1.4_256x512_3000f_00001,80,roi3_-1000-300-60_38lp_930_x1.4_256x512_3000f_00001,99
NEAR,Vglut2/0728,0.742372983343864,2.24342975430355,10.3125,fov1_2x_y1700x1350_z15_6000f_17.5lp_00001,22,fov1_2x_y1700x1350_z25_3000f_16lp_00001,29
FAR,Sert/0721,0.742342971735506,96.4821751547713,5.9375,ro1_2x_x1018y1130_z15_20lp_6000f_00001,22,ro3_4x_x700y-1233_z-10_24.5lp_6000f_00001,8
FAR,Vglut2/0728,0.742197362181549,141.427987871382,15,fov1_2x_y1700x1350_z0_6000f_15.5lp_00001,8,fov1_2x_y1700x1350_z15_6000f_17.5lp_00001,14
NEAR,Vglut2/0728,0.74160055848069,1.58411131457477,10,fov1_1.7x_y1650x1320_z30_3000f_15lp_00001,21,fov1_2x_y1700x1350_z15_6000f_16lp_00001,18
FAR,Vglut2/1124,0.741062261566513,143.296001344188,20,roi3_-1000-300-40_32lp_930_x1.4_256x512_3000f_00001,59,roi3_-1000-300-60_38lp_930_x1.4_256x512_3000f_00001,62
NEAR,Vglut2/0728,0.74042919405005,1.60818134319762,3.4375,fov1_2.1x_y1350x1310_z30_3000f_13lp_00001,30,fov1_2x_y1700x1350_z25_3000f_16lp_00001,36
FAR,Sert/0721,0.740317467562878,97.4249843501802,0.9375,ro1_2x_x1018y1130_z10_20lp_6000f_00001,20,ro3_4x_x700y-1233_z-10_24.5lp_6000f_00001,15
FAR,Vglut2/0728,0.740210312560546,73.6201357163675,5,fov1_2x_y1700x1350_z15_6000f_16lp_00001,6,fov1_2x_y1700x1350_z25_3000f_16lp_00001,13
FAR,Sert/0721,0.740192605787794,88.4622700035471,1.5625,ro7_1.6x_x1000y-1000_z0_26lp_6000f_00001,21,roi7_1.8x_x-1000-1000_z0_16lp_3000f_00001,22
FAR,Sert/0721,0.740077178028812,122.127243365651,10,ro1_2x_x1018y1130_z15_20lp_6000f_00001,29,ro1_2x_x1018y1130_z25_26lp_6000f_00001,15
FAR,Vgat/0730,0.740039897962971,70.5731254627227,38.75,roi2_1.5x_x1050y2250_z35_2000f_8lp_00001,10,roi2_2.2x_x1050y2250_z80_2000f_11.5lp_00001,22
FAR,Vglut2/0728,0.739271022794752,114.900062960197,5,fov1_2x_y1700x1350_z0_6000f_15.5lp_00001,4,fov1_2x_y1700x1350_z5_6000f_15.5lp_00001,12
FAR,Vglut2/0728,0.738913654627158,129.446095151494,15,fov1_2x_y1700x1350_z0_6000f_15.5lp_00001,19,fov1_2x_y1700x1350_z15_6000f_17.5lp_00001,23
FAR,Vglut2/1124,0.738736492692773,8.31443328882349,20,roi3_-1000-300-40_32lp_930_x1.4_256x512_3000f_00001,5,roi3_-1000-300-60_38lp_930_x1.4_256x512_3000f_00001,6
FAR,Vglut2/0728,0.738541418673983,128.358507001004,5,fov1_2x_y1700x1350_z15_6000f_17.5lp_00001,11,fov1_2x_y1700x1350_z5_6000f_15.5lp_00002,14
NEAR,Vglut2/0728,0.738523718153041,0.899602928378107,10.3125,fov1_2x_y1700x1350_z15_6000f_17.5lp_00001,26,fov1_2x_y1700x1350_z25_3000f_16lp_00001,35
NEAR,Vglut2/0728,0.738449022999874,2.26451727171278,10,fov1_1.7x_y1650x1320_z35_3000f_15lp_00001,47,fov1_2x_y1700x1350_z25_3000f_16lp_00001,45
NEAR,Vglut2/0728,0.738134706211761,0.317706169944015,5,fov1_1.7x_y1650x1320_z35_3000f_15lp_00001,21,fov1_1.7x_y1650x1320_z40_3000f_17lp_00001,22
NEAR,Sert/0721,0.737707602180995,4.22683691645652,10,ro1_2x_x1018y1130_z15_20lp_6000f_00001,48,ro1_2x_x1018y1130_z25_26lp_6000f_00001,12
FAR,Vglut2/0728,0.737371625483402,121.700620365577,8.4375,fov1_2.1x_y1350x1310_z30_3000f_13lp_00001,27,fov1_2x_y1700x1350_z15_6000f_16lp_00001,21
NEAR,Vglut2/0728,0.737166333164877,1.90696442849805,3.4375,fov1_2.1x_y1350x1310_z30_3000f_13lp_00001,14,fov1_2x_y1700x1350_z25_3000f_16lp_00001,24
NEAR,Vglut2/0728,0.737097513517373,1.93160175957779,8.4375,fov1_2.1x_y1350x1310_z30_3000f_13lp_00001,3,fov1_2x_y1700x1350_z15_6000f_16lp_00001,6
FAR,Sert/0721,0.737067137391773,53.0486865885516,5,ro1_2x_x1018y1130_z10_20lp_6000f_00001,12,ro1_2x_x1018y1130_z15_20lp_6000f_00001,19
NEAR,Vglut2/0728,0.736607940613332,0.194080327892794,5,fov1_1.7x_y1650x1320_z30_3000f_15lp_00001,16,fov1_1.7x_y1650x1320_z35_3000f_15lp_00001,18
FAR,Vglut2/1124,0.736468818408291,16.9101720801033,20,roi3_-1000-300-40_32lp_930_x1.4_256x512_3000f_00001,66,roi3_-1000-300-60_38lp_930_x1.4_256x512_3000f_00001,100
FAR,Vglut2/0728,0.736328756238679,37.3998447839088,10,fov1_2x_y1700x1350_z0_6000f_15.5lp_00001,14,fov1_2x_y1700x1350_z5_6000f_15.5lp_00002,15
NEAR,Vglut2/0728,0.736283346706664,1.97437416612427,15,fov1_1.7x_y1650x1320_z40_3000f_17lp_00001,19,fov1_2x_y1700x1350_z25_3000f_16lp_00001,12
FAR,Vgat/0730,0.736205239629222,91.2357827341804,33.125,roi2_1.6x_x1050y2250_z50_2000f_10.5lp_00001,22,roi2_2.2x_x1050y2250_z80_2000f_11.5lp_00001,49
NEAR,Sert/0721,0.735995123451485,4.16010636137178,5,ro1_2x_x1018y1130_z10_20lp_6000f_00001,31,ro1_2x_x1018y1130_z15_20lp_6000f_00001,29
FAR,Vglut2/0728,0.735936378263313,111.528543999649,30.3125,fov1_1.7x_y1650x1320_z30_3000f_15lp_00001,24,fov1_2x_y1700x1350_z0_6000f_15.5lp_00001,9
FAR,Vglut2/0728,0.735916550455123,67.4686636461251,15,fov1_2x_y1700x1350_z0_6000f_15.5lp_00001,10,fov1_2x_y1700x1350_z15_6000f_17.5lp_00001,31
FAR,Vglut2/0728,0.735883949292234,90.6677388442676,5,fov1_2x_y1700x1350_z0_6000f_15.5lp_00001,10,fov1_2x_y1700x1350_z5_6000f_15.5lp_00001,15
NEAR,Vglut2/0728,0.735849799253151,0.710824439867705,6.5625,fov1_1.7x_y1650x1320_z35_3000f_15lp_00001,38,fov1_2.1x_y1350x1310_z30_3000f_13lp_00001,28
NEAR,Vglut2/0728,0.735758856906321,1.14962511850019,10,fov1_1.7x_y1650x1320_z30_3000f_15lp_00001,25,fov1_2x_y1700x1350_z15_6000f_16lp_00001,22
FAR,Vglut2/0728,0.735584575803673,79.8336765271114,10.3125,fov1_2x_y1700x1350_z15_6000f_16lp_00001,36,fov1_2x_y1700x1350_z5_6000f_15.5lp_00002,14
FAR,Sert/0721,0.73522851951802,60.9187127272051,5,ro1_2x_x1018y1130_z10_20lp_6000f_00001,41,ro1_2x_x1018y1130_z15_20lp_6000f_00001,29
NEAR,Vglut2/1124,0.734785363278925,0.989130261595406,5.3125,roi5_1400-1230-0_x4.4_15lp_6000f_00001,10,roi5_1400-1300-0_18lp_930_x4_512x512_6000f_00002,17
FAR,Vglut2/0224/pFN,0.734210073297241,66.3792902192659,2.1875,pFN_roi2_z5_25x_512x512_3x_6000f_00001,21,pFN_roi2_z5_512x512_6x_6000f_00001,5
FAR,Vgat/0730,0.733729546474954,29.3635516658806,20.001,roi1_2.4x_x1300y900_z250_3000f_30lp_00001,2,roi1_3x_x1350y850_z265_3000f_31lp_00001,1
FAR,Sert/0721,0.733656792861755,126.711791626032,1.5625,ro7_1.6x_x1000y-1000_z0_26lp_6000f_00001,47,roi7_1.8x_x-1000-1000_z0_16lp_3000f_00001,34
FAR,Vgat/0730,0.733611136248364,76.7510175363078,17.8125,roi1_2.4x_x950y1000_z85_6000f_14.5lp_00001,40,roi1_3x_x1050y1000_z100_3000f_17lp_00001,23
FAR,Vglut2/0728,0.733150408349113,6.46314672972151,5,roi2_1.6x_y1400x1600_z5_3000f_16lp_00001,11,roi2_2x_y1400x1550_z0_3000f_15lp_00001,6
FAR,Sert/0721,0.733098060777754,114.561173514834,5,ro1_2x_x1018y1130_z10_20lp_6000f_00001,20,ro1_2x_x1018y1130_z15_20lp_6000f_00001,4
FAR,Sert/0721,0.732993570186723,137.08579407341,10,ro1_2x_x1018y1130_z15_20lp_6000f_00001,14,ro1_2x_x1018y1130_z25_26lp_6000f_00001,1
FAR,Vglut2/0728,0.732904515990412,103.971006987488,11.5625,fov1_1.7x_y1650x1320_z40_3000f_17lp_00001,9,fov1_2.1x_y1350x1310_z30_3000f_13lp_00001,11
NEAR,Vglut2/0728,0.732822611464239,1.25790524923627,15,fov1_2x_y1700x1350_z0_6000f_15.5lp_00001,6,fov1_2x_y1700x1350_z15_6000f_17.5lp_00001,15
FAR,Sert/0721,0.732720797022216,149.932557201713,3.125,ro1_2x_x1018y1130_z10_20lp_6000f_00001,41,ro3_2.5x_x450y1500_z-15_28.5lp_6000f_00003,7
FAR,Sert/0721,0.732627586801782,61.5485730388418,5,ro1_2x_x1018y1130_z10_20lp_6000f_00001,12,ro1_2x_x1018y1130_z15_20lp_6000f_00001,4
FAR,Sert/0721,0.732406862362226,92.9747466720566,5.9375,ro1_2x_x1018y1130_z15_20lp_6000f_00001,13,ro3_4x_x700y-1233_z-10_24.5lp_6000f_00001,19
FAR,Sert/0721,0.73205938252581,97.3223536022651,0.9375,ro1_2x_x1018y1130_z10_20lp_6000f_00001,19,ro3_4x_x700y-1233_z-10_24.5lp_6000f_00001,16
NEAR,Vglut2/0728,0.731950979833156,2.53163199634481,10.3125,fov1_2x_y1700x1350_z15_6000f_17.5lp_00001,30,fov1_2x_y1700x1350_z25_3000f_16lp_00001,39
FAR,Vglut2/0728,0.73181483764275,137.724311866876,5.3125,fov1_2x_y1700x1350_z15_6000f_16lp_00001,38,fov1_2x_y1700x1350_z15_6000f_17.5lp_00001,34
FAR,Vglut2/0728,0.731503008339769,118.717283606084,20,fov1_1.7x_y1650x1320_z40_3000f_17lp_00001,25,fov1_2x_y1700x1350_z15_6000f_16lp_00001,21
FAR,Sert/0721,0.731440281092869,127.135560805618,1.875,ro1_2x_x1018y1130_z15_20lp_6000f_00001,44,ro3_2.5x_x450y1500_z-15_28.5lp_6000f_00003,16
FAR,Vglut2/0728,0.73139213006989,41.4738142735293,15.3125,fov1_1.7x_y1650x1320_z30_3000f_15lp_00001,43,fov1_2x_y1700x1350_z15_6000f_17.5lp_00001,32
FAR,Vglut2/0728,0.731278355741005,124.086201757761,20.3125,fov1_2x_y1700x1350_z0_6000f_15.5lp_00001,6,fov1_2x_y1700x1350_z15_6000f_16lp_00001,37
FAR,Vglut2/0728,0.731149291666636,103.592552732282,20.3125,fov1_2x_y1700x1350_z0_6000f_15.5lp_00001,6,fov1_2x_y1700x1350_z15_6000f_16lp_00001,6
FAR,Vglut2/0728,0.730956219928596,103.558614771532,10.3125,fov1_2x_y1700x1350_z15_6000f_16lp_00001,21,fov1_2x_y1700x1350_z5_6000f_15.5lp_00002,5
NEAR,Vglut2/0728,0.730690010961885,1.19675599348131,5,fov1_1.7x_y1650x1320_z30_3000f_15lp_00001,27,fov1_2x_y1700x1350_z25_3000f_16lp_00001,24
FAR,Vgat/0730,0.730659302422792,33.7697908668178,1.25,roi1_1.6x_x1050y1000_z100_3000f_17.5lp_00001,67,roi1_3x_x1050y1000_z100_3000f_17lp_00001,17
FAR,Vglut2/0728,0.730165355812371,68.5183394874434,20,fov1_1.7x_y1650x1320_z40_3000f_17lp_00001,44,fov1_2x_y1700x1350_z15_6000f_16lp_00001,38
NEAR,Vglut2/0728,0.730143664389162,0.615081751187649,5.3125,fov1_2x_y1700x1350_z15_6000f_16lp_00001,13,fov1_2x_y1700x1350_z15_6000f_17.5lp_00001,6
FAR,Sert/0721,0.730113894022262,62.398210997872,15,ro1_2x_x1018y1130_z10_20lp_6000f_00001,41,ro1_2x_x1018y1130_z25_26lp_6000f_00001,3
FAR,Sert/0721,0.730096316869875,127.749416562177,0.9375,ro1_2x_x1018y1130_z10_20lp_6000f_00001,19,ro3_4x_x700y-1233_z-10_24.5lp_6000f_00001,1
FAR,Vgat/0730,0.730091493774712,10.3862393465299,19.0625,roi1_1.6x_x1050y1000_z100_3000f_17.5lp_00001,63,roi1_2.4x_x950y1000_z85_6000f_14.5lp_00001,39
FAR,Vglut2/0224/pFN,0.729907336834067,94.6940613622821,2.1875,pFN_roi2_z5_25x_512x512_3x_6000f_00001,26,pFN_roi2_z5_512x512_6x_6000f_00001,9
FAR,Vglut2/0728,0.729718152969164,109.632487557223,10,fov1_1.7x_y1650x1320_z30_3000f_15lp_00001,38,fov1_2x_y1700x1350_z15_6000f_16lp_00001,15
NEAR,Vglut2/0728,0.729619270230001,3.11804635095161,10,fov1_1.7x_y1650x1320_z30_3000f_15lp_00001,10,fov1_2x_y1700x1350_z15_6000f_16lp_00001,9
FAR,Vglut2/1124,0.729451984368371,108.031826277377,20,roi3_-1000-300-40_32lp_930_x1.4_256x512_3000f_00001,75,roi3_-1000-300-60_38lp_930_x1.4_256x512_3000f_00001,100
FAR,Vgat/0730,0.729394873853918,5.2316210321616,5,roi1_2x_x1100y950_z13_6000f_13lp_00001,3,roi1_3x_x1100y950_z8_6000f_13lp_00001,1
FAR,Vglut2/0224/pFN,0.728983113945138,114.895097007961,2.1875,pFN_roi2_z5_25x_512x512_3x_6000f_00001,5,pFN_roi2_z5_512x512_6x_6000f_00001,5
NEAR,Vglut2/0728,0.72859963079793,2.33182820038329,15,fov1_1.7x_y1650x1320_z35_3000f_15lp_00001,23,fov1_2x_y1700x1350_z15_6000f_16lp_00001,20
FAR,Vglut2/0728,0.728552840172215,147.062233730317,15.3125,fov1_2x_y1700x1350_z15_6000f_16lp_00001,40,fov1_2x_y1700x1350_z5_6000f_15.5lp_00001,14
FAR,Vglut2/0728,0.728467819754266,57.3051702695006,20.3125,fov1_2x_y1700x1350_z0_6000f_15.5lp_00001,9,fov1_2x_y1700x1350_z15_6000f_16lp_00001,38
FAR,Vglut2/0728,0.728377380499114,141.826488505226,20,fov1_1.7x_y1650x1320_z40_3000f_17lp_00001,27,fov1_2x_y1700x1350_z15_6000f_16lp_00001,34
FAR,Vglut2/1124,0.728292624722174,35.5249496907318,20,roi3_-1000-300-40_32lp_930_x1.4_256x512_3000f_00001,10,roi3_-1000-300-60_38lp_930_x1.4_256x512_3000f_00001,9
NEAR,Vglut2/0728,0.728218867875454,2.25692224390509,10,fov1_1.7x_y1650x1320_z35_3000f_15lp_00001,24,fov1_2x_y1700x1350_z25_3000f_16lp_00001,17
FAR,Sert/0721,0.728122636897623,83.6181531526084,15,ro1_2x_x1018y1130_z10_20lp_6000f_00001,41,ro1_2x_x1018y1130_z25_26lp_6000f_00001,4
FAR,Sert/0721,0.727993427856983,114.621176164983,5.9375,ro1_2x_x1018y1130_z15_20lp_6000f_00001,4,ro3_4x_x700y-1233_z-10_24.5lp_6000f_00001,16
NEAR,Vgat/0730,0.727965399126217,2.52398759235267,2.1875,roi1_1.4x_x1100y1050_z6_5000f_13lp_00001,2,roi1_3.2x_x1100y1050_z6_6000f_12lp_00001,2
NEAR,Vglut2/0728,0.727747817921073,1.44038189377318,5,fov1_2x_y1700x1350_z15_6000f_17.5lp_00001,8,fov1_2x_y1700x1350_z5_6000f_15.5lp_00002,11
NEAR,Vglut2/0728,0.727554604756149,3.68037387704232,8.4375,fov1_2.1x_y1350x1310_z30_3000f_13lp_00001,5,fov1_2x_y1700x1350_z15_6000f_16lp_00001,9
NEAR,Vglut2/0728,0.727523052878219,2.69396210999284,10,fov1_1.7x_y1650x1320_z30_3000f_15lp_00001,2,fov1_1.7x_y1650x1320_z40_3000f_17lp_00001,6
NEAR,Vglut2/1124,0.72749142982666,1.86237329730544,5.3125,roi5_1400-1230-0_x4.4_15lp_6000f_00001,13,roi5_1400-1300-0_18lp_930_x4_512x512_6000f_00002,20
FAR,Vglut2/0728,0.727410574747205,71.5222455502647,5,fov1_1.7x_y1650x1320_z30_3000f_15lp_00001,18,fov1_2x_y1700x1350_z25_3000f_16lp_00001,6
FAR,Vglut2/0728,0.727358607379255,149.165800684169,10,fov1_2x_y1700x1350_z0_6000f_15.5lp_00001,4,fov1_2x_y1700x1350_z5_6000f_15.5lp_00002,21
NEAR,Vglut2/0728,0.727286455544755,3.48702184698646,5,roi2_1.6x_y1400x1600_z5_3000f_16lp_00001,16,roi2_2x_y1400x1550_z0_3000f_15lp_00001,13
FAR,Vglut2/0728,0.727092296321299,36.6412217163968,5,fov1_2x_y1700x1350_z0_6000f_15.5lp_00001,6,fov1_2x_y1700x1350_z5_6000f_15.5lp_00001,4
FAR,Vglut2/0728,0.726577946041304,41.1138021103902,5.3125,fov1_2x_y1700x1350_z15_6000f_16lp_00001,43,fov1_2x_y1700x1350_z15_6000f_17.5lp_00001,34
NEAR,Vglut2/0728,0.726514160155951,1.54775541746027,5,fov1_1.7x_y1650x1320_z30_3000f_15lp_00001,3,fov1_1.7x_y1650x1320_z35_3000f_15lp_00001,4
NEAR,Vglut2/0728,0.726104177674019,1.33507744529023,5,fov1_1.7x_y1650x1320_z30_3000f_15lp_00001,6,fov1_1.7x_y1650x1320_z35_3000f_15lp_00001,8
FAR,Vglut2/0728,0.725769735966644,53.0572606894715,10,fov1_1.7x_y1650x1320_z35_3000f_15lp_00001,10,fov1_2x_y1700x1350_z25_3000f_16lp_00001,11
NEAR,Vglut2/0728,0.725739387803096,1.95322943504222,11.5625,fov1_1.7x_y1650x1320_z40_3000f_17lp_00001,28,fov1_2.1x_y1350x1310_z30_3000f_13lp_00001,12
FAR,Vglut2/0728,0.725538231471761,43.6149270696183,10,fov1_2x_y1700x1350_z15_6000f_17.5lp_00001,23,fov1_2x_y1700x1350_z5_6000f_15.5lp_00001,11
FAR,Vglut2/1124,0.725274240890551,108.416453367363,20,roi3_-1000-300-40_32lp_930_x1.4_256x512_3000f_00001,50,roi3_-1000-300-60_38lp_930_x1.4_256x512_3000f_00001,49
FAR,Vgat/0730,0.724359232733835,111.451147226586,38.75,roi2_1.5x_x1050y2250_z35_2000f_8lp_00001,10,roi2_2.2x_x1050y2250_z80_2000f_11.5lp_00001,27
FAR,Vglut2/0728,0.724308059810438,115.362936504417,5.3125,fov1_2x_y1700x1350_z15_6000f_16lp_00001,36,fov1_2x_y1700x1350_z15_6000f_17.5lp_00001,7
FAR,Vgat/0730,0.724183058080591,69.4741734794992,0,roi1_3x_x950y1200_z40_6000f_14lp_00001,14,roi1_3x_x950y1200_z40_6000f_14lp_00002,16
FAR,Vglut2/0728,0.724108283677767,120.212095886647,20.3125,fov1_2x_y1700x1350_z0_6000f_15.5lp_00001,6,fov1_2x_y1700x1350_z15_6000f_16lp_00001,34
FAR,Vglut2/0728,0.723489266573606,68.1479732819416,5,fov1_2x_y1700x1350_z15_6000f_17.5lp_00001,31,fov1_2x_y1700x1350_z5_6000f_15.5lp_00002,17
FAR,Sert/0721,0.723263688548886,98.8350471432171,10,ro1_2x_x1018y1130_z15_20lp_6000f_00001,30,ro1_2x_x1018y1130_z25_26lp_6000f_00001,7
FAR,Vglut2/0728,0.723004766135193,149.898059100362,5,roi2_1.6x_y1400x1600_z5_3000f_16lp_00001,6,roi2_2x_y1400x1550_z0_3000f_15lp_00001,14
FAR,Sert/0721,0.722915150486134,97.0421540887057,5,ro1_2x_x1018y1130_z10_20lp_6000f_00001,19,ro1_2x_x1018y1130_z15_20lp_6000f_00001,13
FAR,Vgat/0730,0.722285682594199,59.0668404431101,21.2495,roi2_2.2x_x1050y2250_z100_2000f_12lp_00001,35,roi2_2.2x_x1050y2250_z80_2000f_11.5lp_00001,51
FAR,Vgat/0730,0.721758383346789,61.2179498343476,33.125,roi2_1.6x_x1050y2250_z50_2000f_10.5lp_00001,23,roi2_2.2x_x1050y2250_z80_2000f_11.5lp_00001,39
NEAR,Vglut2/0728,0.721718002346535,3.70414659938216,3.4375,fov1_2.1x_y1350x1310_z30_3000f_13lp_00001,5,fov1_2x_y1700x1350_z25_3000f_16lp_00001,9
NEAR,Vglut2/0728,0.721498424347561,0.814655269106777,15,fov1_1.7x_y1650x1320_z35_3000f_15lp_00001,28,fov1_2x_y1700x1350_z15_6000f_16lp_00001,23
NEAR,Vglut2/0728,0.721392406032732,1.11169156902118,5,fov1_1.7x_y1650x1320_z35_3000f_15lp_00001,36,fov1_1.7x_y1650x1320_z40_3000f_17lp_00001,38
FAR,Vglut2/0728,0.721301125883697,101.636723530699,3.4375,fov1_2.1x_y1350x1310_z30_3000f_13lp_00001,1,fov1_2x_y1700x1350_z25_3000f_16lp_00001,11
FAR,Sert/0721,0.721216455624919,99.5911385130864,5,ro1_2x_x1018y1130_z10_20lp_6000f_00001,33,ro1_2x_x1018y1130_z15_20lp_6000f_00001,42
NEAR,Vgat/0730,0.721099581562271,0.647610601405017,5.625,roi2_1.5x_x1050y2250_z35_2000f_8lp_00001,12,roi2_1.6x_x1050y2250_z50_2000f_10.5lp_00001,11
FAR,Vglut2/0728,0.721013149918733,139.059358738516,40.3125,fov1_1.7x_y1650x1320_z40_3000f_17lp_00001,27,fov1_2x_y1700x1350_z0_6000f_15.5lp_00001,8
NEAR,Vglut2/1124,0.720493978903891,3.4089133084098,5.3125,roi5_1400-1230-0_x4.4_15lp_6000f_00001,3,roi5_1400-1300-0_18lp_930_x4_512x512_6000f_00002,10
FAR,Vglut2/1124,0.720428323997844,83.7635958068012,20,roi3_-1000-300-40_32lp_930_x1.4_256x512_3000f_00001,76,roi3_-1000-300-60_38lp_930_x1.4_256x512_3000f_00001,124
FAR,Vglut2/0728,0.720149227090713,93.0566601904948,20,fov1_1.7x_y1650x1320_z40_3000f_17lp_00001,44,fov1_2x_y1700x1350_z15_6000f_16lp_00001,44
FAR,Vglut2/0728,0.719860800198976,136.715888635603,25.3125,fov1_2x_y1700x1350_z0_6000f_15.5lp_00001,19,fov1_2x_y1700x1350_z25_3000f_16lp_00001,19
FAR,Sert/0721,0.719806825247067,61.6512964220567,0.9375,ro1_2x_x1018y1130_z10_20lp_6000f_00001,5,ro3_4x_x700y-1233_z-10_24.5lp_6000f_00001,8
FAR,Sert/0721,0.719769024732518,94.0885752698068,0.9375,ro1_2x_x1018y1130_z10_20lp_6000f_00001,12,ro3_4x_x700y-1233_z-10_24.5lp_6000f_00001,19
NEAR,Vglut2/0728,0.719736165511928,0.439627851016936,10.3125,fov1_2x_y1700x1350_z15_6000f_16lp_00001,14,fov1_2x_y1700x1350_z5_6000f_15.5lp_00002,10
FAR,Vgat/0730,0.719601692603457,115.250504262887,10.3125,roi1_2.4x_x950y1000_z85_6000f_14.5lp_00001,40,roi1_3x_x950y1000_z70_6000f_15lp_00001,26
FAR,Vglut2/1124,0.719275825003262,64.1058312062469,20,roi3_-1000-300-40_32lp_930_x1.4_256x512_3000f_00001,65,roi3_-1000-300-60_38lp_930_x1.4_256x512_3000f_00001,108
FAR,Sert/0721,0.718746738068384,147.786681679245,11.875,ro5_1.6x_x1200y-400_z0_26lp_6000f_00001,36,ro6_1.6x_x1200y-700_z0_26lp_6000f_00001,39
NEAR,Vglut2/0728,0.718431042592876,2.99754111572502,5,fov1_1.7x_y1650x1320_z30_3000f_15lp_00001,10,fov1_2x_y1700x1350_z25_3000f_16lp_00001,9
NEAR,Vglut2/0728,0.718353372206777,3.74319920427011,5,fov1_1.7x_y1650x1320_z30_3000f_15lp_00001,36,fov1_2x_y1700x1350_z25_3000f_16lp_00001,34
FAR,Vglut2/0728,0.718316745778568,129.082898014247,20.3125,fov1_2x_y1700x1350_z0_6000f_15.5lp_00001,8,fov1_2x_y1700x1350_z15_6000f_16lp_00001,43
NEAR,Vglut2/0728,0.718282560398245,0.712405062760589,5,fov1_1.7x_y1650x1320_z30_3000f_15lp_00001,47,fov1_1.7x_y1650x1320_z35_3000f_15lp_00001,48
FAR,Vgat/0730,0.718228880586932,110.425143171038,40.6255,roi2_2.2x_x1050y2250_z80_2000f_11.5lp_00001,61,roi2_2x_x1050y2250_z120_2000f_14lp_00001,33
FAR,Vgat/0730,0.718202150823295,136.927047841126,21.2495,roi2_2.2x_x1050y2250_z100_2000f_12lp_00001,36,roi2_2.2x_x1050y2250_z80_2000f_11.5lp_00001,64
NEAR,Sert/0721,0.71810799922463,1.49997689797209,5,ro1_2x_x1018y1130_z10_20lp_6000f_00001,44,ro1_2x_x1018y1130_z15_20lp_6000f_00001,46
NEAR,Vglut2/0728,0.717934367933195,0.579026175822969,5,fov1_1.7x_y1650x1320_z30_3000f_15lp_00001,28,fov1_2x_y1700x1350_z25_3000f_16lp_00001,25
FAR,Vgat/0730,0.717610152862253,107.278704155936,39.999,roi2_2x_x1050y2250_z120_2000f_14lp_00001,42,roi2_2x_x1050y2250_z160_2000f_16lp_00001,72
FAR,Vglut2/0728,0.717448176039438,135.265240121451,5,fov1_1.7x_y1650x1320_z30_3000f_15lp_00001,3,fov1_2x_y1700x1350_z25_3000f_16lp_00001,5
NEAR,Vglut2/0728,0.717073110599497,3.35833085015633,10,fov1_1.7x_y1650x1320_z30_3000f_15lp_00001,9,fov1_1.7x_y1650x1320_z40_3000f_17lp_00001,12
FAR,Vglut2/0728,0.717006892665723,110.876468148667,15,fov1_1.7x_y1650x1320_z35_3000f_15lp_00001,39,fov1_2x_y1700x1350_z15_6000f_16lp_00001,15
FAR,Vglut2/1124,0.716857670847217,94.5210857759354,20,roi3_-1000-300-40_32lp_930_x1.4_256x512_3000f_00001,30,roi3_-1000-300-60_38lp_930_x1.4_256x512_3000f_00001,50
FAR,Vglut2/0728,0.716748964567552,143.290245259578,5,fov1_2x_y1700x1350_z15_6000f_17.5lp_00001,23,fov1_2x_y1700x1350_z5_6000f_15.5lp_00002,13
FAR,Vglut2/0728,0.716670748189864,123.368547807088,20.3125,fov1_2x_y1700x1350_z0_6000f_15.5lp_00001,6,fov1_2x_y1700x1350_z15_6000f_16lp_00001,5
FAR,Vglut2/0728,0.716529298728828,129.889952265284,5.3125,fov1_2x_y1700x1350_z15_6000f_16lp_00001,43,fov1_2x_y1700x1350_z15_6000f_17.5lp_00001,23
FAR,Sert/0721,0.716251308120522,130.172161887813,10,ro1_2x_x1018y1130_z15_20lp_6000f_00001,49,ro1_2x_x1018y1130_z25_26lp_6000f_00001,4
FAR,Sert/0721,0.71616218877913,120.482186791031,15,ro1_2x_x1018y1130_z10_20lp_6000f_00001,31,ro1_2x_x1018y1130_z25_26lp_6000f_00001,15
NEAR,Vglut2/0728,0.715925660558264,1.34407475272656,6.5625,fov1_1.7x_y1650x1320_z35_3000f_15lp_00001,4,fov1_2.1x_y1350x1310_z30_3000f_13lp_00001,1
NEAR,Vglut2/0728,0.715677494876211,1.33251201451705,10,fov1_1.7x_y1650x1320_z30_3000f_15lp_00001,25,fov1_1.7x_y1650x1320_z40_3000f_17lp_00001,28
FAR,Vglut2/0728,0.715594705235698,118.446136119608,5,fov1_2x_y1700x1350_z15_6000f_16lp_00001,38,fov1_2x_y1700x1350_z25_3000f_16lp_00001,42
NEAR,Vglut2/0728,0.715408830730747,4.690442351951,5,roi2_1.6x_y1400x1600_z5_3000f_16lp_00001,12,roi2_2x_y1400x1550_z0_3000f_15lp_00001,9
FAR,Vgat/0730,0.715342615734165,76.5564375847293,39.999,roi2_2x_x1050y2250_z120_2000f_14lp_00001,43,roi2_2x_x1050y2250_z160_2000f_16lp_00001,43
NEAR,Vglut2/0728,0.715281757270294,1.19464066619573,10,fov1_1.7x_y1650x1320_z35_3000f_15lp_00001,38,fov1_2x_y1700x1350_z25_3000f_16lp_00001,33
FAR,Vgat/0730,0.715192157244203,131.825461369716,39.999,roi2_2x_x1050y2250_z120_2000f_14lp_00001,41,roi2_2x_x1050y2250_z160_2000f_16lp_00001,80
FAR,Vgat/0730,0.71508468176846,130.344424614011,33.125,roi2_1.6x_x1050y2250_z50_2000f_10.5lp_00001,6,roi2_2.2x_x1050y2250_z80_2000f_11.5lp_00001,5
FAR,Sert/0721,0.714950685869031,99.0876826154518,5,ro1_2x_x1018y1130_z10_20lp_6000f_00001,20,ro1_2x_x1018y1130_z15_20lp_6000f_00001,18
FAR,Vglut2/1124,0.714895135916168,114.411226634348,20,roi3_-1000-300-40_32lp_930_x1.4_256x512_3000f_00001,88,roi3_-1000-300-60_38lp_930_x1.4_256x512_3000f_00001,124
FAR,Vglut2/1124,0.714553868353736,12.7124850047806,20,roi3_-1000-300-40_32lp_930_x1.4_256x512_3000f_00001,23,roi3_-1000-300-60_38lp_930_x1.4_256x512_3000f_00001,29
FAR,Vglut2/0728,0.714402126635435,122.23869330159,28.75,fov1_2.1x_y1350x1310_z30_3000f_13lp_00001,27,fov1_2x_y1700x1350_z0_6000f_15.5lp_00001,6
FAR,Sert/0721,0.714165368521008,108.611701423478,15.9375,ro1_2x_x1018y1130_z25_26lp_6000f_00001,1,ro3_4x_x700y-1233_z-10_24.5lp_6000f_00001,15
NEAR,Vglut2/0728,0.71415656844515,0.82844150892622,11.5625,fov1_1.7x_y1650x1320_z40_3000f_17lp_00001,42,fov1_2.1x_y1350x1310_z30_3000f_13lp_00001,29
FAR,Vgat/0730,0.714101770913722,39.0446192930249,8.125,roi1_1.4x_x1100y1050_z6_5000f_13lp_00001,15,roi1_1.2x_x1100y1050_z0_5000f_14lp_00001,11
FAR,Vglut2/0728,0.714074898400873,104.061036444349,15.3125,fov1_2x_y1700x1350_z15_6000f_16lp_00001,6,fov1_2x_y1700x1350_z5_6000f_15.5lp_00001,8
FAR,Vglut2/0728,0.71399461814618,78.7062913646506,15.3125,fov1_2x_y1700x1350_z15_6000f_16lp_00001,17,fov1_2x_y1700x1350_z5_6000f_15.5lp_00001,2
FAR,Sert/0721,0.713546150119071,93.1796508972077,10,ro1_2x_x1018y1130_z15_20lp_6000f_00001,13,ro1_2x_x1018y1130_z25_26lp_6000f_00001,1
FAR,Vglut2/0224/pFN,0.71295808152774,83.9483712250875,1.25,pFN_roi1_z0_512x512_6x_2000f_00001,6,pFN_roi2_z5_512x512_6x_6000f_00001,6
NEAR,Vglut2/0728,0.711905945882885,0.554102914935642,5,fov1_1.7x_y1650x1320_z30_3000f_15lp_00001,14,fov1_1.7x_y1650x1320_z35_3000f_15lp_00001,16
FAR,Vgat/0730,0.711657655013517,66.4084760841845,39.999,roi2_2x_x1050y2250_z120_2000f_14lp_00001,41,roi2_2x_x1050y2250_z160_2000f_16lp_00001,16
NEAR,Vglut2/0728,0.711570998181248,3.76026837918573,5.3125,fov1_2x_y1700x1350_z15_6000f_16lp_00001,31,fov1_2x_y1700x1350_z15_6000f_17.5lp_00001,21
FAR,Sert/0721,0.711146208874367,111.851292045362,1.5625,ro7_1.6x_x1000y-1000_z0_26lp_6000f_00001,18,roi7_1.8x_x-1000-1000_z0_16lp_3000f_00001,27
FAR,Vglut2/0728,0.71075992253844,110.287137535835,1.5625,fov1_1.7x_y1650x1320_z30_3000f_15lp_00001,18,fov1_2.1x_y1350x1310_z30_3000f_13lp_00001,27
NEAR,Vglut2/0728,0.710570305164316,0.775580382598149,10,fov1_1.7x_y1650x1320_z30_3000f_15lp_00001,22,fov1_1.7x_y1650x1320_z40_3000f_17lp_00001,24
FAR,Vglut2/0224/pFN,0.710483611598736,83.9989025396437,2.1875,pFN_roi2_z5_25x_512x512_3x_6000f_00001,7,pFN_roi2_z5_512x512_6x_6000f_00001,6
NEAR,Vglut2/0728,0.710257870494192,1.04671988656718,10,fov1_1.7x_y1650x1320_z30_3000f_15lp_00001,32,fov1_1.7x_y1650x1320_z40_3000f_17lp_00001,33
FAR,Vglut2/1124,0.710174360047062,92.008558852541,20,roi3_-1000-300-40_32lp_930_x1.4_256x512_3000f_00001,65,roi3_-1000-300-60_38lp_930_x1.4_256x512_3000f_00001,92
FAR,Vgat/0730,0.710097734388249,142.825565452412,20.625,roi2_1.5x_x1050y2250_z35_2000f_8lp_00001,5,roi2_1.6x_x1050y2250_z63_2000f_11.5lp_00001,36
FAR,Vglut2/1124,0.710046992086035,64.1084099019681,20,roi3_-1000-300-40_32lp_930_x1.4_256x512_3000f_00001,9,roi3_-1000-300-60_38lp_930_x1.4_256x512_3000f_00001,29
FAR,Vglut2/1124,0.710029185128443,124.713610563283,20,roi3_-1000-300-40_32lp_930_x1.4_256x512_3000f_00001,87,roi3_-1000-300-60_38lp_930_x1.4_256x512_3000f_00001,127
FAR,Sert/0721,0.70912848078238,146.207239984033,10,ro1_2x_x1018y1130_z15_20lp_6000f_00001,47,ro1_2x_x1018y1130_z25_26lp_6000f_00001,15
FAR,Vgat/0730,0.708934362724237,112.07556212565,19.0625,roi1_1.6x_x1050y1000_z100_3000f_17.5lp_00001,55,roi1_2.4x_x950y1000_z85_6000f_14.5lp_00001,40
FAR,Vgat/0730,0.70885786824032,94.0060129497446,19.376,roi2_2.2x_x1050y2250_z100_2000f_12lp_00001,36,roi2_2x_x1050y2250_z120_2000f_14lp_00001,33
FAR,Vglut2/1124,0.708666447213091,54.7074308194116,20,roi3_-1000-300-40_32lp_930_x1.4_256x512_3000f_00001,66,roi3_-1000-300-60_38lp_930_x1.4_256x512_3000f_00001,92
NEAR,Vglut2/0728,0.708427076332712,1.64114583779833,6.5625,fov1_1.7x_y1650x1320_z35_3000f_15lp_00001,49,fov1_2.1x_y1350x1310_z30_3000f_13lp_00001,41
NEAR,Vgat/0730,0.708385634673784,1.697847080225,0.3125,roi1_3x_x1100y950_z8_6000f_13lp_00001,3,roi1_3x_x1100y950_z8_3000f_11.5lp_00001,4
FAR,Sert/0721,0.708286324544795,138.963073686781,11.875,ro5_1.6x_x1200y-400_z0_26lp_6000f_00001,14,ro6_1.6x_x1200y-700_z0_26lp_6000f_00001,29
NEAR,Vglut2/0728,0.708248292074583,1.78014979815401,10,fov1_1.7x_y1650x1320_z35_3000f_15lp_00001,19,fov1_2x_y1700x1350_z25_3000f_16lp_00001,12
FAR,Vgat/0730,0.708197870187307,148.441882808803,39.999,roi2_2x_x1050y2250_z120_2000f_14lp_00001,36,roi2_2x_x1050y2250_z160_2000f_16lp_00001,71
FAR,Vglut2/1124,0.708192426270955,70.1015717844775,20,roi3_-1000-300-40_32lp_930_x1.4_256x512_3000f_00001,65,roi3_-1000-300-60_38lp_930_x1.4_256x512_3000f_00001,76
FAR,Vgat/0730,0.708139975529004,85.4621804419329,28.125,roi1_3x_x1050y1000_z100_3000f_17lp_00001,23,roi1_3x_x950y1000_z70_6000f_15lp_00001,26
FAR,Vglut2/1124,0.707904581027733,83.1594232429512,20,roi3_-1000-300-40_32lp_930_x1.4_256x512_3000f_00001,59,roi3_-1000-300-60_38lp_930_x1.4_256x512_3000f_00001,64
FAR,Sert/0721,0.707652108090776,125.063299248721,11.875,ro5_1.6x_x1200y-400_z0_26lp_6000f_00001,74,ro6_1.6x_x1200y-700_z0_26lp_6000f_00001,39
FAR,Vglut2/1124,0.707264916306878,64.2556284331848,20,roi3_-1000-300-40_32lp_930_x1.4_256x512_3000f_00001,84,roi3_-1000-300-60_38lp_930_x1.4_256x512_3000f_00001,114
FAR,Vglut2/0728,0.70718008805557,77.7105699849683,1.5625,fov1_1.7x_y1650x1320_z30_3000f_15lp_00001,31,fov1_2.1x_y1350x1310_z30_3000f_13lp_00001,27
FAR,Vglut2/1124,0.706899029574116,47.7320847511299,20,roi3_-1000-300-40_32lp_930_x1.4_256x512_3000f_00001,10,roi3_-1000-300-60_38lp_930_x1.4_256x512_3000f_00001,6
FAR,Vglut2/0728,0.706675749934826,127.396207246426,5.3125,fov1_2x_y1700x1350_z15_6000f_16lp_00001,21,fov1_2x_y1700x1350_z15_6000f_17.5lp_00001,11
FAR,Vglut2/0728,0.706661611059211,99.8466308334882,5,fov1_1.7x_y1650x1320_z30_3000f_15lp_00001,31,fov1_2x_y1700x1350_z25_3000f_16lp_00001,11
FAR,Sert/0721,0.705976930979116,140.348284146071,11.875,ro5_1.6x_x1200y-400_z0_26lp_6000f_00001,15,ro6_1.6x_x1200y-700_z0_26lp_6000f_00001,7
FAR,Vglut2/0728,0.705893927423651,105.333988110243,8.4375,fov1_2.1x_y1350x1310_z30_3000f_13lp_00001,22,fov1_2x_y1700x1350_z15_6000f_16lp_00001,15
NEAR,Vglut2/0728,0.705728641115755,0.158362515042554,10.3125,fov1_2x_y1700x1350_z15_6000f_17.5lp_00001,13,fov1_2x_y1700x1350_z25_3000f_16lp_00001,18
FAR,Vglut2/0728,0.705675088509464,149.379266781904,15,fov1_1.7x_y1650x1320_z35_3000f_15lp_00001,43,fov1_2x_y1700x1350_z15_6000f_16lp_00001,38
FAR,Vglut2/0728,0.705623339862147,41.9380541065805,20.3125,fov1_1.7x_y1650x1320_z30_3000f_15lp_00001,43,fov1_2x_y1700x1350_z5_6000f_15.5lp_00002,22
FAR,Vglut2/1124,0.705412707935557,88.3817047059974,20,roi3_-1000-300-40_32lp_930_x1.4_256x512_3000f_00001,92,roi3_-1000-300-60_38lp_930_x1.4_256x512_3000f_00001,114
FAR,Vglut2/1124,0.705146198714025,79.7858100333245,20,roi3_-1000-300-40_32lp_930_x1.4_256x512_3000f_00001,80,roi3_-1000-300-60_38lp_930_x1.4_256x512_3000f_00001,108
FAR,Vgat/0730,0.705121766285843,44.7600321935644,10.3125,roi1_2.4x_x950y1000_z85_6000f_14.5lp_00001,15,roi1_3x_x950y1000_z70_6000f_15lp_00001,12
FAR,Vglut2/0728,0.704984010151704,52.4682270679774,5.3125,fov1_2x_y1700x1350_z15_6000f_16lp_00001,10,fov1_2x_y1700x1350_z15_6000f_17.5lp_00001,3
NEAR,Vglut2/0728,0.704974397526363,1.92686534874217,13.75,fov1_2.1x_y1350x1310_z30_3000f_13lp_00001,3,fov1_2x_y1700x1350_z15_6000f_17.5lp_00001,2
FAR,Vglut2/0728,0.704903171936736,93.0988937681963,15,fov1_1.7x_y1650x1320_z40_3000f_17lp_00001,44,fov1_2x_y1700x1350_z25_3000f_16lp_00001,43
NEAR,Sert/0721,0.70428055254867,3.45937064921857,9.6875,ro6_1.6x_x1200y-700_z0_26lp_6000f_00001,9,roi7_1.8x_x-1000-1000_z0_16lp_3000f_00001,16
FAR,Vglut2/0728,0.704079660328087,123.866910328122,30.3125,fov1_1.7x_y1650x1320_z30_3000f_15lp_00001,38,fov1_2x_y1700x1350_z0_6000f_15.5lp_00001,6
FAR,Sert/0721,0.703808184701929,67.7294270871659,10,ro1_2x_x1018y1130_z15_20lp_6000f_00001,48,ro1_2x_x1018y1130_z25_26lp_6000f_00001,15
FAR,Vgat/0730,0.703663906706771,35.8628548252953,39.999,roi2_2x_x1050y2250_z120_2000f_14lp_00001,37,roi2_2x_x1050y2250_z160_2000f_16lp_00001,12
NEAR,Vglut2/0728,0.703604042451565,1.28270026582905,10,fov1_1.7x_y1650x1320_z30_3000f_15lp_00001,23,fov1_1.7x_y1650x1320_z40_3000f_17lp_00001,26
FAR,Vglut2/0728,0.703510466815641,86.896954125709,25.3125,fov1_2x_y1700x1350_z0_6000f_15.5lp_00001,4,fov1_2x_y1700x1350_z25_3000f_16lp_00001,5
FAR,Vgat/0730,0.70350982957217,127.661478279109,8.125,roi1_1.4x_x1100y1050_z6_5000f_13lp_00001,10,roi1_1.2x_x1100y1050_z0_5000f_14lp_00001,12
NEAR,Vglut2/0728,0.703443612997606,4.42499041578082,10,fov1_1.7x_y1650x1320_z30_3000f_15lp_00001,15,fov1_2x_y1700x1350_z15_6000f_16lp_00001,11
FAR,Vglut2/0728,0.703423675761885,121.494922157209,10,fov1_2x_y1700x1350_z0_6000f_15.5lp_00001,11,fov1_2x_y1700x1350_z5_6000f_15.5lp_00002,10
FAR,Sert/0721,0.703283319581293,122.983859888778,5,ro1_2x_x1018y1130_z10_20lp_6000f_00001,31,ro1_2x_x1018y1130_z15_20lp_6000f_00001,49
FAR,Vglut2/1124,0.702990534833738,70.6973598791631,20,roi3_-1000-300-40_32lp_930_x1.4_256x512_3000f_00001,67,roi3_-1000-300-60_38lp_930_x1.4_256x512_3000f_00001,76
FAR,Sert/0721,0.702490556107718,116.721182462558,0.9375,ro1_2x_x1018y1130_z10_20lp_6000f_00001,20,ro3_4x_x700y-1233_z-10_24.5lp_6000f_00001,1
NEAR,Vglut2/0728,0.701926625835443,0.409118628690235,10,fov1_1.7x_y1650x1320_z35_3000f_15lp_00001,37,fov1_2x_y1700x1350_z25_3000f_16lp_00001,31
FAR,Vglut2/0728,0.701885229253841,148.454287444459,15,fov1_2x_y1700x1350_z0_6000f_15.5lp_00001,4,fov1_2x_y1700x1350_z15_6000f_17.5lp_00001,29
FAR,Sert/0721,0.701638097625298,96.1005060967706,5,ro1_2x_x1018y1130_z10_20lp_6000f_00001,19,ro1_2x_x1018y1130_z15_20lp_6000f_00001,19
FAR,Vgat/0730,0.701611136427847,88.9623551167489,8.125,roi1_1.4x_x1100y1050_z6_5000f_13lp_00001,1,roi1_1.2x_x1100y1050_z0_5000f_14lp_00001,5
FAR,Vgat/0730,0.70113518468274,148.75670864755,21.2495,roi2_2.2x_x1050y2250_z100_2000f_12lp_00001,11,roi2_2.2x_x1050y2250_z80_2000f_11.5lp_00001,20
FAR,Vglut2/0728,0.700907405860225,133.651744141646,25.3125,fov1_2x_y1700x1350_z0_6000f_15.5lp_00001,18,fov1_2x_y1700x1350_z25_3000f_16lp_00001,15
FAR,Sert/0721,0.70070128391917,71.3467565571733,15,ro1_2x_x1018y1130_z10_20lp_6000f_00001,30,ro1_2x_x1018y1130_z25_26lp_6000f_00001,2
FAR,Vglut2/0728,0.700382808197681,113.250069763949,5.625,roi2_4x_y2000x1400_z-15_6000f_17.5lp_00001,5,roi2_4x_y2000x1400_z-20_6000f_21lp_00001,1
NEAR,Vglut2/0728,0.700262522903273,2.19764777688931,10,fov1_2x_y1700x1350_z0_6000f_15.5lp_00001,9,fov1_2x_y1700x1350_z5_6000f_15.5lp_00002,16
NEAR,Vgat/0730,0.700227458091084,3.23905062839647,5.3125,roi1_2x_x1100y950_z13_6000f_13lp_00001,21,roi1_3x_x1100y950_z8_3000f_11.5lp_00001,13
FAR,Sert/0721,0.700227324483566,110.344651597455,5,ro1_2x_x1018y1130_z10_20lp_6000f_00001,5,ro1_2x_x1018y1130_z15_20lp_6000f_00001,5
NEAR,Sert/0721,0.699661360087828,1.58110132130811,10,ro1_2x_x1018y1130_z15_20lp_6000f_00001,40,ro1_2x_x1018y1130_z25_26lp_6000f_00001,5
FAR,Vglut2/0224/pFN,0.699627992571086,130.033309678918,0.9375,pFN_roi1_z0_512x512_6x_2000f_00001,6,pFN_roi2_z5_25x_512x512_3x_6000f_00001,19
FAR,Sert/0721,0.699516644768234,137.890209913381,11.875,ro5_1.6x_x1200y-400_z0_26lp_6000f_00001,41,ro6_1.6x_x1200y-700_z0_26lp_6000f_00001,31
FAR,Vglut2/0728,0.699337624534509,60.2566215929827,20.3125,fov1_2x_y1700x1350_z25_3000f_16lp_00001,35,fov1_2x_y1700x1350_z5_6000f_15.5lp_00001,12
NEAR,Vglut2/0728,0.699244187716251,1.44703103301661,10,fov1_2x_y1700x1350_z15_6000f_17.5lp_00001,27,fov1_2x_y1700x1350_z5_6000f_15.5lp_00001,13
FAR,Vglut2/0224/pFN,0.699232928939926,95.2029140240664,0.9375,pFN_roi1_z0_512x512_6x_2000f_00001,6,pFN_roi2_z5_25x_512x512_3x_6000f_00001,20
FAR,Sert/0721,0.699170493791959,37.7629053175029,10,ro1_2x_x1018y1130_z15_20lp_6000f_00001,48,ro1_2x_x1018y1130_z25_26lp_6000f_00001,7
NEAR,Vglut2/0728,0.698994983090319,1.7017445899425,15,fov1_1.7x_y1650x1320_z35_3000f_15lp_00001,34,fov1_2x_y1700x1350_z15_6000f_16lp_00001,32
NEAR,Sert/0721,0.698792342284976,0.797658778564543,5,ro1_2x_x1018y1130_z10_20lp_6000f_00001,30,ro1_2x_x1018y1130_z15_20lp_6000f_00001,26
NEAR,Vglut2/0728,0.6986822973171,1.41559874841742,10,fov1_1.7x_y1650x1320_z35_3000f_15lp_00001,33,fov1_2x_y1700x1350_z25_3000f_16lp_00001,28
FAR,Sert/0721,0.698167504004829,73.8896109426378,15,ro1_2x_x1018y1130_z10_20lp_6000f_00001,30,ro1_2x_x1018y1130_z25_26lp_6000f_00001,1
FAR,Vgat/0730,0.698074681984901,92.7890868050843,38.75,roi2_1.5x_x1050y2250_z35_2000f_8lp_00001,31,roi2_2.2x_x1050y2250_z80_2000f_11.5lp_00001,55
FAR,Vglut2/0728,0.698047744691606,71.9743057807708,25.3125,fov1_1.7x_y1650x1320_z35_3000f_15lp_00001,8,fov1_2x_y1700x1350_z5_6000f_15.5lp_00002,8
FAR,Vgat/0730,0.697610469140936,68.0820398119585,33.125,roi2_1.6x_x1050y2250_z50_2000f_10.5lp_00001,20,roi2_2.2x_x1050y2250_z80_2000f_11.5lp_00001,32
FAR,Vglut2/1124,0.697238526658954,50.3326783653984,20,roi3_-1000-300-40_32lp_930_x1.4_256x512_3000f_00001,68,roi3_-1000-300-60_38lp_930_x1.4_256x512_3000f_00001,100
FAR,Vglut2/1124,0.697236736355787,102.267748048715,20,roi3_-1000-300-40_32lp_930_x1.4_256x512_3000f_00001,59,roi3_-1000-300-60_38lp_930_x1.4_256x512_3000f_00001,108
FAR,Sert/0721,0.697179699468516,135.742596918243,1.875,ro1_2x_x1018y1130_z15_20lp_6000f_00001,47,ro3_2.5x_x450y1500_z-15_28.5lp_6000f_00003,8
FAR,Vglut2/0728,0.697145533913627,80.5509761478365,15,fov1_1.7x_y1650x1320_z35_3000f_15lp_00001,35,fov1_2x_y1700x1350_z15_6000f_16lp_00001,31
NEAR,Vglut2/0728,0.697136026917556,0.907724815830575,10,fov1_2x_y1700x1350_z0_6000f_15.5lp_00001,11,fov1_2x_y1700x1350_z5_6000f_15.5lp_00002,18
FAR,Vglut2/0728,0.697129736649922,124.266492408198,15.3125,fov1_1.7x_y1650x1320_z30_3000f_15lp_00001,38,fov1_2x_y1700x1350_z15_6000f_17.5lp_00001,15
FAR,Sert/0721,0.69703894342904,92.8574013654496,0.9375,ro1_2x_x1018y1130_z10_20lp_6000f_00001,22,ro3_4x_x700y-1233_z-10_24.5lp_6000f_00001,8
FAR,Vglut2/0224/pFN,0.697038471156688,105.343274872491,0.9375,pFN_roi1_z0_512x512_6x_2000f_00001,6,pFN_roi2_z5_25x_512x512_3x_6000f_00001,22
FAR,Vglut2/0728,0.697034188054486,145.870081570989,10,fov1_1.7x_y1650x1320_z30_3000f_15lp_00001,37,fov1_1.7x_y1650x1320_z40_3000f_17lp_00001,57
FAR,Sert/0721,0.696959248190538,147.79805453544,10,ro1_2x_x1018y1130_z15_20lp_6000f_00001,40,ro1_2x_x1018y1130_z25_26lp_6000f_00001,15
FAR,Vglut2/0728,0.696847322194626,119.841932265813,35.3125,fov1_1.7x_y1650x1320_z35_3000f_15lp_00001,25,fov1_2x_y1700x1350_z0_6000f_15.5lp_00001,6
FAR,Vglut2/0728,0.696565608635822,89.3287810213469,5,fov1_2x_y1700x1350_z15_6000f_17.5lp_00001,14,fov1_2x_y1700x1350_z5_6000f_15.5lp_00002,8
NEAR,Vglut2/0728,0.696559630152298,1.2612578422974,10,fov1_1.7x_y1650x1320_z30_3000f_15lp_00001,7,fov1_2x_y1700x1350_z15_6000f_16lp_00001,6
FAR,Sert/0721,0.696483584603354,134.371642942081,11.875,ro5_1.6x_x1200y-400_z0_26lp_6000f_00001,30,ro6_1.6x_x1200y-700_z0_26lp_6000f_00001,41
NEAR,Sert/0721,0.696461419666838,4.79302786449018,3.125,ro1_2x_x1018y1130_z10_20lp_6000f_00001,42,ro3_2.5x_x450y1500_z-15_28.5lp_6000f_00003,10
FAR,Sert/0721,0.696042497804011,47.1779626508177,5,ro1_2x_x1018y1130_z10_20lp_6000f_00001,18,ro1_2x_x1018y1130_z15_20lp_6000f_00001,13
FAR,Vglut2/0728,0.69600721007296,146.216487676549,5,fov1_2x_y1700x1350_z5_6000f_15.5lp_00001,15,fov1_2x_y1700x1350_z5_6000f_15.5lp_00002,10
FAR,Sert/0721,0.695988578675588,124.483646607842,5,ro1_2x_x1018y1130_z10_20lp_6000f_00001,12,ro1_2x_x1018y1130_z15_20lp_6000f_00001,14
FAR,Vglut2/0728,0.695986025406594,103.676582297712,20.3125,fov1_2x_y1700x1350_z25_3000f_16lp_00001,6,fov1_2x_y1700x1350_z5_6000f_15.5lp_00001,8
FAR,Vglut2/0728,0.695935991797214,91.6366878156333,40.3125,fov1_1.7x_y1650x1320_z40_3000f_17lp_00001,6,fov1_2x_y1700x1350_z0_6000f_15.5lp_00001,4
FAR,Vglut2/1124,0.695344212986148,90.0001245263559,20,roi3_-1000-300-40_32lp_930_x1.4_256x512_3000f_00001,24,roi3_-1000-300-60_38lp_930_x1.4_256x512_3000f_00001,12
FAR,Vgat/0730,0.695049232563626,114.5768301385,22.1875,roi1_1.2x_x1100y1050_z0_5000f_14lp_00001,4,roi1_3x_x1100y950_z8_3000f_11.5lp_00001,8
FAR,Vgat/0730,0.695021036265989,32.6853146594455,21.2495,roi2_2.2x_x1050y2250_z100_2000f_12lp_00001,27,roi2_2.2x_x1050y2250_z80_2000f_11.5lp_00001,45
FAR,Vglut2/0728,0.694561914304585,136.78305369991,20.3125,fov1_2x_y1700x1350_z0_6000f_15.5lp_00001,14,fov1_2x_y1700x1350_z15_6000f_16lp_00001,44
FAR,Vglut2/0728,0.694333831660855,43.3346392927298,8.4375,fov1_2.1x_y1350x1310_z30_3000f_13lp_00001,22,fov1_2x_y1700x1350_z15_6000f_16lp_00001,37
FAR,Vglut2/0728,0.694230201664448,74.0372477945669,10,fov1_1.7x_y1650x1320_z30_3000f_15lp_00001,15,fov1_2x_y1700x1350_z15_6000f_16lp_00001,19
FAR,Vglut2/0728,0.694067000575434,122.729417325958,30.3125,fov1_1.7x_y1650x1320_z35_3000f_15lp_00001,46,fov1_2x_y1700x1350_z5_6000f_15.5lp_00001,11
FAR,Vglut2/1124,0.693772672725686,126.606723842232,20,roi3_-1000-300-40_32lp_930_x1.4_256x512_3000f_00001,36,roi3_-1000-300-60_38lp_930_x1.4_256x512_3000f_00001,64
FAR,Vglut2/0728,0.693588972622311,110.61221414646,30.3125,fov1_1.7x_y1650x1320_z35_3000f_15lp_00001,43,fov1_2x_y1700x1350_z5_6000f_15.5lp_00001,11
FAR,Vgat/0730,0.693132393789275,143.591006620852,18.125,roi2_1.6x_x1050y2250_z63_2000f_11.5lp_00001,36,roi2_2.2x_x1050y2250_z80_2000f_11.5lp_00001,6
FAR,Sert/0721,0.693098175993117,50.9894950241909,15,ro1_2x_x1018y1130_z10_20lp_6000f_00001,36,ro1_2x_x1018y1130_z25_26lp_6000f_00001,2
NEAR,Vgat/0730,0.693001230795781,1.30908130385579,15,roi2_1.6x_x1050y2250_z50_2000f_10.5lp_00001,25,roi2_1.6x_x1050y2250_z63_2000f_11.5lp_00001,57
FAR,Sert/0721,0.692909025635962,98.6354998942223,5.9375,ro1_2x_x1018y1130_z15_20lp_6000f_00001,18,ro3_4x_x700y-1233_z-10_24.5lp_6000f_00001,16
FAR,Sert/0721,0.692719311488544,72.5334163688563,5,ro1_2x_x1018y1130_z10_20lp_6000f_00001,30,ro1_2x_x1018y1130_z15_20lp_6000f_00001,22
FAR,Vglut2/0728,0.692560162909145,148.772578118209,20.3125,fov1_2x_y1700x1350_z0_6000f_15.5lp_00001,21,fov1_2x_y1700x1350_z15_6000f_16lp_00001,38
FAR,Vglut2/0224/pFN,0.692528618147476,128.892011012709,1.25,pFN_roi1_z0_512x512_6x_2000f_00001,6,pFN_roi2_z5_512x512_6x_6000f_00001,9
FAR,Vgat/0730,0.692325306069079,148.016174075399,21.2495,roi2_2.2x_x1050y2250_z100_2000f_12lp_00001,31,roi2_2.2x_x1050y2250_z80_2000f_11.5lp_00001,36
FAR,Vglut2/0728,0.692289581399975,145.941187324792,15.3125,fov1_2x_y1700x1350_z25_3000f_16lp_00001,38,fov1_2x_y1700x1350_z5_6000f_15.5lp_00002,10
FAR,Vglut2/0728,0.692207176919223,76.0305128592173,23.75,fov1_2.1x_y1350x1310_z30_3000f_13lp_00001,17,fov1_2x_y1700x1350_z5_6000f_15.5lp_00001,12
FAR,Vgat/0730,0.692135513042861,129.193336173256,21.2495,roi2_2.2x_x1050y2250_z100_2000f_12lp_00001,4,roi2_2.2x_x1050y2250_z80_2000f_11.5lp_00001,2
FAR,Vglut2/0728,0.692061404797482,116.237992709802,5,roi2_1.6x_y1400x1600_z5_3000f_16lp_00001,11,roi2_2x_y1400x1550_z0_3000f_15lp_00001,12
FAR,Vglut2/1124,0.692024379374939,104.226076616585,20,roi3_-1000-300-40_32lp_930_x1.4_256x512_3000f_00001,59,roi3_-1000-300-60_38lp_930_x1.4_256x512_3000f_00001,76
FAR,Vglut2/0728,0.691883645132528,53.4598002854421,20.3125,fov1_1.7x_y1650x1320_z30_3000f_15lp_00001,24,fov1_2x_y1700x1350_z5_6000f_15.5lp_00002,9
NEAR,Sert/0721,0.691843465277419,1.06897212744856,5,ro1_2x_x1018y1130_z10_20lp_6000f_00001,11,ro1_2x_x1018y1130_z15_20lp_6000f_00001,11
NEAR,Vglut2/0728,0.691756538136142,1.84650555859831,10,fov1_1.7x_y1650x1320_z30_3000f_15lp_00001,6,fov1_1.7x_y1650x1320_z40_3000f_17lp_00001,8
NEAR,Vglut2/0728,0.691445980244318,1.21517826395679,5,fov1_2x_y1700x1350_z15_6000f_16lp_00001,41,fov1_2x_y1700x1350_z25_3000f_16lp_00001,40
FAR,Sert/0721,0.691181366953872,107.769629667755,10,ro1_2x_x1018y1130_z15_20lp_6000f_00001,41,ro1_2x_x1018y1130_z25_26lp_6000f_00001,1
FAR,Vglut2/0728,0.691142439038301,126.87497578119,15,fov1_2x_y1700x1350_z0_6000f_15.5lp_00001,10,fov1_2x_y1700x1350_z15_6000f_17.5lp_00001,11
FAR,Vglut2/0224/pFN,0.690971415821267,120.332606766294,2.1875,pFN_roi2_z5_25x_512x512_3x_6000f_00001,2,pFN_roi2_z5_512x512_6x_6000f_00001,6
FAR,Sert/0721,0.690697611969174,90.9552768005568,1.5625,ro7_1.6x_x1000y-1000_z0_26lp_6000f_00001,32,roi7_1.8x_x-1000-1000_z0_16lp_3000f_00001,21
FAR,Vglut2/0728,0.690613772766521,73.8047264906763,5,fov1_2x_y1700x1350_z15_6000f_16lp_00001,19,fov1_2x_y1700x1350_z25_3000f_16lp_00001,12
FAR,Vglut2/0728,0.690037924077353,143.222923396512,11.5625,fov1_1.7x_y1650x1320_z40_3000f_17lp_00001,26,fov1_2.1x_y1350x1310_z30_3000f_13lp_00001,1
NEAR,Vglut2/0728,0.689925691407441,1.25048724401371,11.5625,fov1_1.7x_y1650x1320_z40_3000f_17lp_00001,24,fov1_2.1x_y1350x1310_z30_3000f_13lp_00001,9
FAR,Sert/0721,0.689911230087681,5.64091414310901,15,ro1_2x_x1018y1130_z10_20lp_6000f_00001,31,ro1_2x_x1018y1130_z25_26lp_6000f_00001,3
NEAR,Sert/0721,0.689723644354745,1.78745196922323,5.9375,ro1_2x_x1018y1130_z15_20lp_6000f_00001,22,ro3_4x_x700y-1233_z-10_24.5lp_6000f_00001,21
FAR,Vglut2/0728,0.689672540551072,137.003125560806,10,fov1_2x_y1700x1350_z0_6000f_15.5lp_00001,4,fov1_2x_y1700x1350_z5_6000f_15.5lp_00002,8
FAR,Vglut2/0224/pFN,0.689659498305144,131.698012257339,1.25,pFN_roi1_z0_512x512_6x_2000f_00001,4,pFN_roi2_z5_512x512_6x_6000f_00001,10
NEAR,Sert/0721,0.689458430164354,3.58435036437789,1.875,ro1_2x_x1018y1130_z15_20lp_6000f_00001,44,ro3_2.5x_x450y1500_z-15_28.5lp_6000f_00003,10
FAR,Vglut2/1124,0.68899328694583,118.706348439134,20,roi3_-1000-300-40_32lp_930_x1.4_256x512_3000f_00001,80,roi3_-1000-300-60_38lp_930_x1.4_256x512_3000f_00001,116
FAR,Vglut2/1124,0.688824725244165,50.9053976628947,20,roi3_-1000-300-40_32lp_930_x1.4_256x512_3000f_00001,15,roi3_-1000-300-60_38lp_930_x1.4_256x512_3000f_00001,10
FAR,Sert/0721,0.688585699047927,115.156391337562,11.875,ro5_1.6x_x1200y-400_z0_26lp_6000f_00001,40,ro6_1.6x_x1200y-700_z0_26lp_6000f_00001,41
FAR,Sert/0721,0.688401131230438,149.103807918901,10,ro1_2x_x1018y1130_z15_20lp_6000f_00001,19,ro1_2x_x1018y1130_z25_26lp_6000f_00001,6
FAR,Vglut2/0728,0.688242067970742,147.80189022309,5,fov1_2x_y1700x1350_z5_6000f_15.5lp_00001,4,fov1_2x_y1700x1350_z5_6000f_15.5lp_00002,21
FAR,Sert/0721,0.688210160795589,149.318441814885,11.875,ro5_1.6x_x1200y-400_z0_26lp_6000f_00001,39,ro6_1.6x_x1200y-700_z0_26lp_6000f_00001,32
FAR,Vglut2/0728,0.687747103529838,53.7024709883808,10,fov1_1.7x_y1650x1320_z30_3000f_15lp_00001,19,fov1_2x_y1700x1350_z15_6000f_16lp_00001,19
FAR,Vglut2/0224/pFN,0.687737564456917,114.749066393376,1.25,pFN_roi1_z0_512x512_6x_2000f_00001,4,pFN_roi2_z5_512x512_6x_6000f_00001,5
FAR,Vglut2/1124,0.687391465345359,127.101796260705,20,roi3_-1000-300-40_32lp_930_x1.4_256x512_3000f_00001,88,roi3_-1000-300-60_38lp_930_x1.4_256x512_3000f_00001,99
NEAR,Vglut2/0728,0.687387532152737,0.372806900308323,5,fov1_1.7x_y1650x1320_z30_3000f_15lp_00001,29,fov1_1.7x_y1650x1320_z35_3000f_15lp_00001,31
FAR,Vglut2/0728,0.687311183405273,68.1134912935641,5,fov1_2x_y1700x1350_z15_6000f_17.5lp_00001,9,fov1_2x_y1700x1350_z5_6000f_15.5lp_00002,14
FAR,Vglut2/0728,0.687298072246869,89.6365036622879,30.3125,fov1_1.7x_y1650x1320_z30_3000f_15lp_00001,2,fov1_2x_y1700x1350_z0_6000f_15.5lp_00001,4
FAR,Sert/0721,0.687297319235698,59.1648042424392,11.875,ro5_1.6x_x1200y-400_z0_26lp_6000f_00001,40,ro6_1.6x_x1200y-700_z0_26lp_6000f_00001,39
FAR,Vglut2/0728,0.687228008824226,77.2057817268052,5,fov1_2x_y1700x1350_z15_6000f_16lp_00001,37,fov1_2x_y1700x1350_z25_3000f_16lp_00001,28
FAR,Vgat/0730,0.687185578180304,143.958099741491,39.999,roi2_2x_x1050y2250_z120_2000f_14lp_00001,47,roi2_2x_x1050y2250_z160_2000f_16lp_00001,40
FAR,Vgat/0730,0.687167122604999,36.6880448077341,19.376,roi2_2.2x_x1050y2250_z100_2000f_12lp_00001,36,roi2_2x_x1050y2250_z120_2000f_14lp_00001,35
FAR,Vglut2/0728,0.686991258121976,147.72175762359,10.3125,fov1_2x_y1700x1350_z15_6000f_16lp_00001,39,fov1_2x_y1700x1350_z5_6000f_15.5lp_00002,10
FAR,Vglut2/1124,0.686959077454697,112.052574458964,20,roi3_-1000-300-40_32lp_930_x1.4_256x512_3000f_00001,92,roi3_-1000-300-60_38lp_930_x1.4_256x512_3000f_00001,108
FAR,Vglut2/1124,0.686840650597649,78.2931549665902,20,roi3_-1000-300-40_32lp_930_x1.4_256x512_3000f_00001,81,roi3_-1000-300-60_38lp_930_x1.4_256x512_3000f_00001,127
FAR,Vglut2/0728,0.686609152142808,88.0761467025275,15,fov1_1.7x_y1650x1320_z35_3000f_15lp_00001,36,fov1_2x_y1700x1350_z15_6000f_16lp_00001,17
FAR,Vglut2/0728,0.68652794268169,125.079322321033,10,fov1_1.7x_y1650x1320_z35_3000f_15lp_00001,39,fov1_2x_y1700x1350_z25_3000f_16lp_00001,21
NEAR,Sert/0721,0.686507680649995,1.53904929002253,5,ro1_2x_x1018y1130_z10_20lp_6000f_00001,39,ro1_2x_x1018y1130_z15_20lp_6000f_00001,37
FAR,Vglut2/0728,0.686503514097257,137.170189949772,15.3125,fov1_1.7x_y1650x1320_z30_3000f_15lp_00001,31,fov1_2x_y1700x1350_z15_6000f_17.5lp_00001,3
NEAR,Vglut2/0728,0.686444085641738,1.29756121793332,6.5625,fov1_1.7x_y1650x1320_z35_3000f_15lp_00001,9,fov1_2.1x_y1350x1310_z30_3000f_13lp_00001,2
FAR,Vglut2/0728,0.686186963927194,48.8309607974825,6.5625,fov1_1.7x_y1650x1320_z35_3000f_15lp_00001,10,fov1_2.1x_y1350x1310_z30_3000f_13lp_00001,1
FAR,Vglut2/0728,0.68594571332387,146.086380688975,10.3125,fov1_2x_y1700x1350_z15_6000f_17.5lp_00001,7,fov1_2x_y1700x1350_z25_3000f_16lp_00001,38
FAR,Sert/0721,0.685872817008583,122.369554475945,11.875,ro1_2x_x1018y1130_z25_26lp_6000f_00001,7,ro3_2.5x_x450y1500_z-15_28.5lp_6000f_00003,10
FAR,Vglut2/0728,0.685350049642572,129.635732068559,30.3125,fov1_1.7x_y1650x1320_z30_3000f_15lp_00001,31,fov1_2x_y1700x1350_z0_6000f_15.5lp_00001,10
FAR,Vglut2/0728,0.685293995998623,139.148588666942,6.5625,fov1_1.7x_y1650x1320_z35_3000f_15lp_00001,33,fov1_2.1x_y1350x1310_z30_3000f_13lp_00001,4
NEAR,Vglut2/0728,0.6849966487675,2.18120777890302,10,fov1_1.7x_y1650x1320_z30_3000f_15lp_00001,19,fov1_2x_y1700x1350_z15_6000f_16lp_00001,17
FAR,Vglut2/0728,0.68497375772533,145.453639503926,10,fov1_2x_y1700x1350_z15_6000f_17.5lp_00001,11,fov1_2x_y1700x1350_z5_6000f_15.5lp_00001,4
FAR,Vglut2/0728,0.684935774161097,97.6228093173627,10,fov1_1.7x_y1650x1320_z30_3000f_15lp_00001,38,fov1_1.7x_y1650x1320_z40_3000f_17lp_00001,25
FAR,Vgat/0730,0.684786940346411,110.309034857953,14.0625,roi1_1.4x_x1100y1050_z6_5000f_13lp_00001,11,roi1_3x_x1100y950_z8_3000f_11.5lp_00001,8
FAR,Vglut2/0728,0.684773057085032,48.6431353263366,5,fov1_1.7x_y1650x1320_z30_3000f_15lp_00001,3,fov1_1.7x_y1650x1320_z35_3000f_15lp_00001,10
FAR,Vglut2/0224/pFN,0.684680907394591,119.980234239876,1.25,pFN_roi1_z0_512x512_6x_2000f_00001,2,pFN_roi2_z5_512x512_6x_6000f_00001,6
FAR,Vglut2/0728,0.684573365912543,58.1621575200799,10,fov1_1.7x_y1650x1320_z30_3000f_15lp_00001,38,fov1_2x_y1700x1350_z15_6000f_16lp_00001,36
NEAR,Vglut2/0728,0.684463811886337,3.76169730773714,10,fov1_1.7x_y1650x1320_z35_3000f_15lp_00001,3,fov1_2x_y1700x1350_z25_3000f_16lp_00001,1
FAR,Vglut2/0728,0.684442550337668,65.4567243915049,10,fov1_1.7x_y1650x1320_z35_3000f_15lp_00001,43,fov1_2x_y1700x1350_z25_3000f_16lp_00001,43
FAR,Vglut2/0728,0.684425094940501,136.767280852434,20,fov1_1.7x_y1650x1320_z40_3000f_17lp_00001,6,fov1_2x_y1700x1350_z15_6000f_16lp_00001,15
FAR,Sert/0721,0.684157671604991,50.4489158075724,10,ro1_2x_x1018y1130_z15_20lp_6000f_00001,33,ro1_2x_x1018y1130_z25_26lp_6000f_00001,2
FAR,Vglut2/0728,0.683777945476657,62.9210200071185,5,fov1_2x_y1700x1350_z0_6000f_15.5lp_00001,19,fov1_2x_y1700x1350_z5_6000f_15.5lp_00001,17
FAR,Sert/0721,0.683631604588241,69.7413020882277,10,ro1_2x_x1018y1130_z15_20lp_6000f_00001,36,ro1_2x_x1018y1130_z25_26lp_6000f_00001,12
NEAR,Sert/0721,0.683547017625786,3.06319303673882,11.25,ro6_1.6x_x1200y-700_z0_26lp_6000f_00001,9,ro7_1.6x_x1000y-1000_z0_26lp_6000f_00001,17
FAR,Vglut2/0728,0.68354515103681,119.295103372807,5.3125,fov1_2x_y1700x1350_z15_6000f_16lp_00001,21,fov1_2x_y1700x1350_z15_6000f_17.5lp_00001,31
FAR,Vglut2/0728,0.68346901362223,137.266021441414,20.3125,fov1_1.7x_y1650x1320_z35_3000f_15lp_00001,25,fov1_2x_y1700x1350_z15_6000f_17.5lp_00001,7
FAR,Sert/0721,0.68318123427165,133.942770739521,15.9375,ro1_2x_x1018y1130_z25_26lp_6000f_00001,5,ro3_4x_x700y-1233_z-10_24.5lp_6000f_00001,19
FAR,Vgat/0730,0.683088578375614,53.3399579012324,18.125,roi2_1.6x_x1050y2250_z63_2000f_11.5lp_00001,19,roi2_2.2x_x1050y2250_z80_2000f_11.5lp_00001,4
FAR,Vglut2/0728,0.683053770398518,80.9687059831734,5.3125,fov1_2x_y1700x1350_z15_6000f_16lp_00001,15,fov1_2x_y1700x1350_z15_6000f_17.5lp_00001,7
NEAR,Vglut2/0728,0.682917955151179,1.12823673549251,5,fov1_1.7x_y1650x1320_z30_3000f_15lp_00001,5,fov1_1.7x_y1650x1320_z35_3000f_15lp_00001,9
FAR,Vglut2/0728,0.682893910758175,112.520391361982,5,fov1_2x_y1700x1350_z15_6000f_17.5lp_00001,4,fov1_2x_y1700x1350_z5_6000f_15.5lp_00002,13
NEAR,Vglut2/0728,0.682804314686957,0.869569445927857,10,fov1_1.7x_y1650x1320_z35_3000f_15lp_00001,28,fov1_2x_y1700x1350_z25_3000f_16lp_00001,23
FAR,Vglut2/0728,0.682690467544647,104.037698647204,30.3125,fov1_1.7x_y1650x1320_z40_3000f_17lp_00001,8,fov1_2x_y1700x1350_z5_6000f_15.5lp_00002,13
NEAR,Vglut2/0728,0.682612374689525,2.03366574057582,15,fov1_1.7x_y1650x1320_z40_3000f_17lp_00001,42,fov1_2x_y1700x1350_z25_3000f_16lp_00001,37
NEAR,Vglut2/0728,0.682590965893341,3.34061707606456,10,fov1_1.7x_y1650x1320_z35_3000f_15lp_00001,25,fov1_2x_y1700x1350_z25_3000f_16lp_00001,18
FAR,Vglut2/0728,0.68256728644407,137.92621893714,35.3125,fov1_1.7x_y1650x1320_z40_3000f_17lp_00001,25,fov1_2x_y1700x1350_z5_6000f_15.5lp_00001,4
FAR,Vglut2/1124,0.682468614363834,24.2409473472181,20,roi3_-1000-300-40_32lp_930_x1.4_256x512_3000f_00001,65,roi3_-1000-300-60_38lp_930_x1.4_256x512_3000f_00001,99
FAR,Sert/0721,0.682466280518708,55.4932701413911,1.5625,ro7_1.6x_x1000y-1000_z0_26lp_6000f_00001,9,roi7_1.8x_x-1000-1000_z0_16lp_3000f_00001,4
FAR,Sert/0721,0.682223436693454,93.4190586232169,1.5625,ro7_1.6x_x1000y-1000_z0_26lp_6000f_00001,22,roi7_1.8x_x-1000-1000_z0_16lp_3000f_00001,31
FAR,Sert/0721,0.681807600522696,52.6966802526991,5.9375,ro1_2x_x1018y1130_z15_20lp_6000f_00001,19,ro3_4x_x700y-1233_z-10_24.5lp_6000f_00001,8
FAR,Vglut2/0728,0.681719423936225,126.969737482084,10,fov1_2x_y1700x1350_z15_6000f_17.5lp_00001,11,fov1_2x_y1700x1350_z5_6000f_15.5lp_00001,12
FAR,Vglut2/1124,0.681709573274453,130.395953657243,20,roi3_-1000-300-40_32lp_930_x1.4_256x512_3000f_00001,65,roi3_-1000-300-60_38lp_930_x1.4_256x512_3000f_00001,109
FAR,Vglut2/0728,0.681279422413836,95.0997086303713,5,fov1_1.7x_y1650x1320_z30_3000f_15lp_00001,23,fov1_1.7x_y1650x1320_z35_3000f_15lp_00001,10
FAR,Vglut2/0728,0.68087646829181,108.931673817066,13.75,fov1_2.1x_y1350x1310_z30_3000f_13lp_00001,27,fov1_2x_y1700x1350_z15_6000f_17.5lp_00001,9
FAR,Vgat/0730,0.680714321576931,139.838044413947,10.3125,roi1_2.4x_x950y1000_z85_6000f_14.5lp_00001,35,roi1_3x_x950y1000_z70_6000f_15lp_00001,14
FAR,Vglut2/1124,0.680521508895178,69.2234818945481,20,roi3_-1000-300-40_32lp_930_x1.4_256x512_3000f_00001,80,roi3_-1000-300-60_38lp_930_x1.4_256x512_3000f_00001,120
NEAR,Vglut2/0728,0.68050421474265,2.91087087277955,5,fov1_2x_y1700x1350_z15_6000f_16lp_00001,29,fov1_2x_y1700x1350_z25_3000f_16lp_00001,26
FAR,Vgat/0730,0.68050062633456,52.4081184807469,39.999,roi2_2x_x1050y2250_z120_2000f_14lp_00001,46,roi2_2x_x1050y2250_z160_2000f_16lp_00001,59
FAR,Vglut2/0728,0.680445241329899,119.69621433729,10,fov1_1.7x_y1650x1320_z30_3000f_15lp_00001,31,fov1_2x_y1700x1350_z15_6000f_16lp_00001,15
FAR,Vglut2/0728,0.680237541168217,5.08117299716474,5,roi2_1.6x_y1400x1600_z5_3000f_16lp_00001,2,roi2_2x_y1400x1550_z0_3000f_15lp_00001,1
FAR,Vglut2/0728,0.680085264826157,96.4783071915485,5.3125,fov1_2x_y1700x1350_z15_6000f_16lp_00001,15,fov1_2x_y1700x1350_z15_6000f_17.5lp_00001,3
FAR,Vglut2/0728,0.680069348600629,75.3403218530391,13.75,fov1_2.1x_y1350x1310_z30_3000f_13lp_00001,17,fov1_2x_y1700x1350_z15_6000f_17.5lp_00001,24
FAR,Vgat/0730,0.679664449017808,98.8479805302197,40.6255,roi2_2.2x_x1050y2250_z80_2000f_11.5lp_00001,51,roi2_2x_x1050y2250_z120_2000f_14lp_00001,22
FAR,Sert/0721,0.679639509501838,105.317532856652,11.875,ro5_1.6x_x1200y-400_z0_26lp_6000f_00001,39,ro6_1.6x_x1200y-700_z0_26lp_6000f_00001,24
FAR,Vglut2/1124,0.67959334642492,111.227054951803,20,roi3_-1000-300-40_32lp_930_x1.4_256x512_3000f_00001,88,roi3_-1000-300-60_38lp_930_x1.4_256x512_3000f_00001,110
FAR,Vglut2/1124,0.679559306689911,135.926376957825,20,roi3_-1000-300-40_32lp_930_x1.4_256x512_3000f_00001,31,roi3_-1000-300-60_38lp_930_x1.4_256x512_3000f_00001,55
FAR,Sert/0721,0.679340659212046,79.0082276598332,15,ro1_2x_x1018y1130_z10_20lp_6000f_00001,34,ro1_2x_x1018y1130_z25_26lp_6000f_00001,4
FAR,Vgat/0730,0.679304597740816,74.7298772399323,21.2495,roi2_2.2x_x1050y2250_z100_2000f_12lp_00001,36,roi2_2.2x_x1050y2250_z80_2000f_11.5lp_00001,55
FAR,Vgat/0730,0.678621462074961,79.0080400478647,18.125,roi2_1.6x_x1050y2250_z63_2000f_11.5lp_00001,10,roi2_2.2x_x1050y2250_z80_2000f_11.5lp_00001,10
NEAR,Vglut2/0728,0.678540089205434,1.97886992854571,5,fov1_2x_y1700x1350_z0_6000f_15.5lp_00001,5,fov1_2x_y1700x1350_z5_6000f_15.5lp_00001,7
FAR,Vglut2/1124,0.678486044765362,146.988364674268,20,roi3_-1000-300-40_32lp_930_x1.4_256x512_3000f_00001,75,roi3_-1000-300-60_38lp_930_x1.4_256x512_3000f_00001,76
FAR,Vglut2/0728,0.678366122809506,73.0981832747007,5,fov1_1.7x_y1650x1320_z30_3000f_15lp_00001,24,fov1_2x_y1700x1350_z25_3000f_16lp_00001,12
NEAR,Vglut2/0728,0.678167409959973,1.30751842262139,11.5625,fov1_1.7x_y1650x1320_z40_3000f_17lp_00001,33,fov1_2.1x_y1350x1310_z30_3000f_13lp_00001,20
FAR,Sert/0721,0.678009632979466,125.841152997437,1.875,ro1_2x_x1018y1130_z15_20lp_6000f_00001,49,ro3_2.5x_x450y1500_z-15_28.5lp_6000f_00003,22
FAR,Vglut2/0728,0.677922932204381,114.34986378338,10,fov1_2x_y1700x1350_z15_6000f_17.5lp_00001,24,fov1_2x_y1700x1350_z5_6000f_15.5lp_00001,4
NEAR,Vglut2/0728,0.67785093457846,1.30340849124573,10,fov1_1.7x_y1650x1320_z30_3000f_15lp_00001,29,fov1_1.7x_y1650x1320_z40_3000f_17lp_00001,30
FAR,Sert/0721,0.677544342388598,41.6764200221865,10,ro1_2x_x1018y1130_z15_20lp_6000f_00001,19,ro1_2x_x1018y1130_z25_26lp_6000f_00001,1
FAR,Vgat/0730,0.677370196206725,123.447159725558,18.125,roi2_1.6x_x1050y2250_z63_2000f_11.5lp_00001,51,roi2_2.2x_x1050y2250_z80_2000f_11.5lp_00001,12
FAR,Vgat/0730,0.677248115927228,115.156489364244,30,roi1_3x_x950y1200_z40_6000f_14lp_00001,8,roi1_3x_x950y1000_z70_6000f_15lp_00001,28
FAR,Vglut2/1124,0.677068350606291,87.0862612082784,20,roi3_-1000-300-40_32lp_930_x1.4_256x512_3000f_00001,40,roi3_-1000-300-60_38lp_930_x1.4_256x512_3000f_00001,64
FAR,Vgat/0730,0.676980073521843,147.454351432299,15,roi2_1.6x_x1050y2250_z50_2000f_10.5lp_00001,22,roi2_1.6x_x1050y2250_z63_2000f_11.5lp_00001,53
FAR,Sert/0721,0.676786761471556,103.867440840216,5,ro1_2x_x1018y1130_z10_20lp_6000f_00001,31,ro1_2x_x1018y1130_z15_20lp_6000f_00001,40
FAR,Sert/0721,0.67676158257143,110.569396515297,15,ro1_2x_x1018y1130_z10_20lp_6000f_00001,36,ro1_2x_x1018y1130_z25_26lp_6000f_00001,1
FAR,Vglut2/0728,0.67657080448871,46.94979378296,10,fov1_2x_y1700x1350_z0_6000f_15.5lp_00001,11,fov1_2x_y1700x1350_z5_6000f_15.5lp_00002,15
FAR,Sert/0721,0.676473040550625,64.7070117917652,10,ro1_2x_x1018y1130_z15_20lp_6000f_00001,49,ro1_2x_x1018y1130_z25_26lp_6000f_00001,6
FAR,Vglut2/0224/pFN,0.676351505950291,128.966032655009,2.1875,pFN_roi2_z5_25x_512x512_3x_6000f_00001,7,pFN_roi2_z5_512x512_6x_6000f_00001,9
FAR,Vglut2/0728,0.676250359196274,85.6658267770897,20.3125,fov1_2x_y1700x1350_z25_3000f_16lp_00001,6,fov1_2x_y1700x1350_z5_6000f_15.5lp_00001,4
FAR,Vglut2/0728,0.676111404169937,137.374832484828,15,fov1_2x_y1700x1350_z0_6000f_15.5lp_00001,14,fov1_2x_y1700x1350_z15_6000f_17.5lp_00001,34
FAR,Vgat/0730,0.675928745574643,138.800978297332,20.625,roi2_1.5x_x1050y2250_z35_2000f_8lp_00001,22,roi2_1.6x_x1050y2250_z63_2000f_11.5lp_00001,19
NEAR,Vglut2/0728,0.675730122170662,1.99734941805721,10,fov1_1.7x_y1650x1320_z30_3000f_15lp_00001,20,fov1_2x_y1700x1350_z15_6000f_16lp_00001,16
FAR,Vgat/0730,0.675612611190861,102.84717323217,21.2495,roi2_2.2x_x1050y2250_z100_2000f_12lp_00001,11,roi2_2.2x_x1050y2250_z80_2000f_11.5lp_00001,36
NEAR,Vglut2/0728,0.675587405679118,2.00152449140452,8.4375,fov1_2.1x_y1350x1310_z30_3000f_13lp_00001,8,fov1_2x_y1700x1350_z15_6000f_16lp_00001,16
FAR,Vgat/0730,0.675523351004983,54.0591841403013,20.001,roi1_2.4x_x1300y900_z250_3000f_30lp_00001,3,roi1_3x_x1350y850_z265_3000f_31lp_00001,2
FAR,Vglut2/0728,0.675507294253433,56.9956088295068,10,fov1_1.7x_y1650x1320_z30_3000f_15lp_00001,21,fov1_2x_y1700x1350_z15_6000f_16lp_00001,15
NEAR,Vglut2/0728,0.675505401616539,1.44683713416743,13.75,fov1_2.1x_y1350x1310_z30_3000f_13lp_00001,27,fov1_2x_y1700x1350_z15_6000f_17.5lp_00001,26
FAR,Vglut2/1124,0.675486084696663,49.4336598821032,20,roi3_-1000-300-40_32lp_930_x1.4_256x512_3000f_00001,84,roi3_-1000-300-60_38lp_930_x1.4_256x512_3000f_00001,127
NEAR,Vglut2/0728,0.67541782001573,1.38804317080052,10,fov1_1.7x_y1650x1320_z35_3000f_15lp_00001,27,fov1_2x_y1700x1350_z25_3000f_16lp_00001,22
FAR,Vglut2/0224/pFN,0.675404772706683,119.321684905395,0.9375,pFN_roi1_z0_512x512_6x_2000f_00001,8,pFN_roi2_z5_25x_512x512_3x_6000f_00001,13
FAR,Sert/0721,0.675373740009135,126.194379272956,5,ro1_2x_x1018y1130_z10_20lp_6000f_00001,30,ro1_2x_x1018y1130_z15_20lp_6000f_00001,48
NEAR,Vglut2/0728,0.675188470347908,1.11008388898623,15,fov1_2x_y1700x1350_z0_6000f_15.5lp_00001,11,fov1_2x_y1700x1350_z15_6000f_17.5lp_00001,27
FAR,Sert/0721,0.675055625736548,92.3237251100155,5,ro1_2x_x1018y1130_z10_20lp_6000f_00001,22,ro1_2x_x1018y1130_z15_20lp_6000f_00001,13
FAR,Vglut2/0728,0.674888720860862,147.42398527592,25.3125,fov1_2x_y1700x1350_z0_6000f_15.5lp_00001,4,fov1_2x_y1700x1350_z25_3000f_16lp_00001,38
FAR,Vgat/0730,0.674499080615022,37.14624824433,19.376,roi2_2.2x_x1050y2250_z100_2000f_12lp_00001,35,roi2_2x_x1050y2250_z120_2000f_14lp_00001,41
NEAR,Vglut2/0728,0.674470142489593,3.45341228985282,5,fov1_1.7x_y1650x1320_z35_3000f_15lp_00001,18,fov1_1.7x_y1650x1320_z40_3000f_17lp_00001,20
FAR,Vglut2/1124,0.674306311135592,113.637967838642,20,roi3_-1000-300-40_32lp_930_x1.4_256x512_3000f_00001,4,roi3_-1000-300-60_38lp_930_x1.4_256x512_3000f_00001,6
FAR,Vgat/0730,0.674263185356675,60.3693351937652,10.3125,roi1_3.2x_x1100y1050_z6_6000f_12lp_00001,5,roi1_1.2x_x1100y1050_z0_5000f_14lp_00001,4
FAR,Sert/0721,0.674156686961268,61.951016877399,5.9375,ro1_2x_x1018y1130_z15_20lp_6000f_00001,4,ro3_4x_x700y-1233_z-10_24.5lp_6000f_00001,8
NEAR,Vglut2/0728,0.674051092145496,2.92229741786913,15,fov1_1.7x_y1650x1320_z40_3000f_17lp_00001,25,fov1_2x_y1700x1350_z25_3000f_16lp_00001,18
NEAR,Vglut2/0728,0.674033457069794,2.61359235558509,15,fov1_1.7x_y1650x1320_z40_3000f_17lp_00001,53,fov1_2x_y1700x1350_z25_3000f_16lp_00001,45
NEAR,Vglut2/0728,0.673970941320371,2.2076370973806,11.5625,fov1_1.7x_y1650x1320_z40_3000f_17lp_00001,26,fov1_2.1x_y1350x1310_z30_3000f_13lp_00001,11
FAR,Vglut2/1124,0.673962741315622,139.216491522441,20,roi3_-1000-300-40_32lp_930_x1.4_256x512_3000f_00001,92,roi3_-1000-300-60_38lp_930_x1.4_256x512_3000f_00001,99
NEAR,Vglut2/0728,0.673923675662988,0.514587585648342,10,fov1_2x_y1700x1350_z0_6000f_15.5lp_00001,12,fov1_2x_y1700x1350_z5_6000f_15.5lp_00002,19
FAR,Vglut2/1124,0.673365360618484,75.8533346609688,20,roi3_-1000-300-40_32lp_930_x1.4_256x512_3000f_00001,75,roi3_-1000-300-60_38lp_930_x1.4_256x512_3000f_00001,109
FAR,Vglut2/1124,0.673157261490171,5.76600092697426,20,roi3_-1000-300-40_32lp_930_x1.4_256x512_3000f_00001,10,roi3_-1000-300-60_38lp_930_x1.4_256x512_3000f_00001,16
FAR,Vglut2/0728,0.673039390339462,95.8593440026249,5,fov1_2x_y1700x1350_z0_6000f_15.5lp_00001,10,fov1_2x_y1700x1350_z5_6000f_15.5lp_00001,13
NEAR,Vglut2/0728,0.672894212117458,0.798955656987568,10.3125,fov1_2x_y1700x1350_z15_6000f_17.5lp_00001,15,fov1_2x_y1700x1350_z25_3000f_16lp_00001,21
FAR,Vglut2/0728,0.67276176368574,44.7181138222455,15.3125,fov1_1.7x_y1650x1320_z30_3000f_15lp_00001,23,fov1_2x_y1700x1350_z15_6000f_17.5lp_00001,11
NEAR,Sert/0721,0.672212609512051,1.02682575762744,5,ro1_2x_x1018y1130_z10_20lp_6000f_00001,21,ro1_2x_x1018y1130_z15_20lp_6000f_00001,21
FAR,Vglut2/0728,0.672155819395368,147.866895780366,5.3125,fov1_2x_y1700x1350_z15_6000f_16lp_00001,39,fov1_2x_y1700x1350_z15_6000f_17.5lp_00001,7
FAR,Vglut2/0728,0.672104354245252,104.857298739419,15,fov1_1.7x_y1650x1320_z40_3000f_17lp_00001,8,fov1_2x_y1700x1350_z25_3000f_16lp_00001,19
FAR,Vglut2/0728,0.672094781959102,72.6432419095903,5.3125,fov1_2x_y1700x1350_z15_6000f_16lp_00001,5,fov1_2x_y1700x1350_z15_6000f_17.5lp_00001,2
FAR,Vglut2/1124,0.671937022061944,132.77547977687,20,roi3_-1000-300-40_32lp_930_x1.4_256x512_3000f_00001,37,roi3_-1000-300-60_38lp_930_x1.4_256x512_3000f_00001,16
FAR,Vglut2/0728,0.671875633305282,102.721120180142,10.3125,fov1_2x_y1700x1350_z15_6000f_17.5lp_00001,2,fov1_2x_y1700x1350_z25_3000f_16lp_00001,21
FAR,Vglut2/0728,0.671753830549128,68.1791070774478,10,fov1_1.7x_y1650x1320_z30_3000f_15lp_00001,18,fov1_2x_y1700x1350_z15_6000f_16lp_00001,21
FAR,Vglut2/0728,0.67173564838752,141.71572752149,20.3125,fov1_2x_y1700x1350_z25_3000f_16lp_00001,35,fov1_2x_y1700x1350_z5_6000f_15.5lp_00001,15
FAR,Vglut2/1124,0.671604133008145,81.4927710092632,20,roi3_-1000-300-40_32lp_930_x1.4_256x512_3000f_00001,38,roi3_-1000-300-60_38lp_930_x1.4_256x512_3000f_00001,58
FAR,Vgat/0730,0.671594983819723,111.244104093725,1.25,roi1_1.6x_x1050y1000_z100_3000f_17.5lp_00001,75,roi1_3x_x1050y1000_z100_3000f_17lp_00001,12
FAR,Sert/0721,0.671575345922607,10.7944488750242,11.875,ro5_1.6x_x1200y-400_z0_26lp_6000f_00001,72,ro6_1.6x_x1200y-700_z0_26lp_6000f_00001,44
FAR,Vglut2/1124,0.671548395289619,38.1921626354278,20,roi3_-1000-300-40_32lp_930_x1.4_256x512_3000f_00001,58,roi3_-1000-300-60_38lp_930_x1.4_256x512_3000f_00001,78
FAR,Vgat/0730,0.671421466517879,89.4942187979841,40.6255,roi2_2.2x_x1050y2250_z80_2000f_11.5lp_00001,51,roi2_2x_x1050y2250_z120_2000f_14lp_00001,13
FAR,Vglut2/0728,0.671333195264187,107.041419458873,8.4375,fov1_2.1x_y1350x1310_z30_3000f_13lp_00001,11,fov1_2x_y1700x1350_z15_6000f_16lp_00001,15
FAR,Sert/0721,0.671311849019101,110.11723500837,5.9375,ro1_2x_x1018y1130_z15_20lp_6000f_00001,22,ro3_4x_x700y-1233_z-10_24.5lp_6000f_00001,15
FAR,Vgat/0730,0.670982292041544,112.227958349241,22.5,roi1_3x_x1100y950_z8_6000f_13lp_00001,6,roi1_1.2x_x1100y1050_z0_5000f_14lp_00001,4
FAR,Vglut2/0728,0.670929937547052,134.119699448904,20.3125,fov1_1.7x_y1650x1320_z35_3000f_15lp_00001,4,fov1_2x_y1700x1350_z15_6000f_17.5lp_00001,1
NEAR,Sert/0721,0.670907119947133,2.76260646899494,5,ro1_2x_x1018y1130_z10_20lp_6000f_00001,13,ro1_2x_x1018y1130_z15_20lp_6000f_00001,14
FAR,Sert/0721,0.670901754004059,93.5201286395892,11.875,ro5_1.6x_x1200y-400_z0_26lp_6000f_00001,72,ro6_1.6x_x1200y-700_z0_26lp_6000f_00001,49
NEAR,Vglut2/0728,0.670786646194037,1.18100939353361,6.5625,fov1_1.7x_y1650x1320_z35_3000f_15lp_00001,37,fov1_2.1x_y1350x1310_z30_3000f_13lp_00001,23
FAR,Vglut2/0728,0.67077903180453,124.180656771733,20.3125,fov1_2x_y1700x1350_z0_6000f_15.5lp_00001,3,fov1_2x_y1700x1350_z15_6000f_16lp_00001,34
FAR,Vglut2/0728,0.670445470489523,53.4596838462384,25.3125,fov1_1.7x_y1650x1320_z30_3000f_15lp_00001,24,fov1_2x_y1700x1350_z5_6000f_15.5lp_00001,3
FAR,Vglut2/1124,0.670287106166078,75.0895862539409,20,roi3_-1000-300-40_32lp_930_x1.4_256x512_3000f_00001,79,roi3_-1000-300-60_38lp_930_x1.4_256x512_3000f_00001,92
FAR,Vglut2/0224/pFN,0.670223154830997,116.502729167093,0.9375,pFN_roi1_z0_512x512_6x_2000f_00001,2,pFN_roi2_z5_25x_512x512_3x_6000f_00001,20
FAR,Vglut2/0224/pFN,0.670072820297424,103.558123283786,0.9375,pFN_roi1_z0_512x512_6x_2000f_00001,2,pFN_roi2_z5_25x_512x512_3x_6000f_00001,18
FAR,Vglut2/1124,0.670036744809171,147.986465129089,20,roi3_-1000-300-40_32lp_930_x1.4_256x512_3000f_00001,92,roi3_-1000-300-60_38lp_930_x1.4_256x512_3000f_00001,109
FAR,Vgat/0730,0.669603817443475,54.3593898752259,18.125,roi2_1.6x_x1050y2250_z63_2000f_11.5lp_00001,12,roi2_2.2x_x1050y2250_z80_2000f_11.5lp_00001,12
FAR,Sert/0721,0.669554838960801,108.723285976296,10,ro1_2x_x1018y1130_z15_20lp_6000f_00001,22,ro1_2x_x1018y1130_z25_26lp_6000f_00001,6
FAR,Sert/0721,0.669543587628088,122.760676105542,15,ro1_2x_x1018y1130_z10_20lp_6000f_00001,30,ro1_2x_x1018y1130_z25_26lp_6000f_00001,7
FAR,Vglut2/0224/pFN,0.669398372059174,72.9777741084601,2.1875,pFN_roi2_z5_25x_512x512_3x_6000f_00001,19,pFN_roi2_z5_512x512_6x_6000f_00001,5
FAR,Vglut2/0728,0.669368935975127,131.062450350361,5,fov1_1.7x_y1650x1320_z35_3000f_15lp_00001,8,fov1_1.7x_y1650x1320_z40_3000f_17lp_00001,2
FAR,Vglut2/0728,0.669125663632445,122.812533398507,5.3125,fov1_2x_y1700x1350_z15_6000f_16lp_00001,39,fov1_2x_y1700x1350_z15_6000f_17.5lp_00001,15
FAR,Vglut2/0728,0.66875902122929,127.517552023062,10.3125,fov1_2x_y1700x1350_z15_6000f_16lp_00001,44,fov1_2x_y1700x1350_z5_6000f_15.5lp_00002,16
FAR,Sert/0721,0.668709186122327,104.942955029459,10,ro1_2x_x1018y1130_z15_20lp_6000f_00001,44,ro1_2x_x1018y1130_z25_26lp_6000f_00001,15
FAR,Vglut2/1124,0.668588943258372,50.9071316427701,20,roi3_-1000-300-40_32lp_930_x1.4_256x512_3000f_00001,68,roi3_-1000-300-60_38lp_930_x1.4_256x512_3000f_00001,109
FAR,Vglut2/0728,0.668550491094557,35.2474999349258,30.3125,fov1_1.7x_y1650x1320_z40_3000f_17lp_00001,12,fov1_2x_y1700x1350_z5_6000f_15.5lp_00002,7
FAR,Sert/0721,0.668445110685075,99.8971842967272,15,ro1_2x_x1018y1130_z10_20lp_6000f_00001,33,ro1_2x_x1018y1130_z25_26lp_6000f_00001,7
FAR,Vglut2/0728,0.668422243085886,91.7475064386715,15.3125,fov1_2x_y1700x1350_z15_6000f_16lp_00001,36,fov1_2x_y1700x1350_z5_6000f_15.5lp_00001,15
FAR,Vglut2/0728,0.667955551066865,110.989391373482,10.3125,fov1_2x_y1700x1350_z15_6000f_16lp_00001,19,fov1_2x_y1700x1350_z5_6000f_15.5lp_00002,16
FAR,Vglut2/0728,0.667762609138182,95.0540834740745,25.3125,fov1_1.7x_y1650x1320_z30_3000f_15lp_00001,43,fov1_2x_y1700x1350_z5_6000f_15.5lp_00001,16
FAR,Vglut2/0728,0.667752947933172,127.89882844958,10.3125,fov1_2x_y1700x1350_z15_6000f_16lp_00001,14,fov1_2x_y1700x1350_z5_6000f_15.5lp_00002,15
FAR,Vglut2/0728,0.667623017571111,108.584981537948,25.3125,fov1_2x_y1700x1350_z0_6000f_15.5lp_00001,9,fov1_2x_y1700x1350_z25_3000f_16lp_00001,38
FAR,Vgat/0730,0.667312963464419,106.320203343049,21.2495,roi2_2.2x_x1050y2250_z100_2000f_12lp_00001,6,roi2_2.2x_x1050y2250_z80_2000f_11.5lp_00001,36
FAR,Vglut2/0728,0.667199285178034,94.1630045494183,20.3125,fov1_1.7x_y1650x1320_z35_3000f_15lp_00001,36,fov1_2x_y1700x1350_z15_6000f_17.5lp_00001,32
FAR,Vgat/0730,0.667154414726198,58.1218300549255,15,roi2_1.6x_x1050y2250_z50_2000f_10.5lp_00001,6,roi2_1.6x_x1050y2250_z63_2000f_11.5lp_00001,12
NEAR,Vglut2/0728,0.667140225082537,0.502621067801669,6.5625,fov1_1.7x_y1650x1320_z35_3000f_15lp_00001,35,fov1_2.1x_y1350x1310_z30_3000f_13lp_00001,22
NEAR,Vgat/0730,0.666899847619171,1.49813788227701,8.125,roi1_1.4x_x1100y1050_z6_5000f_13lp_00001,1,roi1_1.2x_x1100y1050_z0_5000f_14lp_00001,1
FAR,Vglut2/0728,0.666875777476699,118.368974949636,10,fov1_2x_y1700x1350_z15_6000f_17.5lp_00001,32,fov1_2x_y1700x1350_z5_6000f_15.5lp_00001,14
FAR,Vglut2/0728,0.666792473583752,132.011623573586,10,fov1_2x_y1700x1350_z15_6000f_17.5lp_00001,4,fov1_2x_y1700x1350_z5_6000f_15.5lp_00001,4
FAR,Vglut2/0728,0.666783116473628,5.6726071123317,5,fov1_1.7x_y1650x1320_z35_3000f_15lp_00001,9,fov1_1.7x_y1650x1320_z40_3000f_17lp_00001,9
FAR,Vglut2/0728,0.66666920238622,94.147802666003,10.3125,fov1_2x_y1700x1350_z15_6000f_16lp_00001,43,fov1_2x_y1700x1350_z5_6000f_15.5lp_00002,16
FAR,Vgat/0730,0.666643390705584,140.910344433612,20.625,roi2_1.5x_x1050y2250_z35_2000f_8lp_00001,10,roi2_1.6x_x1050y2250_z63_2000f_11.5lp_00001,36
FAR,Sert/0721,0.666603744426575,134.082496667681,15,ro1_2x_x1018y1130_z10_20lp_6000f_00001,13,ro1_2x_x1018y1130_z25_26lp_6000f_00001,2
FAR,Vglut2/0728,0.666537704404725,66.7674028119402,35.3125,fov1_1.7x_y1650x1320_z40_3000f_17lp_00001,44,fov1_2x_y1700x1350_z5_6000f_15.5lp_00001,14
FAR,Vgat/0730,0.666401997165781,55.9630579158513,19.0625,roi1_1.6x_x1050y1000_z100_3000f_17.5lp_00001,58,roi1_2.4x_x950y1000_z85_6000f_14.5lp_00001,40
FAR,Vglut2/0728,0.666331497506622,131.611784525964,15.3125,fov1_2x_y1700x1350_z25_3000f_16lp_00001,12,fov1_2x_y1700x1350_z5_6000f_15.5lp_00002,15
FAR,Vglut2/0728,0.666293034701951,99.88671851553,10,fov1_1.7x_y1650x1320_z35_3000f_15lp_00001,33,fov1_2x_y1700x1350_z25_3000f_16lp_00001,11
FAR,Sert/0721,0.666248908894279,144.817230907512,5,ro1_2x_x1018y1130_z10_20lp_6000f_00001,30,ro1_2x_x1018y1130_z15_20lp_6000f_00001,13
FAR,Vgat/0730,0.66610651139246,136.506625583675,18.125,roi2_1.6x_x1050y2250_z63_2000f_11.5lp_00001,58,roi2_2.2x_x1050y2250_z80_2000f_11.5lp_00001,51
FAR,Sert/0721,0.665766384566394,133.847217624091,15,ro1_2x_x1018y1130_z10_20lp_6000f_00001,30,ro1_2x_x1018y1130_z25_26lp_6000f_00001,6
FAR,Vglut2/0728,0.66550174481506,109.444651491157,25.3125,fov1_1.7x_y1650x1320_z40_3000f_17lp_00001,26,fov1_2x_y1700x1350_z15_6000f_17.5lp_00001,9
NEAR,Sert/0721,0.665500437257412,4.90149572821968,5,ro1_2x_x1018y1130_z10_20lp_6000f_00001,36,ro1_2x_x1018y1130_z15_20lp_6000f_00001,33
NEAR,Vglut2/0728,0.665448937913471,3.17772047784619,10,fov1_1.7x_y1650x1320_z35_3000f_15lp_00001,23,fov1_2x_y1700x1350_z25_3000f_16lp_00001,20
NEAR,Vglut2/0728,0.665116994397571,1.47828902700365,5,fov1_1.7x_y1650x1320_z35_3000f_15lp_00001,45,fov1_1.7x_y1650x1320_z40_3000f_17lp_00001,48
FAR,Vglut2/1124,0.664805756892015,107.494350916397,20,roi3_-1000-300-40_32lp_930_x1.4_256x512_3000f_00001,5,roi3_-1000-300-60_38lp_930_x1.4_256x512_3000f_00001,7
FAR,Vglut2/0728,0.664743581484315,113.303778361536,5,fov1_1.7x_y1650x1320_z30_3000f_15lp_00001,18,fov1_1.7x_y1650x1320_z35_3000f_15lp_00001,4
FAR,Vglut2/1124,0.664677813223466,146.411639256262,20,roi3_-1000-300-40_32lp_930_x1.4_256x512_3000f_00001,67,roi3_-1000-300-60_38lp_930_x1.4_256x512_3000f_00001,121
FAR,Vglut2/0728,0.664657057002303,110.354543482081,20.3125,fov1_1.7x_y1650x1320_z35_3000f_15lp_00001,26,fov1_2x_y1700x1350_z15_6000f_17.5lp_00001,4
FAR,Sert/0721,0.664643659347054,103.911313341275,5,ro1_2x_x1018y1130_z10_20lp_6000f_00001,42,ro1_2x_x1018y1130_z15_20lp_6000f_00001,49
FAR,Vglut2/0728,0.664370480226165,91.4773877113972,15,fov1_2x_y1700x1350_z0_6000f_15.5lp_00001,16,fov1_2x_y1700x1350_z15_6000f_17.5lp_00001,24
FAR,Vglut2/0728,0.664086925598098,49.8434830040994,25.3125,fov1_1.7x_y1650x1320_z30_3000f_15lp_00001,6,fov1_2x_y1700x1350_z5_6000f_15.5lp_00001,2
NEAR,Vgat/0730,0.663391531924213,3.8307019748714,15,roi2_1.6x_x1050y2250_z50_2000f_10.5lp_00001,26,roi2_1.6x_x1050y2250_z63_2000f_11.5lp_00001,58
FAR,Sert/0721,0.663313982279786,68.6912916428183,1.875,ro1_2x_x1018y1130_z15_20lp_6000f_00001,30,ro3_2.5x_x450y1500_z-15_28.5lp_6000f_00003,10
FAR,Vglut2/0728,0.663306415258091,52.0711033350353,5,fov1_2x_y1700x1350_z15_6000f_16lp_00001,10,fov1_2x_y1700x1350_z25_3000f_16lp_00001,7
FAR,Sert/0721,0.663205956934818,32.2950489125951,15,ro1_2x_x1018y1130_z10_20lp_6000f_00001,41,ro1_2x_x1018y1130_z25_26lp_6000f_00001,7
FAR,Vglut2/0728,0.662967269235866,43.8993668793412,3.4375,fov1_2.1x_y1350x1310_z30_3000f_13lp_00001,4,fov1_2x_y1700x1350_z25_3000f_16lp_00001,3
FAR,Vglut2/0728,0.662713814294425,55.3768124054341,5,fov1_2x_y1700x1350_z15_6000f_17.5lp_00001,25,fov1_2x_y1700x1350_z5_6000f_15.5lp_00002,20
FAR,Sert/0721,0.662696875419843,63.6938471381645,0.9375,ro1_2x_x1018y1130_z10_20lp_6000f_00001,12,ro3_4x_x700y-1233_z-10_24.5lp_6000f_00001,1
FAR,Vgat/0730,0.662347070992688,148.363444018369,38.75,roi2_1.5x_x1050y2250_z35_2000f_8lp_00001,6,roi2_2.2x_x1050y2250_z80_2000f_11.5lp_00001,49
FAR,Vgat/0730,0.662256916622942,40.5008489035372,18.125,roi2_1.6x_x1050y2250_z63_2000f_11.5lp_00001,10,roi2_2.2x_x1050y2250_z80_2000f_11.5lp_00001,2
FAR,Sert/0721,0.662247905782849,126.141479618467,1.5625,ro7_1.6x_x1000y-1000_z0_26lp_6000f_00001,18,roi7_1.8x_x-1000-1000_z0_16lp_3000f_00001,20
FAR,Vglut2/0728,0.662200342676298,104.719155374688,20,fov1_1.7x_y1650x1320_z40_3000f_17lp_00001,8,fov1_2x_y1700x1350_z15_6000f_16lp_00001,19
FAR,Sert/0721,0.662058088275161,134.735967961683,10,ro1_2x_x1018y1130_z15_20lp_6000f_00001,29,ro1_2x_x1018y1130_z25_26lp_6000f_00001,2
FAR,Vglut2/0224/pFN,0.662035079011802,72.5725838114681,2.1875,pFN_roi2_z5_25x_512x512_3x_6000f_00001,11,pFN_roi2_z5_512x512_6x_6000f_00001,9
NEAR,Vglut2/0728,0.662006315919615,0.359493096084112,13.75,fov1_2.1x_y1350x1310_z30_3000f_13lp_00001,20,fov1_2x_y1700x1350_z15_6000f_17.5lp_00001,22
NEAR,Vglut2/0728,0.661916916781146,1.54354825486635,15,fov1_1.7x_y1650x1320_z35_3000f_15lp_00001,33,fov1_2x_y1700x1350_z15_6000f_16lp_00001,30
FAR,Vglut2/0728,0.661705564370205,35.3432429607863,5,fov1_2x_y1700x1350_z15_6000f_16lp_00001,30,fov1_2x_y1700x1350_z25_3000f_16lp_00001,30
FAR,Vgat/0730,0.661650253952076,74.5393024588693,39.3745,roi2_1.6x_x1050y2250_z63_2000f_11.5lp_00001,36,roi2_2.2x_x1050y2250_z100_2000f_12lp_00001,4
FAR,Vgat/0730,0.661643814850377,92.1146870433598,40.6255,roi2_2.2x_x1050y2250_z80_2000f_11.5lp_00001,57,roi2_2x_x1050y2250_z120_2000f_14lp_00001,42
FAR,Vglut2/1124,0.661547286485793,84.5409738858963,20,roi3_-1000-300-40_32lp_930_x1.4_256x512_3000f_00001,75,roi3_-1000-300-60_38lp_930_x1.4_256x512_3000f_00001,114
FAR,Vglut2/0728,0.661502561260836,110.250583805284,35.3125,fov1_1.7x_y1650x1320_z40_3000f_17lp_00001,2,fov1_2x_y1700x1350_z5_6000f_15.5lp_00001,1
FAR,Vgat/0730,0.661390876001913,93.4865827279096,10.3125,roi1_3.2x_x1100y1050_z6_6000f_12lp_00001,1,roi1_1.2x_x1100y1050_z0_5000f_14lp_00001,5
FAR,Sert/0721,0.661295079035213,140.066175487992,1.5625,ro7_1.6x_x1000y-1000_z0_26lp_6000f_00001,22,roi7_1.8x_x-1000-1000_z0_16lp_3000f_00001,20
NEAR,Vglut2/0728,0.661293169479227,0.510589660314892,10,fov1_1.7x_y1650x1320_z30_3000f_15lp_00001,19,fov1_1.7x_y1650x1320_z40_3000f_17lp_00001,22
FAR,Vglut2/0224/pFN,0.661282622215988,33.4306902592288,0.9375,pFN_roi1_z0_512x512_6x_2000f_00001,2,pFN_roi2_z5_25x_512x512_3x_6000f_00001,1
FAR,Vglut2/0728,0.660533058874494,41.2979266339137,5.3125,fov1_2x_y1700x1350_z15_6000f_16lp_00001,34,fov1_2x_y1700x1350_z15_6000f_17.5lp_00001,25
FAR,Vglut2/0728,0.660530170987948,93.3308695296359,5.3125,fov1_2x_y1700x1350_z15_6000f_16lp_00001,6,fov1_2x_y1700x1350_z15_6000f_17.5lp_00001,3
FAR,Vglut2/0728,0.660356989436031,103.261822455822,15.3125,fov1_2x_y1700x1350_z15_6000f_16lp_00001,21,fov1_2x_y1700x1350_z5_6000f_15.5lp_00001,13
FAR,Sert/0721,0.660218841196533,62.5720299421497,5,ro1_2x_x1018y1130_z10_20lp_6000f_00001,5,ro1_2x_x1018y1130_z15_20lp_6000f_00001,13
FAR,Vgat/0730,0.659984048571413,127.750732877325,21.2495,roi2_2.2x_x1050y2250_z100_2000f_12lp_00001,3,roi2_2.2x_x1050y2250_z80_2000f_11.5lp_00001,5
FAR,Vgat/0730,0.659885310736211,148.256451009202,22.5,roi1_3x_x1100y950_z8_6000f_13lp_00001,4,roi1_1.2x_x1100y1050_z0_5000f_14lp_00001,5
FAR,Sert/0721,0.659749350152341,110.534983458926,5,ro1_2x_x1018y1130_z10_20lp_6000f_00001,19,ro1_2x_x1018y1130_z15_20lp_6000f_00001,22
FAR,Vgat/0730,0.659401803772515,51.9237586909795,39.3745,roi2_1.6x_x1050y2250_z63_2000f_11.5lp_00001,12,roi2_2.2x_x1050y2250_z100_2000f_12lp_00001,1
FAR,Vglut2/0728,0.659378489336795,140.543083735897,30.3125,fov1_1.7x_y1650x1320_z30_3000f_15lp_00001,24,fov1_2x_y1700x1350_z0_6000f_15.5lp_00001,18
FAR,Vglut2/0728,0.659326827789539,45.8500519015088,35.3125,fov1_1.7x_y1650x1320_z40_3000f_17lp_00001,8,fov1_2x_y1700x1350_z5_6000f_15.5lp_00001,1
FAR,Vglut2/0728,0.659262261556355,130.043681208867,5,fov1_2x_y1700x1350_z5_6000f_15.5lp_00001,10,fov1_2x_y1700x1350_z5_6000f_15.5lp_00002,8
NEAR,Vgat/0730,0.659237834503778,1.26345046338071,5,roi1_2x_x1100y950_z13_6000f_13lp_00001,13,roi1_3x_x1100y950_z8_6000f_13lp_00001,9
FAR,Vglut2/0224/pFN,0.659121224654833,84.4894461144812,0.9375,pFN_roi1_z0_512x512_6x_2000f_00001,6,pFN_roi2_z5_25x_512x512_3x_6000f_00001,13
FAR,Vglut2/0728,0.658992030389593,146.514569669305,11.5625,fov1_1.7x_y1650x1320_z40_3000f_17lp_00001,57,fov1_2.1x_y1350x1310_z30_3000f_13lp_00001,28
FAR,Vgat/0730,0.658556367215923,106.556129011107,39.999,roi2_2x_x1050y2250_z120_2000f_14lp_00001,35,roi2_2x_x1050y2250_z160_2000f_16lp_00001,59
FAR,Vglut2/1124,0.658519845672494,147.769452478606,20,roi3_-1000-300-40_32lp_930_x1.4_256x512_3000f_00001,75,roi3_-1000-300-60_38lp_930_x1.4_256x512_3000f_00001,74
FAR,Vgat/0730,0.658468408493191,117.513993829819,1.25,roi1_1.6x_x1050y1000_z100_3000f_17.5lp_00001,59,roi1_3x_x1050y1000_z100_3000f_17lp_00001,14
FAR,Sert/0721,0.658368224641573,102.051119729868,11.875,ro1_2x_x1018y1130_z25_26lp_6000f_00001,15,ro3_2.5x_x450y1500_z-15_28.5lp_6000f_00003,10
FAR,Sert/0721,0.658304016349482,10.6276237487468,11.875,ro5_1.6x_x1200y-400_z0_26lp_6000f_00001,30,ro6_1.6x_x1200y-700_z0_26lp_6000f_00001,29
FAR,Sert/0721,0.658168128308728,46.6359804004126,1.5625,ro7_1.6x_x1000y-1000_z0_26lp_6000f_00001,10,roi7_1.8x_x-1000-1000_z0_16lp_3000f_00001,16
NEAR,Vgat/0730,0.658092017489489,3.06517208140303,10.3125,roi1_2.4x_x950y1000_z85_6000f_14.5lp_00001,39,roi1_3x_x950y1000_z70_6000f_15lp_00001,33
NEAR,Vglut2/0728,0.657985928787117,4.86818422617537,5.3125,fov1_2x_y1700x1350_z15_6000f_16lp_00001,29,fov1_2x_y1700x1350_z15_6000f_17.5lp_00001,18
FAR,Vglut2/0728,0.657903416109871,108.17723705517,15,fov1_1.7x_y1650x1320_z35_3000f_15lp_00001,23,fov1_2x_y1700x1350_z15_6000f_16lp_00001,15
FAR,Vglut2/0728,0.657783935497985,55.1336795613681,5,fov1_2x_y1700x1350_z5_6000f_15.5lp_00001,14,fov1_2x_y1700x1350_z5_6000f_15.5lp_00002,16
NEAR,Vglut2/0728,0.657753268775114,3.32655914927828,15,fov1_1.7x_y1650x1320_z40_3000f_17lp_00001,40,fov1_2x_y1700x1350_z25_3000f_16lp_00001,35
FAR,Vglut2/1124,0.657720061840671,130.196049997818,20,roi3_-1000-300-40_32lp_930_x1.4_256x512_3000f_00001,65,roi3_-1000-300-60_38lp_930_x1.4_256x512_3000f_00001,120
FAR,Sert/0721,0.657395598835785,50.7382751273553,5,ro1_2x_x1018y1130_z10_20lp_6000f_00001,31,ro1_2x_x1018y1130_z15_20lp_6000f_00001,22
FAR,Vglut2/0728,0.657209019813622,56.9321188587214,15.3125,fov1_2x_y1700x1350_z25_3000f_16lp_00001,38,fov1_2x_y1700x1350_z5_6000f_15.5lp_00002,20
FAR,Vglut2/0224/pFN,0.657033149771823,137.254464875513,0.9375,pFN_roi1_z0_512x512_6x_2000f_00001,6,pFN_roi2_z5_25x_512x512_3x_6000f_00001,24
FAR,Sert/0721,0.656990633090269,52.2076165952613,3.125,ro1_2x_x1018y1130_z10_20lp_6000f_00001,41,ro3_2.5x_x450y1500_z-15_28.5lp_6000f_00003,13
FAR,Vgat/0730,0.656930521428477,102.676651305283,18.125,roi2_1.6x_x1050y2250_z63_2000f_11.5lp_00001,33,roi2_2.2x_x1050y2250_z80_2000f_11.5lp_00001,22
FAR,Vglut2/0224/pFN,0.656769588795138,115.059536791207,0.9375,pFN_roi1_z0_512x512_6x_2000f_00001,4,pFN_roi2_z5_25x_512x512_3x_6000f_00001,11
FAR,Vglut2/0728,0.656420669373234,51.6993288017078,5,fov1_2x_y1700x1350_z15_6000f_16lp_00001,17,fov1_2x_y1700x1350_z25_3000f_16lp_00001,19
FAR,Vgat/0730,0.656340645022744,37.8939731861438,8.125,roi1_1.4x_x1100y1050_z6_5000f_13lp_00001,14,roi1_1.2x_x1100y1050_z0_5000f_14lp_00001,12
FAR,Vglut2/0728,0.655585560709872,57.9282301628308,5,fov1_2x_y1700x1350_z15_6000f_16lp_00001,36,fov1_2x_y1700x1350_z25_3000f_16lp_00001,35
FAR,Sert/0721,0.655576095556899,118.77072023692,11.875,ro5_1.6x_x1200y-400_z0_26lp_6000f_00001,61,ro6_1.6x_x1200y-700_z0_26lp_6000f_00001,29
FAR,Sert/0721,0.655543604294532,138.867500627955,1.5625,ro7_1.6x_x1000y-1000_z0_26lp_6000f_00001,47,roi7_1.8x_x-1000-1000_z0_16lp_3000f_00001,27
FAR,Vglut2/0728,0.655351650850344,117.746342236567,35.3125,fov1_1.7x_y1650x1320_z40_3000f_17lp_00001,25,fov1_2x_y1700x1350_z5_6000f_15.5lp_00001,12
FAR,Vglut2/1124,0.655237300267923,76.3411307048129,20,roi3_-1000-300-40_32lp_930_x1.4_256x512_3000f_00001,86,roi3_-1000-300-60_38lp_930_x1.4_256x512_3000f_00001,108
FAR,Vgat/0730,0.654791037483195,141.314939287919,39.999,roi2_2x_x1050y2250_z120_2000f_14lp_00001,47,roi2_2x_x1050y2250_z160_2000f_16lp_00001,84
FAR,Vgat/0730,0.654715391626222,50.5861811651539,19.0625,roi1_1.6x_x1050y1000_z100_3000f_17.5lp_00001,58,roi1_2.4x_x950y1000_z85_6000f_14.5lp_00001,31
FAR,Vglut2/0728,0.65465556954752,107.104747218687,10.3125,fov1_2x_y1700x1350_z15_6000f_17.5lp_00001,9,fov1_2x_y1700x1350_z25_3000f_16lp_00001,30
FAR,Vglut2/0728,0.654505250211321,113.865949603034,35.3125,fov1_1.7x_y1650x1320_z35_3000f_15lp_00001,6,fov1_2x_y1700x1350_z0_6000f_15.5lp_00001,2
FAR,Vglut2/1124,0.654426721188671,56.1779730379728,20,roi3_-1000-300-40_32lp_930_x1.4_256x512_3000f_00001,70,roi3_-1000-300-60_38lp_930_x1.4_256x512_3000f_00001,111
FAR,Vgat/0730,0.654214455930758,61.0801862951441,18.125,roi2_1.6x_x1050y2250_z63_2000f_11.5lp_00001,34,roi2_2.2x_x1050y2250_z80_2000f_11.5lp_00001,4
FAR,Vglut2/0728,0.654198201704502,103.474403526837,10,fov1_2x_y1700x1350_z15_6000f_17.5lp_00001,15,fov1_2x_y1700x1350_z5_6000f_15.5lp_00001,13
NEAR,Vglut2/0728,0.654149398934196,0.359507322733763,5,fov1_1.7x_y1650x1320_z30_3000f_15lp_00001,12,fov1_1.7x_y1650x1320_z35_3000f_15lp_00001,15
FAR,Vglut2/0728,0.654119063344076,132.234488944592,10.3125,fov1_2x_y1700x1350_z15_6000f_17.5lp_00001,1,fov1_2x_y1700x1350_z25_3000f_16lp_00001,13
FAR,Sert/0721,0.654095760015145,145.062580348285,23.125,ro5_1.6x_x1200y-400_z0_26lp_6000f_00001,2,ro7_1.6x_x1000y-1000_z0_26lp_6000f_00001,10
FAR,Vglut2/0728,0.65393728338545,71.0110772614218,6.5625,fov1_1.7x_y1650x1320_z35_3000f_15lp_00001,25,fov1_2.1x_y1350x1310_z30_3000f_13lp_00001,19
NEAR,Vglut2/0728,0.653852806648116,0.465734027826553,15,fov1_1.7x_y1650x1320_z35_3000f_15lp_00001,37,fov1_2x_y1700x1350_z15_6000f_16lp_00001,35
FAR,Sert/0721,0.653803209664916,60.0681791657554,5,ro1_2x_x1018y1130_z10_20lp_6000f_00001,31,ro1_2x_x1018y1130_z15_20lp_6000f_00001,41
FAR,Vgat/0730,0.653731965639034,66.9462856943052,18.125,roi2_1.6x_x1050y2250_z63_2000f_11.5lp_00001,36,roi2_2.2x_x1050y2250_z80_2000f_11.5lp_00001,20
FAR,Sert/0721,0.653345366097096,136.23673316356,1.5625,ro7_1.6x_x1000y-1000_z0_26lp_6000f_00001,42,roi7_1.8x_x-1000-1000_z0_16lp_3000f_00001,20
FAR,Sert/0721,0.653042101652737,41.5124721765704,1.5625,ro7_1.6x_x1000y-1000_z0_26lp_6000f_00001,14,roi7_1.8x_x-1000-1000_z0_16lp_3000f_00001,8
FAR,Vgat/0730,0.653030856014184,118.085951288665,15,roi2_1.6x_x1050y2250_z50_2000f_10.5lp_00001,22,roi2_1.6x_x1050y2250_z63_2000f_11.5lp_00001,47
FAR,Vglut2/0728,0.653020844299324,127.753851446379,15,fov1_1.7x_y1650x1320_z40_3000f_17lp_00001,6,fov1_2x_y1700x1350_z25_3000f_16lp_00001,21
FAR,Vglut2/0728,0.652835914412863,127.487053278153,10,fov1_2x_y1700x1350_z0_6000f_15.5lp_00001,8,fov1_2x_y1700x1350_z5_6000f_15.5lp_00002,10
FAR,Sert/0721,0.652823588912918,52.8097867757999,10,ro1_2x_x1018y1130_z15_20lp_6000f_00001,29,ro1_2x_x1018y1130_z25_26lp_6000f_00001,1
FAR,Vglut2/0728,0.652791604260862,95.5016576354864,10,fov1_2x_y1700x1350_z0_6000f_15.5lp_00001,9,fov1_2x_y1700x1350_z5_6000f_15.5lp_00002,22
FAR,Sert/0721,0.652646555187496,99.8859286979857,11.875,ro5_1.6x_x1200y-400_z0_26lp_6000f_00001,15,ro6_1.6x_x1200y-700_z0_26lp_6000f_00001,10
FAR,Vglut2/1124,0.652634180617217,47.095971858429,20,roi3_-1000-300-40_32lp_930_x1.4_256x512_3000f_00001,6,roi3_-1000-300-60_38lp_930_x1.4_256x512_3000f_00001,6
FAR,Vglut2/0728,0.652256247549501,141.262824942125,6.5625,fov1_1.7x_y1650x1320_z35_3000f_15lp_00001,23,fov1_2.1x_y1350x1310_z30_3000f_13lp_00001,1
FAR,Sert/0721,0.652236068652081,55.5158447151964,15,ro1_2x_x1018y1130_z10_20lp_6000f_00001,18,ro1_2x_x1018y1130_z25_26lp_6000f_00001,1
NEAR,Vglut2/0728,0.651899432719879,2.46358625582567,10,fov1_1.7x_y1650x1320_z35_3000f_15lp_00001,22,fov1_2x_y1700x1350_z25_3000f_16lp_00001,16
FAR,Vgat/0730,0.65171181812802,145.851838278724,19.376,roi2_2.2x_x1050y2250_z100_2000f_12lp_00001,25,roi2_2x_x1050y2250_z120_2000f_14lp_00001,13
FAR,Vglut2/0728,0.651707673284618,142.05622058247,20.3125,fov1_2x_y1700x1350_z0_6000f_15.5lp_00001,14,fov1_2x_y1700x1350_z15_6000f_16lp_00001,21
FAR,Vgat/0730,0.65165578249409,12.3975973565939,33.125,roi2_1.6x_x1050y2250_z50_2000f_10.5lp_00001,7,roi2_2.2x_x1050y2250_z80_2000f_11.5lp_00001,20
FAR,Vglut2/0728,0.651400034711045,86.1173485804307,5,fov1_2x_y1700x1350_z0_6000f_15.5lp_00001,11,fov1_2x_y1700x1350_z5_6000f_15.5lp_00001,11
NEAR,Vglut2/0728,0.651174345107185,0.81095569960393,5,fov1_2x_y1700x1350_z15_6000f_16lp_00001,1,fov1_2x_y1700x1350_z25_3000f_16lp_00001,1
FAR,Vglut2/1124,0.651062772135155,24.8227369263343,20,roi3_-1000-300-40_32lp_930_x1.4_256x512_3000f_00001,30,roi3_-1000-300-60_38lp_930_x1.4_256x512_3000f_00001,31
FAR,Vgat/0730,0.650896047034128,77.8569997862438,39.999,roi2_2x_x1050y2250_z120_2000f_14lp_00001,41,roi2_2x_x1050y2250_z160_2000f_16lp_00001,56
FAR,Vglut2/1124,0.650592717986218,143.275230969501,20,roi3_-1000-300-40_32lp_930_x1.4_256x512_3000f_00001,80,roi3_-1000-300-60_38lp_930_x1.4_256x512_3000f_00001,76
FAR,Vglut2/0728,0.650278449687339,94.7494229718496,35.3125,fov1_1.7x_y1650x1320_z40_3000f_17lp_00001,5,fov1_2x_y1700x1350_z5_6000f_15.5lp_00001,2
FAR,Vglut2/0728,0.650212254783027,141.128544197295,5,fov1_2x_y1700x1350_z15_6000f_16lp_00001,37,fov1_2x_y1700x1350_z25_3000f_16lp_00001,38
FAR,Vglut2/0728,0.65015677270709,79.0391257394493,20.3125,fov1_2x_y1700x1350_z0_6000f_15.5lp_00001,6,fov1_2x_y1700x1350_z15_6000f_16lp_00001,36
FAR,Vgat/0730,0.650091357803336,92.0987625569504,33.125,roi2_1.6x_x1050y2250_z50_2000f_10.5lp_00001,15,roi2_2.2x_x1050y2250_z80_2000f_11.5lp_00001,19
FAR,Vgat/0730,0.650008273994343,146.82677601342,21.2495,roi2_2.2x_x1050y2250_z100_2000f_12lp_00001,25,roi2_2.2x_x1050y2250_z80_2000f_11.5lp_00001,32
FAR,Sert/0721,0.649771168351472,52.6887143546711,0.9375,ro1_2x_x1018y1130_z10_20lp_6000f_00001,20,ro3_4x_x700y-1233_z-10_24.5lp_6000f_00001,8
FAR,Vgat/0730,0.649770272029192,137.523939871977,19.376,roi2_2.2x_x1050y2250_z100_2000f_12lp_00001,20,roi2_2x_x1050y2250_z120_2000f_14lp_00001,40
FAR,Vglut2/0728,0.649734239377004,93.3160104301731,5,fov1_2x_y1700x1350_z15_6000f_16lp_00001,7,fov1_2x_y1700x1350_z25_3000f_16lp_00001,6
FAR,Vgat/0730,0.649676825393552,140.099046045243,19.376,roi2_2.2x_x1050y2250_z100_2000f_12lp_00001,14,roi2_2x_x1050y2250_z120_2000f_14lp_00001,6
NEAR,Vglut2/0728,0.64961744197756,3.64776959843293,10,fov1_1.7x_y1650x1320_z30_3000f_15lp_00001,38,fov1_1.7x_y1650x1320_z40_3000f_17lp_00001,40
FAR,Sert/0721,0.649437296831929,118.685560991977,11.875,ro5_1.6x_x1200y-400_z0_26lp_6000f_00001,61,ro6_1.6x_x1200y-700_z0_26lp_6000f_00001,31
NEAR,Sert/0721,0.649424670266798,0.629999617426641,5.9375,ro1_2x_x1018y1130_z15_20lp_6000f_00001,17,ro3_4x_x700y-1233_z-10_24.5lp_6000f_00001,14
FAR,Vglut2/1124,0.649390446105901,84.5768338112058,20,roi3_-1000-300-40_32lp_930_x1.4_256x512_3000f_00001,16,roi3_-1000-300-60_38lp_930_x1.4_256x512_3000f_00001,35
FAR,Vgat/0730,0.64938544567876,122.111499147645,33.125,roi2_1.6x_x1050y2250_z50_2000f_10.5lp_00001,22,roi2_2.2x_x1050y2250_z80_2000f_11.5lp_00001,52
FAR,Vgat/0730,0.649310828848393,112.640855081625,39.3745,roi2_1.6x_x1050y2250_z63_2000f_11.5lp_00001,57,roi2_2.2x_x1050y2250_z100_2000f_12lp_00001,35
FAR,Vgat/0730,0.649255720738593,139.596973520449,40.6255,roi2_2.2x_x1050y2250_z80_2000f_11.5lp_00001,6,roi2_2x_x1050y2250_z120_2000f_14lp_00001,3
FAR,Sert/0721,0.649194608875314,83.2931233960746,11.875,ro5_1.6x_x1200y-400_z0_26lp_6000f_00001,32,ro6_1.6x_x1200y-700_z0_26lp_6000f_00001,31
FAR,Vglut2/0728,0.649090030110006,49.9863190969151,5,fov1_1.7x_y1650x1320_z30_3000f_15lp_00001,3,fov1_2x_y1700x1350_z25_3000f_16lp_00001,7
FAR,Vglut2/0224/pFN,0.648847776729787,102.702817069496,2.1875,pFN_roi2_z5_25x_512x512_3x_6000f_00001,18,pFN_roi2_z5_512x512_6x_6000f_00001,9
FAR,Sert/0721,0.648730145397494,72.8433249418007,10,ro1_2x_x1018y1130_z15_20lp_6000f_00001,48,ro1_2x_x1018y1130_z25_26lp_6000f_00001,4
FAR,Vgat/0730,0.648567595961416,127.107288415716,40.3125,roi1_3x_x950y1200_z40_6000f_14lp_00002,6,roi1_2.4x_x950y1000_z85_6000f_14.5lp_00001,25
FAR,Vglut2/0728,0.648554557903676,40.4080898521959,5,fov1_2x_y1700x1350_z15_6000f_17.5lp_00001,25,fov1_2x_y1700x1350_z5_6000f_15.5lp_00002,15
NEAR,Sert/0721,0.648461554730649,2.96859572497781,0.9375,ro1_2x_x1018y1130_z10_20lp_6000f_00001,6,ro3_4x_x700y-1233_z-10_24.5lp_6000f_00001,2
FAR,Vglut2/1124,0.648429401188855,143.316944112883,20,roi3_-1000-300-40_32lp_930_x1.4_256x512_3000f_00001,58,roi3_-1000-300-60_38lp_930_x1.4_256x512_3000f_00001,99
FAR,Vglut2/0728,0.648327166458712,112.90474040432,20.3125,fov1_2x_y1700x1350_z0_6000f_15.5lp_00001,10,fov1_2x_y1700x1350_z15_6000f_16lp_00001,14
FAR,Sert/0721,0.648271779341368,136.495382428365,11.875,ro1_2x_x1018y1130_z25_26lp_6000f_00001,11,ro3_2.5x_x450y1500_z-15_28.5lp_6000f_00003,8
FAR,Vglut2/1124,0.648160662030338,25.6256463576491,20,roi3_-1000-300-40_32lp_930_x1.4_256x512_3000f_00001,16,roi3_-1000-300-60_38lp_930_x1.4_256x512_3000f_00001,25
FAR,Vgat/0730,0.648126492252722,136.571880388789,18.125,roi2_1.6x_x1050y2250_z63_2000f_11.5lp_00001,36,roi2_2.2x_x1050y2250_z80_2000f_11.5lp_00001,49
FAR,Sert/0721,0.648005336902941,72.9106778016945,9.6875,ro6_1.6x_x1200y-700_z0_26lp_6000f_00001,22,roi7_1.8x_x-1000-1000_z0_16lp_3000f_00001,36
FAR,Vglut2/0728,0.647912539818494,53.3883113775856,15.3125,fov1_1.7x_y1650x1320_z30_3000f_15lp_00001,24,fov1_2x_y1700x1350_z15_6000f_17.5lp_00001,6
FAR,Vglut2/0728,0.647753858490566,34.8461196500709,10,fov1_2x_y1700x1350_z15_6000f_17.5lp_00001,31,fov1_2x_y1700x1350_z5_6000f_15.5lp_00001,15
FAR,Vglut2/0728,0.647214294802303,100.097499016487,20.3125,fov1_2x_y1700x1350_z25_3000f_16lp_00001,15,fov1_2x_y1700x1350_z5_6000f_15.5lp_00001,3
FAR,Vgat/0730,0.647177067666731,134.329140383672,40.6255,roi2_2.2x_x1050y2250_z80_2000f_11.5lp_00001,37,roi2_2x_x1050y2250_z120_2000f_14lp_00001,22
FAR,Vglut2/0224/pFN,0.647078157282461,132.526063135433,0.9375,pFN_roi1_z0_512x512_6x_2000f_00001,4,pFN_roi2_z5_25x_512x512_3x_6000f_00001,21
FAR,Vglut2/0728,0.646952455286651,43.1224671102787,10,fov1_1.7x_y1650x1320_z30_3000f_15lp_00001,33,fov1_2x_y1700x1350_z15_6000f_16lp_00001,37
FAR,Vglut2/1124,0.646874804827152,134.141790940844,20,roi3_-1000-300-40_32lp_930_x1.4_256x512_3000f_00001,65,roi3_-1000-300-60_38lp_930_x1.4_256x512_3000f_00001,62
FAR,Vglut2/0728,0.646855175845814,59.5856259381352,30.3125,fov1_1.7x_y1650x1320_z40_3000f_17lp_00001,2,fov1_2x_y1700x1350_z5_6000f_15.5lp_00002,4
FAR,Sert/0721,0.646826578788823,99.0312162114159,15.9375,ro1_2x_x1018y1130_z25_26lp_6000f_00001,1,ro3_4x_x700y-1233_z-10_24.5lp_6000f_00001,10
FAR,Sert/0721,0.646813767880127,33.8373734270285,11.875,ro5_1.6x_x1200y-400_z0_26lp_6000f_00001,68,ro6_1.6x_x1200y-700_z0_26lp_6000f_00001,39
NEAR,Sert/0721,0.646667770426821,0.875868145276735,5,ro1_2x_x1018y1130_z10_20lp_6000f_00001,18,ro1_2x_x1018y1130_z15_20lp_6000f_00001,17
NEAR,Vglut2/0728,0.646506029973206,4.77590145828052,15,fov1_1.7x_y1650x1320_z40_3000f_17lp_00001,6,fov1_2x_y1700x1350_z25_3000f_16lp_00001,5
FAR,Vglut2/0728,0.646466774020717,80.9471333495249,20.3125,fov1_2x_y1700x1350_z25_3000f_16lp_00001,13,fov1_2x_y1700x1350_z5_6000f_15.5lp_00001,4
FAR,Vglut2/0728,0.646449701870518,73.8699205865979,15.3125,fov1_2x_y1700x1350_z25_3000f_16lp_00001,3,fov1_2x_y1700x1350_z5_6000f_15.5lp_00002,5
FAR,Sert/0721,0.646376187201662,43.8125454978015,1.5625,ro7_1.6x_x1000y-1000_z0_26lp_6000f_00001,42,roi7_1.8x_x-1000-1000_z0_16lp_3000f_00001,47
FAR,Vglut2/0728,0.646062758575663,111.128973455474,5.3125,fov1_2x_y1700x1350_z15_6000f_16lp_00001,37,fov1_2x_y1700x1350_z15_6000f_17.5lp_00001,9
FAR,Vglut2/0728,0.646056997996605,122.596133786248,10.3125,fov1_2x_y1700x1350_z15_6000f_16lp_00001,21,fov1_2x_y1700x1350_z5_6000f_15.5lp_00002,21
FAR,Sert/0721,0.645720082974239,114.142777429458,11.875,ro5_1.6x_x1200y-400_z0_26lp_6000f_00001,39,ro6_1.6x_x1200y-700_z0_26lp_6000f_00001,23
NEAR,Vglut2/0728,0.645633790498906,0.887119155375115,10,fov1_1.7x_y1650x1320_z30_3000f_15lp_00001,31,fov1_1.7x_y1650x1320_z40_3000f_17lp_00001,32
FAR,Vgat/0730,0.645597412485304,134.429550489709,22.5,roi1_3x_x1100y950_z8_6000f_13lp_00001,4,roi1_1.2x_x1100y1050_z0_5000f_14lp_00001,4
FAR,Vglut2/1124,0.645564280217792,146.470338776065,20,roi3_-1000-300-40_32lp_930_x1.4_256x512_3000f_00001,84,roi3_-1000-300-60_38lp_930_x1.4_256x512_3000f_00001,110
NEAR,Vglut2/0728,0.645510290978358,1.72511942922868,13.75,fov1_2.1x_y1350x1310_z30_3000f_13lp_00001,24,fov1_2x_y1700x1350_z15_6000f_17.5lp_00001,24
FAR,Vgat/0730,0.645424054173072,114.581913861368,15,roi2_1.6x_x1050y2250_z50_2000f_10.5lp_00001,6,roi2_1.6x_x1050y2250_z63_2000f_11.5lp_00001,47
NEAR,Vglut2/0728,0.645385640787628,2.44151217243115,15,fov1_1.7x_y1650x1320_z40_3000f_17lp_00001,23,fov1_2x_y1700x1350_z25_3000f_16lp_00001,16
FAR,Vglut2/0728,0.645125545641464,53.6467127995985,20.3125,fov1_1.7x_y1650x1320_z30_3000f_15lp_00001,24,fov1_2x_y1700x1350_z5_6000f_15.5lp_00002,7
FAR,Vglut2/0728,0.645050718699079,59.9118881349396,13.75,fov1_2.1x_y1350x1310_z30_3000f_13lp_00001,17,fov1_2x_y1700x1350_z15_6000f_17.5lp_00001,11
FAR,Sert/0721,0.644842996982531,91.6979267831814,11.875,ro5_1.6x_x1200y-400_z0_26lp_6000f_00001,15,ro6_1.6x_x1200y-700_z0_26lp_6000f_00001,11
FAR,Vglut2/1124,0.644759171870356,105.369795097597,20,roi3_-1000-300-40_32lp_930_x1.4_256x512_3000f_00001,61,roi3_-1000-300-60_38lp_930_x1.4_256x512_3000f_00001,99
FAR,Sert/0721,0.644756957736738,146.956673832616,5.9375,ro1_2x_x1018y1130_z15_20lp_6000f_00001,41,ro3_4x_x700y-1233_z-10_24.5lp_6000f_00001,16
FAR,Vgat/0730,0.644639273079255,62.6517394817291,8.125,roi1_1.4x_x1100y1050_z6_5000f_13lp_00001,2,roi1_1.2x_x1100y1050_z0_5000f_14lp_00001,5
FAR,Vgat/0730,0.644634377103669,149.574796826972,21.2495,roi2_2.2x_x1050y2250_z100_2000f_12lp_00001,35,roi2_2.2x_x1050y2250_z80_2000f_11.5lp_00001,60
FAR,Vgat/0730,0.644582035750815,127.778821657373,19.376,roi2_2.2x_x1050y2250_z100_2000f_12lp_00001,23,roi2_2x_x1050y2250_z120_2000f_14lp_00001,33
FAR,Vgat/0730,0.644410705052968,99.611707766806,30,roi1_3x_x950y1200_z40_6000f_14lp_00002,16,roi1_3x_x950y1000_z70_6000f_15lp_00001,26
FAR,Vgat/0730,0.644386463419826,30.9632075170831,39.999,roi2_2x_x1050y2250_z120_2000f_14lp_00001,38,roi2_2x_x1050y2250_z160_2000f_16lp_00001,13
FAR,Sert/0721,0.644163543814187,45.061960985696,1.5625,ro7_1.6x_x1000y-1000_z0_26lp_6000f_00001,17,roi7_1.8x_x-1000-1000_z0_16lp_3000f_00001,9
FAR,Vglut2/1124,0.644134152248572,133.297948005292,20,roi3_-1000-300-40_32lp_930_x1.4_256x512_3000f_00001,62,roi3_-1000-300-60_38lp_930_x1.4_256x512_3000f_00001,71
NEAR,Vglut2/0728,0.644085891893364,2.27666479469365,15,fov1_1.7x_y1650x1320_z40_3000f_17lp_00001,33,fov1_2x_y1700x1350_z25_3000f_16lp_00001,29
FAR,Sert/0721,0.644080078738262,98.9688692943707,15,ro1_2x_x1018y1130_z10_20lp_6000f_00001,15,ro1_2x_x1018y1130_z25_26lp_6000f_00001,1
FAR,Vglut2/0728,0.644026504898257,59.5159355544201,20.3125,fov1_1.7x_y1650x1320_z30_3000f_15lp_00001,38,fov1_2x_y1700x1350_z5_6000f_15.5lp_00002,17
FAR,Vglut2/0728,0.643823166369969,68.426695170011,20,fov1_1.7x_y1650x1320_z40_3000f_17lp_00001,25,fov1_2x_y1700x1350_z15_6000f_16lp_00001,10
FAR,Sert/0721,0.643561588049734,147.258262779004,5,ro1_2x_x1018y1130_z10_20lp_6000f_00001,20,ro1_2x_x1018y1130_z15_20lp_6000f_00001,41
FAR,Sert/0721,0.643560423588053,101.633545111752,10,ro1_2x_x1018y1130_z15_20lp_6000f_00001,40,ro1_2x_x1018y1130_z25_26lp_6000f_00001,7
FAR,Vgat/0730,0.643294622542282,118.746444251519,38.75,roi2_1.5x_x1050y2250_z35_2000f_8lp_00001,16,roi2_2.2x_x1050y2250_z80_2000f_11.5lp_00001,10
FAR,Sert/0721,0.643035206168254,139.241850150998,15,ro1_2x_x1018y1130_z10_20lp_6000f_00001,13,ro1_2x_x1018y1130_z25_26lp_6000f_00001,1
FAR,Sert/0721,0.64296893865947,143.557098069457,21.5625,ro5_1.6x_x1200y-400_z0_26lp_6000f_00001,2,roi7_1.8x_x-1000-1000_z0_16lp_3000f_00001,9
FAR,Vglut2/0728,0.642851666528639,100.728690006972,10,fov1_1.7x_y1650x1320_z30_3000f_15lp_00001,18,fov1_2x_y1700x1350_z15_6000f_16lp_00001,36
NEAR,Vglut2/0728,0.642825868761915,0.557677085439104,5,fov1_2x_y1700x1350_z15_6000f_17.5lp_00001,33,fov1_2x_y1700x1350_z5_6000f_15.5lp_00002,23
NEAR,Vglut2/0728,0.642752268948654,1.61486318639271,10,fov1_1.7x_y1650x1320_z35_3000f_15lp_00001,29,fov1_2x_y1700x1350_z25_3000f_16lp_00001,24
FAR,Vgat/0730,0.642751138390776,43.0352316969857,40.3125,roi1_3x_x950y1200_z40_6000f_14lp_00002,9,roi1_2.4x_x950y1000_z85_6000f_14.5lp_00001,25
NEAR,Vglut2/0728,0.6426421211301,1.18494311825649,10.3125,fov1_2x_y1700x1350_z15_6000f_17.5lp_00001,24,fov1_2x_y1700x1350_z25_3000f_16lp_00001,32
FAR,Vglut2/1124,0.642387018469235,131.224577715188,20,roi3_-1000-300-40_32lp_930_x1.4_256x512_3000f_00001,65,roi3_-1000-300-60_38lp_930_x1.4_256x512_3000f_00001,116
FAR,Vgat/0730,0.64223947038555,113.629207827446,21.2495,roi2_2.2x_x1050y2250_z100_2000f_12lp_00001,10,roi2_2.2x_x1050y2250_z80_2000f_11.5lp_00001,52
FAR,Sert/0721,0.642073113093093,114.232864991587,5,ro1_2x_x1018y1130_z10_20lp_6000f_00001,5,ro1_2x_x1018y1130_z15_20lp_6000f_00001,19
FAR,Vgat/0730,0.641956789265698,126.775292103348,39.3745,roi2_1.6x_x1050y2250_z63_2000f_11.5lp_00001,58,roi2_2.2x_x1050y2250_z100_2000f_12lp_00001,19
FAR,Vglut2/0728,0.641952758688834,99.8966268694125,10,fov1_1.7x_y1650x1320_z30_3000f_15lp_00001,31,fov1_2x_y1700x1350_z15_6000f_16lp_00001,10
FAR,Vglut2/0728,0.641925475170987,136.65158375254,10.3125,fov1_2x_y1700x1350_z15_6000f_16lp_00001,19,fov1_2x_y1700x1350_z5_6000f_15.5lp_00002,22
FAR,Vglut2/0728,0.641799827447463,96.4513812139548,10.3125,fov1_2x_y1700x1350_z15_6000f_17.5lp_00001,3,fov1_2x_y1700x1350_z25_3000f_16lp_00001,13
FAR,Vgat/0730,0.641780967137087,43.606114747586,40.6255,roi2_2.2x_x1050y2250_z80_2000f_11.5lp_00001,25,roi2_2x_x1050y2250_z120_2000f_14lp_00001,2
FAR,Vgat/0730,0.641746918469737,21.896815628956,30,roi1_3x_x950y1200_z40_6000f_14lp_00001,8,roi1_3x_x950y1000_z70_6000f_15lp_00001,18
FAR,Sert/0721,0.641679964403639,53.9104569528777,15.9375,ro1_2x_x1018y1130_z25_26lp_6000f_00001,1,ro3_4x_x700y-1233_z-10_24.5lp_6000f_00001,19
FAR,Vgat/0730,0.641603600761553,87.6100812558712,21.2495,roi2_2.2x_x1050y2250_z100_2000f_12lp_00001,25,roi2_2.2x_x1050y2250_z80_2000f_11.5lp_00001,58
FAR,Vgat/0730,0.641574129984796,86.7813429182356,19.376,roi2_2.2x_x1050y2250_z100_2000f_12lp_00001,3,roi2_2x_x1050y2250_z120_2000f_14lp_00001,10
NEAR,Vgat/0730,0.641430229515608,4.80875668496317,8.125,roi1_1.4x_x1100y1050_z6_5000f_13lp_00001,6,roi1_1.2x_x1100y1050_z0_5000f_14lp_00001,6
FAR,Vglut2/0728,0.641099147399001,127.994613572619,15.3125,fov1_2x_y1700x1350_z15_6000f_16lp_00001,14,fov1_2x_y1700x1350_z5_6000f_15.5lp_00001,10
NEAR,Vglut2/0728,0.641098021761497,1.26938818927998,6.5625,fov1_1.7x_y1650x1320_z35_3000f_15lp_00001,15,fov1_2.1x_y1350x1310_z30_3000f_13lp_00001,6
FAR,Vglut2/0728,0.641002483193578,77.9869137994941,13.75,fov1_2.1x_y1350x1310_z30_3000f_13lp_00001,19,fov1_2x_y1700x1350_z15_6000f_17.5lp_00001,26
FAR,Vglut2/1124,0.640985025911958,130.322895049386,30,roi3_-1000-300-60_38lp_930_x1.4_256x512_3000f_00001,73,roi3_-650-380-30_26lp_930_x1.2_256x512_3000f_00001,148
FAR,Sert/0721,0.640895955011631,127.499747622419,5,ro1_2x_x1018y1130_z10_20lp_6000f_00001,5,ro1_2x_x1018y1130_z15_20lp_6000f_00001,18
FAR,Vglut2/1124,0.64077706601263,136.190979353568,20,roi3_-1000-300-40_32lp_930_x1.4_256x512_3000f_00001,67,roi3_-1000-300-60_38lp_930_x1.4_256x512_3000f_00001,62
FAR,Sert/0721,0.640762991517984,19.3134200711394,11.875,ro5_1.6x_x1200y-400_z0_26lp_6000f_00001,61,ro6_1.6x_x1200y-700_z0_26lp_6000f_00001,38
FAR,Vglut2/0728,0.640743664849188,71.1285642871857,23.4375,roi2_1.6x_y1400x1600_z5_3000f_16lp_00001,13,roi2_2.5x_y1100x1700_z-25_3000f_17lp_00001,10
FAR,Vglut2/1124,0.640289726380529,112.08319324116,20,roi3_-1000-300-40_32lp_930_x1.4_256x512_3000f_00001,75,roi3_-1000-300-60_38lp_930_x1.4_256x512_3000f_00001,110
FAR,Vglut2/1124,0.639773119569981,126.604927436553,20,roi3_-1000-300-40_32lp_930_x1.4_256x512_3000f_00001,79,roi3_-1000-300-60_38lp_930_x1.4_256x512_3000f_00001,114
FAR,Vglut2/0728,0.639753029198572,44.5410730565049,10.3125,fov1_2x_y1700x1350_z15_6000f_17.5lp_00001,11,fov1_2x_y1700x1350_z25_3000f_16lp_00001,20
FAR,Sert/0721,0.639339090832089,140.357220469766,1.5625,ro7_1.6x_x1000y-1000_z0_26lp_6000f_00001,20,roi7_1.8x_x-1000-1000_z0_16lp_3000f_00001,21
NEAR,Sert/0721,0.639270479786033,4.23660127623839,5.9375,ro1_2x_x1018y1130_z15_20lp_6000f_00001,25,ro3_4x_x700y-1233_z-10_24.5lp_6000f_00001,23
NEAR,Vglut2/0728,0.63924145354377,1.28972125041937,10,fov1_1.7x_y1650x1320_z30_3000f_15lp_00001,33,fov1_1.7x_y1650x1320_z40_3000f_17lp_00001,36
FAR,Vgat/0730,0.639055459620181,104.236472274671,1.25,roi1_1.6x_x1050y1000_z100_3000f_17.5lp_00001,48,roi1_3x_x1050y1000_z100_3000f_17lp_00001,21
FAR,Vglut2/0224/pFN,0.638782711034296,69.0382747538709,0.9375,pFN_roi1_z0_512x512_6x_2000f_00001,6,pFN_roi2_z5_25x_512x512_3x_6000f_00001,18
FAR,Sert/0721,0.638775479364677,149.7514160029,5,ro1_2x_x1018y1130_z10_20lp_6000f_00001,41,ro1_2x_x1018y1130_z15_20lp_6000f_00001,39
FAR,Vgat/0730,0.638678224774845,103.81554425742,19.0625,roi1_1.6x_x1050y1000_z100_3000f_17.5lp_00001,60,roi1_2.4x_x950y1000_z85_6000f_14.5lp_00001,25
FAR,Vglut2/0224/pFN,0.6385924823512,51.1412212959007,0.9375,pFN_roi1_z0_512x512_6x_2000f_00001,11,pFN_roi2_z5_25x_512x512_3x_6000f_00001,20
FAR,Vglut2/1124,0.638328047721898,48.3670903229776,20,roi3_-1000-300-40_32lp_930_x1.4_256x512_3000f_00001,88,roi3_-1000-300-60_38lp_930_x1.4_256x512_3000f_00001,120
FAR,Vglut2/0728,0.638212503177721,101.134594202102,8.4375,fov1_2.1x_y1350x1310_z30_3000f_13lp_00001,7,fov1_2x_y1700x1350_z15_6000f_16lp_00001,36
FAR,Vgat/0730,0.638203815889464,45.030647072814,2.1875,roi1_1.4x_x1100y1050_z6_5000f_13lp_00001,1,roi1_3.2x_x1100y1050_z6_6000f_12lp_00001,2
FAR,Vglut2/1124,0.637975383563101,94.6474543273212,20,roi3_-1000-300-40_32lp_930_x1.4_256x512_3000f_00001,23,roi3_-1000-300-60_38lp_930_x1.4_256x512_3000f_00001,12
FAR,Vglut2/0728,0.637716868636556,137.334446739104,30.3125,fov1_1.7x_y1650x1320_z40_3000f_17lp_00001,48,fov1_2x_y1700x1350_z5_6000f_15.5lp_00002,20
FAR,Sert/0721,0.63722730591018,56.6022629724064,1.5625,ro7_1.6x_x1000y-1000_z0_26lp_6000f_00001,4,roi7_1.8x_x-1000-1000_z0_16lp_3000f_00001,8
FAR,Sert/0721,0.637217033863301,57.2739537351856,1.5625,ro7_1.6x_x1000y-1000_z0_26lp_6000f_00001,6,roi7_1.8x_x-1000-1000_z0_16lp_3000f_00001,8
FAR,Sert/0721,0.637208136261473,70.0573122167284,5,ro1_2x_x1018y1130_z10_20lp_6000f_00001,41,ro1_2x_x1018y1130_z15_20lp_6000f_00001,48
FAR,Vgat/0730,0.637102064239367,81.522421222259,18.125,roi2_1.6x_x1050y2250_z63_2000f_11.5lp_00001,12,roi2_2.2x_x1050y2250_z80_2000f_11.5lp_00001,4
FAR,Vgat/0730,0.637095511282645,122.481409223569,33.125,roi2_1.6x_x1050y2250_z50_2000f_10.5lp_00001,20,roi2_2.2x_x1050y2250_z80_2000f_11.5lp_00001,22
FAR,Vglut2/0728,0.63698757863419,73.030404876522,20.3125,fov1_1.7x_y1650x1320_z30_3000f_15lp_00001,2,fov1_2x_y1700x1350_z5_6000f_15.5lp_00002,5
FAR,Vgat/0730,0.636861800603427,62.7904526005075,39.3745,roi2_1.6x_x1050y2250_z63_2000f_11.5lp_00001,57,roi2_2.2x_x1050y2250_z100_2000f_12lp_00001,30
FAR,Vglut2/0728,0.636659060182011,135.590433217716,20,fov1_1.7x_y1650x1320_z40_3000f_17lp_00001,45,fov1_2x_y1700x1350_z15_6000f_16lp_00001,17
FAR,Vglut2/1124,0.636615630109696,27.6600165167115,20,roi3_-1000-300-40_32lp_930_x1.4_256x512_3000f_00001,47,roi3_-1000-300-60_38lp_930_x1.4_256x512_3000f_00001,60
FAR,Vglut2/0728,0.636581053421631,136.116651602851,10,fov1_1.7x_y1650x1320_z30_3000f_15lp_00001,3,fov1_1.7x_y1650x1320_z40_3000f_17lp_00001,6
FAR,Sert/0721,0.63656287415083,100.458500404891,1.875,ro1_2x_x1018y1130_z15_20lp_6000f_00001,49,ro3_2.5x_x450y1500_z-15_28.5lp_6000f_00003,10
FAR,Vglut2/0224/pFN,0.636355482320513,118.463059128326,1.25,pFN_roi1_z0_512x512_6x_2000f_00001,8,pFN_roi2_z5_512x512_6x_6000f_00001,6
FAR,Vglut2/0728,0.636169191416201,128.452128877888,13.75,fov1_2.1x_y1350x1310_z30_3000f_13lp_00001,19,fov1_2x_y1700x1350_z15_6000f_17.5lp_00001,24
FAR,Vgat/0730,0.635841326877612,79.6977476867333,15,roi2_1.6x_x1050y2250_z50_2000f_10.5lp_00001,4,roi2_1.6x_x1050y2250_z63_2000f_11.5lp_00001,8
FAR,Vglut2/0728,0.63577943268432,109.219694487817,3.4375,fov1_2.1x_y1350x1310_z30_3000f_13lp_00001,7,fov1_2x_y1700x1350_z25_3000f_16lp_00001,3
FAR,Vglut2/0728,0.63577545557262,138.472350255323,40.3125,fov1_1.7x_y1650x1320_z40_3000f_17lp_00001,25,fov1_2x_y1700x1350_z0_6000f_15.5lp_00001,4
FAR,Sert/0721,0.635700449407366,41.0120540526713,1.5625,ro7_1.6x_x1000y-1000_z0_26lp_6000f_00001,20,roi7_1.8x_x-1000-1000_z0_16lp_3000f_00001,27
FAR,Vglut2/0728,0.635549426653411,41.5489597356618,20.3125,fov1_1.7x_y1650x1320_z35_3000f_15lp_00001,46,fov1_2x_y1700x1350_z15_6000f_17.5lp_00001,32
FAR,Vgat/0730,0.6355370380819,66.4160601862503,39.999,roi2_2x_x1050y2250_z120_2000f_14lp_00001,42,roi2_2x_x1050y2250_z160_2000f_16lp_00001,58
FAR,Vglut2/1124,0.635472451600058,83.3029466340612,20,roi3_-1000-300-40_32lp_930_x1.4_256x512_3000f_00001,31,roi3_-1000-300-60_38lp_930_x1.4_256x512_3000f_00001,19
FAR,Vgat/0730,0.63538274718118,75.0037372395463,18.125,roi2_1.6x_x1050y2250_z63_2000f_11.5lp_00001,58,roi2_2.2x_x1050y2250_z80_2000f_11.5lp_00001,49
FAR,Vglut2/0728,0.635232161653769,76.143829616767,20.3125,fov1_1.7x_y1650x1320_z35_3000f_15lp_00001,34,fov1_2x_y1700x1350_z15_6000f_17.5lp_00001,9
FAR,Vgat/0730,0.635161161554632,99.1407236485219,18.125,roi2_1.6x_x1050y2250_z63_2000f_11.5lp_00001,47,roi2_2.2x_x1050y2250_z80_2000f_11.5lp_00001,32
NEAR,Vglut2/0728,0.635106538747473,2.32655298180278,5,fov1_2x_y1700x1350_z15_6000f_16lp_00001,4,fov1_2x_y1700x1350_z25_3000f_16lp_00001,4
FAR,Sert/0721,0.634610910099059,145.608363016258,5,ro1_2x_x1018y1130_z10_20lp_6000f_00001,20,ro1_2x_x1018y1130_z15_20lp_6000f_00001,33
FAR,Vgat/0730,0.634500765690738,9.6117749984047,18.125,roi2_1.6x_x1050y2250_z63_2000f_11.5lp_00001,23,roi2_2.2x_x1050y2250_z80_2000f_11.5lp_00001,13
FAR,Vgat/0730,0.634500143377458,86.4428214273393,48.75,roi1_1.4x_x1100y1050_z6_5000f_13lp_00001,6,roi1_3x_x950y1200_z40_6000f_14lp_00001,5
FAR,Vglut2/1124,0.634472629055383,53.0024985485156,20,roi3_-1000-300-40_32lp_930_x1.4_256x512_3000f_00001,90,roi3_-1000-300-60_38lp_930_x1.4_256x512_3000f_00001,118
FAR,Vgat/0730,0.634382772026286,65.027369613395,39.999,roi2_2x_x1050y2250_z120_2000f_14lp_00001,49,roi2_2x_x1050y2250_z160_2000f_16lp_00001,73
FAR,Vglut2/0728,0.634334893706174,73.2835672525454,30.3125,fov1_1.7x_y1650x1320_z40_3000f_17lp_00001,19,fov1_2x_y1700x1350_z5_6000f_15.5lp_00002,13
FAR,Vgat/0730,0.634304183416553,32.6656787056914,39.999,roi2_2x_x1050y2250_z120_2000f_14lp_00001,49,roi2_2x_x1050y2250_z160_2000f_16lp_00001,60
FAR,Vglut2/0728,0.634058176224156,123.457322370259,15,fov1_1.7x_y1650x1320_z40_3000f_17lp_00001,44,fov1_2x_y1700x1350_z25_3000f_16lp_00001,38
FAR,Vgat/0730,0.63404427058008,57.8784546586291,22.5,roi1_3x_x1100y950_z8_6000f_13lp_00001,6,roi1_1.2x_x1100y1050_z0_5000f_14lp_00001,5
FAR,Vglut2/0728,0.633822834248849,62.4476228545761,10,fov1_2x_y1700x1350_z15_6000f_17.5lp_00001,32,fov1_2x_y1700x1350_z5_6000f_15.5lp_00001,17
FAR,Vglut2/0728,0.633759585403597,141.18990498356,20.3125,fov1_1.7x_y1650x1320_z30_3000f_15lp_00001,35,fov1_2x_y1700x1350_z5_6000f_15.5lp_00002,15
FAR,Vglut2/0728,0.633719940146999,67.3226569297586,5.3125,fov1_2x_y1700x1350_z15_6000f_16lp_00001,21,fov1_2x_y1700x1350_z15_6000f_17.5lp_00001,9
FAR,Vgat/0730,0.63367001683219,136.282230030924,38.75,roi2_1.5x_x1050y2250_z35_2000f_8lp_00001,31,roi2_2.2x_x1050y2250_z80_2000f_11.5lp_00001,27
FAR,Sert/0721,0.633333166392655,70.7444497448802,1.5625,ro7_1.6x_x1000y-1000_z0_26lp_6000f_00001,22,roi7_1.8x_x-1000-1000_z0_16lp_3000f_00001,34
FAR,Vgat/0730,0.633122211627765,67.8162930951471,48.75,roi1_1.4x_x1100y1050_z6_5000f_13lp_00001,14,roi1_3x_x950y1200_z40_6000f_14lp_00002,14
FAR,Vgat/0730,0.632945015641605,81.807097123606,28.125,roi1_3x_x1050y1000_z100_3000f_17lp_00001,14,roi1_3x_x950y1000_z70_6000f_15lp_00001,28
FAR,Vglut2/0728,0.632934031992445,139.466842124114,15,fov1_1.7x_y1650x1320_z40_3000f_17lp_00001,27,fov1_2x_y1700x1350_z25_3000f_16lp_00001,42
FAR,Vglut2/0728,0.632904986444246,52.9951196725258,30.3125,fov1_1.7x_y1650x1320_z40_3000f_17lp_00001,27,fov1_2x_y1700x1350_z5_6000f_15.5lp_00002,7
FAR,Vglut2/0728,0.632817599876825,114.426761261228,15.3125,fov1_1.7x_y1650x1320_z30_3000f_15lp_00001,35,fov1_2x_y1700x1350_z15_6000f_17.5lp_00001,7
FAR,Vglut2/0728,0.632679535280706,37.4134841760552,5,fov1_1.7x_y1650x1320_z35_3000f_15lp_00001,30,fov1_1.7x_y1650x1320_z40_3000f_17lp_00001,30
FAR,Sert/0721,0.632580312216041,42.9494186893091,1.5625,ro7_1.6x_x1000y-1000_z0_26lp_6000f_00001,16,roi7_1.8x_x-1000-1000_z0_16lp_3000f_00001,20
FAR,Vgat/0730,0.632471534148662,133.932553660211,20.625,roi2_1.5x_x1050y2250_z35_2000f_8lp_00001,31,roi2_1.6x_x1050y2250_z63_2000f_11.5lp_00001,47
FAR,Vgat/0730,0.632464839880784,126.754605210567,39.999,roi2_2x_x1050y2250_z120_2000f_14lp_00001,47,roi2_2x_x1050y2250_z160_2000f_16lp_00001,82
FAR,Vglut2/0728,0.632464418268143,97.6956074245987,5.3125,fov1_2x_y1700x1350_z15_6000f_16lp_00001,15,fov1_2x_y1700x1350_z15_6000f_17.5lp_00001,24
FAR,Sert/0721,0.632372658880848,5.71899043956646,1.5625,ro7_1.6x_x1000y-1000_z0_26lp_6000f_00001,42,roi7_1.8x_x-1000-1000_z0_16lp_3000f_00001,43
FAR,Vglut2/0728,0.632342010967614,110.904775917512,5,fov1_2x_y1700x1350_z15_6000f_16lp_00001,37,fov1_2x_y1700x1350_z25_3000f_16lp_00001,13
FAR,Sert/0721,0.632203856743207,117.19927483383,10,ro1_2x_x1018y1130_z15_20lp_6000f_00001,22,ro1_2x_x1018y1130_z25_26lp_6000f_00001,7
FAR,Sert/0721,0.631803668333117,147.071170112143,5,ro1_2x_x1018y1130_z10_20lp_6000f_00001,12,ro1_2x_x1018y1130_z15_20lp_6000f_00001,29
FAR,Vglut2/0728,0.631673686990479,69.5934472111364,40.3125,fov1_1.7x_y1650x1320_z40_3000f_17lp_00001,44,fov1_2x_y1700x1350_z0_6000f_15.5lp_00001,8
FAR,Vgat/0730,0.631543319096583,63.7826379861741,19.0625,roi1_1.6x_x1050y1000_z100_3000f_17.5lp_00001,59,roi1_2.4x_x950y1000_z85_6000f_14.5lp_00001,35
FAR,Vgat/0730,0.631476320318926,65.0880066765061,33.125,roi2_1.6x_x1050y2250_z50_2000f_10.5lp_00001,13,roi2_2.2x_x1050y2250_z80_2000f_11.5lp_00001,21
FAR,Vglut2/0728,0.631466737729717,57.2211132865557,15.3125,fov1_1.7x_y1650x1320_z30_3000f_15lp_00001,21,fov1_2x_y1700x1350_z15_6000f_17.5lp_00001,9
FAR,Vgat/0730,0.631437893948125,77.4711320037371,33.125,roi2_1.6x_x1050y2250_z50_2000f_10.5lp_00001,5,roi2_2.2x_x1050y2250_z80_2000f_11.5lp_00001,2
FAR,Vgat/0730,0.631436645829629,110.747083352645,38.75,roi2_1.5x_x1050y2250_z35_2000f_8lp_00001,18,roi2_2.2x_x1050y2250_z80_2000f_11.5lp_00001,57
FAR,Vglut2/0728,0.631306854539264,103.846743837153,20.3125,fov1_1.7x_y1650x1320_z30_3000f_15lp_00001,7,fov1_2x_y1700x1350_z5_6000f_15.5lp_00002,14
FAR,Sert/0721,0.631001999100139,70.3792296151756,15,ro1_2x_x1018y1130_z10_20lp_6000f_00001,34,ro1_2x_x1018y1130_z25_26lp_6000f_00001,1
FAR,Vglut2/0728,0.630931949050483,107.984872417641,10,fov1_1.7x_y1650x1320_z30_3000f_15lp_00001,23,fov1_2x_y1700x1350_z15_6000f_16lp_00001,15
FAR,Sert/0721,0.630546654163962,129.53723384618,10,ro1_2x_x1018y1130_z15_20lp_6000f_00001,40,ro1_2x_x1018y1130_z25_26lp_6000f_00001,6
FAR,Vglut2/0728,0.63029359571876,121.146381619016,8.4375,fov1_2.1x_y1350x1310_z30_3000f_13lp_00001,22,fov1_2x_y1700x1350_z15_6000f_16lp_00001,10
FAR,Vgat/0730,0.630287312171199,67.4176131694485,19.376,roi2_2.2x_x1050y2250_z100_2000f_12lp_00001,27,roi2_2x_x1050y2250_z120_2000f_14lp_00001,33
FAR,Vglut2/0728,0.630185988474322,95.8412040900515,25.3125,fov1_2x_y1700x1350_z0_6000f_15.5lp_00001,9,fov1_2x_y1700x1350_z25_3000f_16lp_00001,42
NEAR,Vgat/0730,0.630130197053955,3.47367112251538,5.625,roi2_1.5x_x1050y2250_z35_2000f_8lp_00001,8,roi2_1.6x_x1050y2250_z50_2000f_10.5lp_00001,9
FAR,Vgat/0730,0.630025532027134,67.2360006259237,39.999,roi2_2x_x1050y2250_z120_2000f_14lp_00001,49,roi2_2x_x1050y2250_z160_2000f_16lp_00001,68
FAR,Vglut2/0728,0.629979932651354,57.5912088181609,10,fov1_1.7x_y1650x1320_z30_3000f_15lp_00001,36,fov1_2x_y1700x1350_z15_6000f_16lp_00001,40
FAR,Vglut2/0728,0.629889567732469,146.115046794985,5,fov1_2x_y1700x1350_z15_6000f_17.5lp_00001,30,fov1_2x_y1700x1350_z5_6000f_15.5lp_00002,20
FAR,Vgat/0730,0.629848237189727,53.3720751282207,19.376,roi2_2.2x_x1050y2250_z100_2000f_12lp_00001,4,roi2_2x_x1050y2250_z120_2000f_14lp_00001,6
FAR,Vglut2/0728,0.62976892362227,59.3338571946677,40.3125,fov1_1.7x_y1650x1320_z40_3000f_17lp_00001,44,fov1_2x_y1700x1350_z0_6000f_15.5lp_00001,19
NEAR,Vglut2/0728,0.629744123004245,3.53184848875893,8.4375,fov1_2.1x_y1350x1310_z30_3000f_13lp_00001,14,fov1_2x_y1700x1350_z15_6000f_16lp_00001,25
FAR,Vgat/0730,0.629686587512801,62.2158041578978,29.375,roi1_1.6x_x1050y1000_z100_3000f_17.5lp_00001,55,roi1_3x_x950y1000_z70_6000f_15lp_00001,33
FAR,Sert/0721,0.629676296771979,88.9148308907751,11.875,ro5_1.6x_x1200y-400_z0_26lp_6000f_00001,39,ro6_1.6x_x1200y-700_z0_26lp_6000f_00001,28
FAR,Vglut2/0728,0.629673194331756,82.0014600031648,20.3125,fov1_2x_y1700x1350_z0_6000f_15.5lp_00001,4,fov1_2x_y1700x1350_z15_6000f_16lp_00001,15
FAR,Vgat/0730,0.629520242331771,139.500304981227,39.3745,roi2_1.6x_x1050y2250_z63_2000f_11.5lp_00001,11,roi2_2.2x_x1050y2250_z100_2000f_12lp_00001,10
FAR,Sert/0721,0.629432847642558,98.8408916949376,5,ro1_2x_x1018y1130_z10_20lp_6000f_00001,12,ro1_2x_x1018y1130_z15_20lp_6000f_00001,18
FAR,Vglut2/0728,0.6293080284614,91.0967208921948,5,fov1_2x_y1700x1350_z15_6000f_17.5lp_00001,31,fov1_2x_y1700x1350_z5_6000f_15.5lp_00002,20
FAR,Sert/0721,0.629191430864632,72.1965616106205,5,ro1_2x_x1018y1130_z10_20lp_6000f_00001,30,ro1_2x_x1018y1130_z15_20lp_6000f_00001,29
NEAR,Vglut2/0728,0.628656409325428,3.12487102365156,5,fov1_2x_y1700x1350_z5_6000f_15.5lp_00001,11,fov1_2x_y1700x1350_z5_6000f_15.5lp_00002,16
NEAR,Vglut2/0728,0.628616044042691,3.98802588094227,10,fov1_1.7x_y1650x1320_z35_3000f_15lp_00001,13,fov1_2x_y1700x1350_z25_3000f_16lp_00001,10
FAR,Sert/0721,0.628435408969399,112.132442792757,3.125,ro1_2x_x1018y1130_z10_20lp_6000f_00001,34,ro3_2.5x_x450y1500_z-15_28.5lp_6000f_00003,10
FAR,Vglut2/0728,0.628406829022548,35.6013026890839,35.3125,fov1_1.7x_y1650x1320_z40_3000f_17lp_00001,12,fov1_2x_y1700x1350_z5_6000f_15.5lp_00001,2
FAR,Vglut2/0728,0.62810029707412,93.0535714395198,10.3125,fov1_2x_y1700x1350_z15_6000f_17.5lp_00001,3,fov1_2x_y1700x1350_z25_3000f_16lp_00001,6
FAR,Vglut2/1124,0.628037740174824,80.1253198359183,20,roi3_-1000-300-40_32lp_930_x1.4_256x512_3000f_00001,18,roi3_-1000-300-60_38lp_930_x1.4_256x512_3000f_00001,7
FAR,Vglut2/0728,0.627851632895296,123.215454420606,25.3125,fov1_2x_y1700x1350_z0_6000f_15.5lp_00001,6,fov1_2x_y1700x1350_z25_3000f_16lp_00001,5
FAR,Vglut2/0728,0.627801129004977,77.2684843669505,5.3125,fov1_2x_y1700x1350_z15_6000f_16lp_00001,33,fov1_2x_y1700x1350_z15_6000f_17.5lp_00001,11
NEAR,Vglut2/0728,0.627708284704365,1.99790844143531,10,fov1_1.7x_y1650x1320_z30_3000f_15lp_00001,13,fov1_1.7x_y1650x1320_z40_3000f_17lp_00001,18
FAR,Vglut2/0728,0.627643275367172,71.4274088505977,10,fov1_1.7x_y1650x1320_z30_3000f_15lp_00001,31,fov1_1.7x_y1650x1320_z40_3000f_17lp_00001,25
FAR,Vglut2/0728,0.627634228481524,59.5649137265897,15,fov1_1.7x_y1650x1320_z35_3000f_15lp_00001,39,fov1_2x_y1700x1350_z15_6000f_16lp_00001,36
NEAR,Vglut2/0728,0.627595818104853,0.544588349018974,5,fov1_1.7x_y1650x1320_z35_3000f_15lp_00001,44,fov1_1.7x_y1650x1320_z40_3000f_17lp_00001,46
NEAR,Sert/0721,0.627485419110625,2.89179713762996,5.9375,ro1_2x_x1018y1130_z15_20lp_6000f_00001,6,ro3_4x_x700y-1233_z-10_24.5lp_6000f_00001,2
NEAR,Vglut2/0728,0.62746699537472,2.33616399442309,10,fov1_1.7x_y1650x1320_z35_3000f_15lp_00001,49,fov1_2x_y1700x1350_z25_3000f_16lp_00001,47
FAR,Vgat/0730,0.627343830401113,87.3744295806124,19.0625,roi1_1.6x_x1050y1000_z100_3000f_17.5lp_00001,48,roi1_2.4x_x950y1000_z85_6000f_14.5lp_00001,25
FAR,Vglut2/0728,0.627314083042412,117.852047480119,10.3125,fov1_2x_y1700x1350_z15_6000f_17.5lp_00001,4,fov1_2x_y1700x1350_z25_3000f_16lp_00001,5
FAR,Vglut2/0728,0.62716062754782,122.835044943031,5,fov1_2x_y1700x1350_z15_6000f_16lp_00001,10,fov1_2x_y1700x1350_z25_3000f_16lp_00001,30
FAR,Vgat/0730,0.627149573253622,52.3735998505939,39.3745,roi2_1.6x_x1050y2250_z63_2000f_11.5lp_00001,19,roi2_2.2x_x1050y2250_z100_2000f_12lp_00001,1
FAR,Vgat/0730,0.626970778863158,90.749233201282,39.3745,roi2_1.6x_x1050y2250_z63_2000f_11.5lp_00001,57,roi2_2.2x_x1050y2250_z100_2000f_12lp_00001,19
FAR,Vgat/0730,0.626863523372045,86.1217424688972,39.999,roi2_2x_x1050y2250_z120_2000f_14lp_00001,24,roi2_2x_x1050y2250_z160_2000f_16lp_00001,13
FAR,Vglut2/0728,0.626822043949492,77.5958481992194,5,fov1_1.7x_y1650x1320_z30_3000f_15lp_00001,18,fov1_1.7x_y1650x1320_z35_3000f_15lp_00001,34
FAR,Sert/0721,0.626809918455589,53.9479836078983,15,ro1_2x_x1018y1130_z10_20lp_6000f_00001,30,ro1_2x_x1018y1130_z25_26lp_6000f_00001,4
FAR,Sert/0721,0.626701311308602,119.962478226138,1.5625,ro7_1.6x_x1000y-1000_z0_26lp_6000f_00001,6,roi7_1.8x_x-1000-1000_z0_16lp_3000f_00001,16
FAR,Sert/0721,0.626588405422897,41.9681319077984,15,ro1_2x_x1018y1130_z10_20lp_6000f_00001,20,ro1_2x_x1018y1130_z25_26lp_6000f_00001,1
FAR,Sert/0721,0.626554052342646,141.062649918872,1.5625,ro7_1.6x_x1000y-1000_z0_26lp_6000f_00001,42,roi7_1.8x_x-1000-1000_z0_16lp_3000f_00001,31
NEAR,Vglut2/0728,0.626461148148369,0.530079390654631,8.4375,fov1_2.1x_y1350x1310_z30_3000f_13lp_00001,15,fov1_2x_y1700x1350_z15_6000f_16lp_00001,26
FAR,Vglut2/0224/pFN,0.626243908664075,97.7461974303847,2.1875,pFN_roi2_z5_25x_512x512_3x_6000f_00001,26,pFN_roi2_z5_512x512_6x_6000f_00001,10
NEAR,Vgat/0730,0.626232024484518,2.86186908016151,15,roi2_1.6x_x1050y2250_z50_2000f_10.5lp_00001,6,roi2_1.6x_x1050y2250_z63_2000f_11.5lp_00001,29
NEAR,Vglut2/0728,0.626013457637279,1.79146257238559,10,fov1_1.7x_y1650x1320_z35_3000f_15lp_00001,35,fov1_2x_y1700x1350_z25_3000f_16lp_00001,30
FAR,Sert/0721,0.62592502184856,51.7384810649503,5,ro1_2x_x1018y1130_z10_20lp_6000f_00001,20,ro1_2x_x1018y1130_z15_20lp_6000f_00001,13
FAR,Vglut2/0728,0.625886125044658,34.2425952950993,3.4375,fov1_2.1x_y1350x1310_z30_3000f_13lp_00001,22,fov1_2x_y1700x1350_z25_3000f_16lp_00001,28
FAR,Vglut2/0728,0.625813268740463,109.374701118269,10,fov1_2x_y1700x1350_z15_6000f_17.5lp_00001,31,fov1_2x_y1700x1350_z5_6000f_15.5lp_00001,10
FAR,Vglut2/0728,0.625805085183764,75.851716071477,15.3125,fov1_1.7x_y1650x1320_z30_3000f_15lp_00001,29,fov1_2x_y1700x1350_z15_6000f_17.5lp_00001,24
FAR,Vglut2/0728,0.625725003452039,80.9005355490714,5,fov1_2x_y1700x1350_z15_6000f_17.5lp_00001,9,fov1_2x_y1700x1350_z5_6000f_15.5lp_00002,10
FAR,Vgat/0730,0.625290467568562,104.945256104248,18.125,roi2_1.6x_x1050y2250_z63_2000f_11.5lp_00001,15,roi2_2.2x_x1050y2250_z80_2000f_11.5lp_00001,22
FAR,Sert/0721,0.624817229373319,146.490790333525,0.9375,ro1_2x_x1018y1130_z10_20lp_6000f_00001,31,ro3_4x_x700y-1233_z-10_24.5lp_6000f_00001,8
FAR,Vgat/0730,0.624809183393679,86.3307800052136,38.75,roi2_1.5x_x1050y2250_z35_2000f_8lp_00001,6,roi2_2.2x_x1050y2250_z80_2000f_11.5lp_00001,20
FAR,Vgat/0730,0.624567758837027,83.7795421610238,40.6255,roi2_2.2x_x1050y2250_z80_2000f_11.5lp_00001,49,roi2_2x_x1050y2250_z120_2000f_14lp_00001,13
FAR,Vgat/0730,0.62454586081376,148.350798846194,39.3745,roi2_1.6x_x1050y2250_z63_2000f_11.5lp_00001,55,roi2_2.2x_x1050y2250_z100_2000f_12lp_00001,35
NEAR,Vglut2/0728,0.624484431126343,1.61574933259678,10,fov1_2x_y1700x1350_z15_6000f_17.5lp_00001,10,fov1_2x_y1700x1350_z5_6000f_15.5lp_00001,6
FAR,Sert/0721,0.624448994147447,116.336476476106,11.875,ro5_1.6x_x1200y-400_z0_26lp_6000f_00001,2,ro6_1.6x_x1200y-700_z0_26lp_6000f_00001,11
FAR,Vgat/0730,0.62413071459005,44.4179722764079,8.125,roi1_1.4x_x1100y1050_z6_5000f_13lp_00001,1,roi1_1.2x_x1100y1050_z0_5000f_14lp_00001,4
NEAR,Vglut2/0728,0.624031209205098,4.64860319915052,10,fov1_1.7x_y1650x1320_z30_3000f_15lp_00001,5,fov1_1.7x_y1650x1320_z40_3000f_17lp_00001,9
FAR,Vgat/0730,0.623984092881558,57.8697097719801,19.376,roi2_2.2x_x1050y2250_z100_2000f_12lp_00001,14,roi2_2x_x1050y2250_z120_2000f_14lp_00001,30
FAR,Vgat/0730,0.623872304537269,46.0617639711507,21.2495,roi2_2.2x_x1050y2250_z100_2000f_12lp_00001,11,roi2_2.2x_x1050y2250_z80_2000f_11.5lp_00001,27
FAR,Vgat/0730,0.623733340881842,56.7422201496684,17.8125,roi1_2.4x_x950y1000_z85_6000f_14.5lp_00001,34,roi1_3x_x1050y1000_z100_3000f_17lp_00001,14
NEAR,Vglut2/1124,0.623681549463108,3.43018083860499,5.3125,roi5_1400-1230-0_x4.4_15lp_6000f_00001,5,roi5_1400-1300-0_18lp_930_x4_512x512_6000f_00002,12
FAR,Vgat/0730,0.623360970704211,25.5710208595246,42.812,roi1_2.4x_x1300y900_z250_3000f_30lp_00001,39,roi1_1.5x_x1050y1000_z100_3000f_26.5lp_00001,4
FAR,Vglut2/0728,0.623354710163054,95.7979876134627,15,fov1_1.7x_y1650x1320_z35_3000f_15lp_00001,36,fov1_2x_y1700x1350_z15_6000f_16lp_00001,43
FAR,Vglut2/1124,0.623272559170349,126.628623874903,20,roi3_-1000-300-40_32lp_930_x1.4_256x512_3000f_00001,75,roi3_-1000-300-60_38lp_930_x1.4_256x512_3000f_00001,75
FAR,Vglut2/0728,0.623206075595026,102.486776931913,25.3125,fov1_2x_y1700x1350_z0_6000f_15.5lp_00001,11,fov1_2x_y1700x1350_z25_3000f_16lp_00001,21
FAR,Vglut2/1124,0.623203737559877,56.0416345425254,20,roi3_-1000-300-40_32lp_930_x1.4_256x512_3000f_00001,18,roi3_-1000-300-60_38lp_930_x1.4_256x512_3000f_00001,34
FAR,Vglut2/0728,0.623169173684255,138.34631120029,10.3125,fov1_2x_y1700x1350_z15_6000f_17.5lp_00001,2,fov1_2x_y1700x1350_z25_3000f_16lp_00001,11
FAR,Vglut2/0728,0.623144169624862,113.438282585741,6.5625,fov1_1.7x_y1650x1320_z35_3000f_15lp_00001,39,fov1_2.1x_y1350x1310_z30_3000f_13lp_00001,11
FAR,Vgat/0730,0.623119660702884,135.131623187176,40.6255,roi2_2.2x_x1050y2250_z80_2000f_11.5lp_00001,32,roi2_2x_x1050y2250_z120_2000f_14lp_00001,25
FAR,Vgat/0730,0.623025940664441,121.772274587432,39.999,roi2_2x_x1050y2250_z120_2000f_14lp_00001,41,roi2_2x_x1050y2250_z160_2000f_16lp_00001,9
FAR,Vglut2/0728,0.62298133048191,119.727068785093,30.3125,fov1_1.7x_y1650x1320_z35_3000f_15lp_00001,25,fov1_2x_y1700x1350_z5_6000f_15.5lp_00001,8
FAR,Vglut2/0728,0.622728628781356,102.031464219707,3.4375,fov1_2.1x_y1350x1310_z30_3000f_13lp_00001,27,fov1_2x_y1700x1350_z25_3000f_16lp_00001,16
FAR,Vgat/0730,0.622697933196265,121.25478482086,30,roi1_3x_x950y1200_z40_6000f_14lp_00001,8,roi1_3x_x950y1000_z70_6000f_15lp_00001,25
FAR,Sert/0721,0.622648393630923,99.4469808280153,10,ro1_2x_x1018y1130_z15_20lp_6000f_00001,40,ro1_2x_x1018y1130_z25_26lp_6000f_00001,3
FAR,Vglut2/0728,0.622420822231816,103.308943935591,5,fov1_1.7x_y1650x1320_z35_3000f_15lp_00001,8,fov1_1.7x_y1650x1320_z40_3000f_17lp_00001,27
FAR,Sert/0721,0.62234264726481,145.750943818208,5.9375,ro1_2x_x1018y1130_z15_20lp_6000f_00001,33,ro3_4x_x700y-1233_z-10_24.5lp_6000f_00001,16
FAR,Vgat/0730,0.622223534887176,99.1213797498898,21.2495,roi2_2.2x_x1050y2250_z100_2000f_12lp_00001,16,roi2_2.2x_x1050y2250_z80_2000f_11.5lp_00001,52
FAR,Vglut2/0728,0.622190957946055,127.369613198802,10.3125,fov1_2x_y1700x1350_z15_6000f_16lp_00001,16,fov1_2x_y1700x1350_z5_6000f_15.5lp_00002,14
FAR,Vglut2/1124,0.622003869509201,93.8835844006804,20,roi3_-1000-300-40_32lp_930_x1.4_256x512_3000f_00001,7,roi3_-1000-300-60_38lp_930_x1.4_256x512_3000f_00001,29
FAR,Sert/0721,0.621819904346968,149.322884088372,0.9375,ro1_2x_x1018y1130_z10_20lp_6000f_00001,19,ro3_4x_x700y-1233_z-10_24.5lp_6000f_00001,19
FAR,Vglut2/1124,0.62156153477358,122.584281565122,20,roi3_-1000-300-40_32lp_930_x1.4_256x512_3000f_00001,10,roi3_-1000-300-60_38lp_930_x1.4_256x512_3000f_00001,40
FAR,Sert/0721,0.621389397940646,70.8747849554956,3.125,ro1_2x_x1018y1130_z10_20lp_6000f_00001,33,ro3_2.5x_x450y1500_z-15_28.5lp_6000f_00003,10
FAR,Vgat/0730,0.621183918307476,62.3369252650904,1.25,roi1_1.6x_x1050y1000_z100_3000f_17.5lp_00001,74,roi1_3x_x1050y1000_z100_3000f_17lp_00001,17
FAR,Sert/0721,0.621031727761498,139.829207052036,11.875,ro5_1.6x_x1200y-400_z0_26lp_6000f_00001,11,ro6_1.6x_x1200y-700_z0_26lp_6000f_00001,11
FAR,Vglut2/0224/pFN,0.621015794520089,120.397110749698,0.9375,pFN_roi1_z0_512x512_6x_2000f_00001,2,pFN_roi2_z5_25x_512x512_3x_6000f_00001,13
FAR,Vglut2/0728,0.62089621814714,68.1689426997203,20.3125,fov1_1.7x_y1650x1320_z35_3000f_15lp_00001,9,fov1_2x_y1700x1350_z15_6000f_17.5lp_00001,3
FAR,Vgat/0730,0.62085086130203,52.8077629484254,19.376,roi2_2.2x_x1050y2250_z100_2000f_12lp_00001,27,roi2_2x_x1050y2250_z120_2000f_14lp_00001,32
FAR,Vglut2/0728,0.620658768369142,145.090371868168,30.3125,fov1_1.7x_y1650x1320_z40_3000f_17lp_00001,5,fov1_2x_y1700x1350_z5_6000f_15.5lp_00002,13
FAR,Vglut2/0728,0.620562784218122,72.0452806532252,15,fov1_1.7x_y1650x1320_z40_3000f_17lp_00001,27,fov1_2x_y1700x1350_z25_3000f_16lp_00001,12
FAR,Vgat/0730,0.620351190064395,147.040393951024,20.625,roi2_1.5x_x1050y2250_z35_2000f_8lp_00001,5,roi2_1.6x_x1050y2250_z63_2000f_11.5lp_00001,11
FAR,Vglut2/0728,0.620332579896883,141.364960571688,40.3125,fov1_1.7x_y1650x1320_z40_3000f_17lp_00001,27,fov1_2x_y1700x1350_z0_6000f_15.5lp_00001,18
FAR,Sert/0721,0.619958480300819,115.042227545605,10,ro1_2x_x1018y1130_z15_20lp_6000f_00001,33,ro1_2x_x1018y1130_z25_26lp_6000f_00001,1
FAR,Sert/0721,0.61985831668822,42.4835681526972,9.6875,ro6_1.6x_x1200y-700_z0_26lp_6000f_00001,9,roi7_1.8x_x-1000-1000_z0_16lp_3000f_00001,9
FAR,Vgat/0730,0.619848809428624,65.9565111006902,18.125,roi2_1.6x_x1050y2250_z63_2000f_11.5lp_00001,16,roi2_2.2x_x1050y2250_z80_2000f_11.5lp_00001,5
FAR,Vglut2/1124,0.619809076101827,112.028703461192,20,roi3_-1000-300-40_32lp_930_x1.4_256x512_3000f_00001,10,roi3_-1000-300-60_38lp_930_x1.4_256x512_3000f_00001,34
FAR,Vglut2/0728,0.619659429982217,130.190914120664,35.3125,fov1_1.7x_y1650x1320_z35_3000f_15lp_00001,33,fov1_2x_y1700x1350_z0_6000f_15.5lp_00001,10
FAR,Sert/0721,0.619604267200148,83.6797830736474,11.875,ro5_1.6x_x1200y-400_z0_26lp_6000f_00001,2,ro6_1.6x_x1200y-700_z0_26lp_6000f_00001,7
FAR,Vglut2/0728,0.619349205414485,140.014560849477,13.75,fov1_2.1x_y1350x1310_z30_3000f_13lp_00001,24,fov1_2x_y1700x1350_z15_6000f_17.5lp_00001,23
FAR,Vglut2/1124,0.619325478874432,75.2406544947078,20,roi3_-1000-300-40_32lp_930_x1.4_256x512_3000f_00001,78,roi3_-1000-300-60_38lp_930_x1.4_256x512_3000f_00001,122
FAR,Vglut2/0728,0.619268076297325,130.741979166337,20,fov1_1.7x_y1650x1320_z40_3000f_17lp_00001,54,fov1_2x_y1700x1350_z15_6000f_16lp_00001,34
FAR,Vglut2/0728,0.619155315015289,76.8213561125579,5,fov1_2x_y1700x1350_z0_6000f_15.5lp_00001,6,fov1_2x_y1700x1350_z5_6000f_15.5lp_00001,12
FAR,Vglut2/1124,0.61898357893699,56.9188191888371,20,roi3_-1000-300-40_32lp_930_x1.4_256x512_3000f_00001,88,roi3_-1000-300-60_38lp_930_x1.4_256x512_3000f_00001,111
FAR,Vglut2/0728,0.618823905765492,83.8361548781333,20.3125,fov1_1.7x_y1650x1320_z35_3000f_15lp_00001,35,fov1_2x_y1700x1350_z15_6000f_17.5lp_00001,21
FAR,Vglut2/0728,0.618683645110579,81.0751060011114,15.3125,fov1_1.7x_y1650x1320_z30_3000f_15lp_00001,18,fov1_2x_y1700x1350_z15_6000f_17.5lp_00001,7
FAR,Vgat/0730,0.618527040088793,115.582812919926,15,roi2_1.6x_x1050y2250_z50_2000f_10.5lp_00001,2,roi2_1.6x_x1050y2250_z63_2000f_11.5lp_00001,9
FAR,Vglut2/0728,0.618355062354053,112.385899370108,15,fov1_1.7x_y1650x1320_z35_3000f_15lp_00001,33,fov1_2x_y1700x1350_z15_6000f_16lp_00001,31
FAR,Sert/0721,0.61810617366034,106.401503639628,3.125,ro1_2x_x1018y1130_z10_20lp_6000f_00001,19,ro3_2.5x_x450y1500_z-15_28.5lp_6000f_00003,4
FAR,Sert/0721,0.618031305450888,84.1110458715875,11.875,ro5_1.6x_x1200y-400_z0_26lp_6000f_00001,62,ro6_1.6x_x1200y-700_z0_26lp_6000f_00001,31
FAR,Sert/0721,0.617849522968257,138.896073373546,15,ro1_2x_x1018y1130_z10_20lp_6000f_00001,31,ro1_2x_x1018y1130_z25_26lp_6000f_00001,2
FAR,Vglut2/0728,0.61775744500352,51.6736456249936,5,fov1_1.7x_y1650x1320_z30_3000f_15lp_00001,30,fov1_1.7x_y1650x1320_z35_3000f_15lp_00001,35
FAR,Vglut2/1124,0.617745459497665,135.246137301549,20,roi3_-1000-300-40_32lp_930_x1.4_256x512_3000f_00001,37,roi3_-1000-300-60_38lp_930_x1.4_256x512_3000f_00001,65
FAR,Vglut2/1124,0.617735179219507,92.8422821624762,20,roi3_-1000-300-40_32lp_930_x1.4_256x512_3000f_00001,37,roi3_-1000-300-60_38lp_930_x1.4_256x512_3000f_00001,34
FAR,Vglut2/0224/pFN,0.617682358647647,134.347236321146,2.1875,pFN_roi2_z5_25x_512x512_3x_6000f_00001,26,pFN_roi2_z5_512x512_6x_6000f_00001,6
FAR,Vglut2/0728,0.617679756156733,134.987636926294,40.3125,fov1_1.7x_y1650x1320_z40_3000f_17lp_00001,2,fov1_2x_y1700x1350_z0_6000f_15.5lp_00001,4
FAR,Sert/0721,0.617609583012448,115.831087480673,5,ro1_2x_x1018y1130_z10_20lp_6000f_00001,37,ro1_2x_x1018y1130_z15_20lp_6000f_00001,49
FAR,Vgat/0730,0.617604539216501,115.083652405289,1.25,roi1_1.6x_x1050y1000_z100_3000f_17.5lp_00001,48,roi1_3x_x1050y1000_z100_3000f_17lp_00001,23
FAR,Sert/0721,0.617444123717271,68.8074083709807,5,ro1_2x_x1018y1130_z10_20lp_6000f_00001,34,ro1_2x_x1018y1130_z15_20lp_6000f_00001,22
FAR,Vgat/0730,0.617402360117308,22.410672374434,30,roi1_3x_x950y1200_z40_6000f_14lp_00002,8,roi1_3x_x950y1000_z70_6000f_15lp_00001,18
FAR,Vglut2/0728,0.617383616439185,103.084968113339,5,fov1_1.7x_y1650x1320_z30_3000f_15lp_00001,38,fov1_2x_y1700x1350_z25_3000f_16lp_00001,16
FAR,Sert/0721,0.617144151233024,119.528775899329,5,ro1_2x_x1018y1130_z10_20lp_6000f_00001,30,ro1_2x_x1018y1130_z15_20lp_6000f_00001,42
FAR,Vglut2/0728,0.617142598422726,140.175551365916,10,fov1_1.7x_y1650x1320_z30_3000f_15lp_00001,35,fov1_2x_y1700x1350_z15_6000f_16lp_00001,34
FAR,Vglut2/0728,0.617111275718366,132.856552830832,5,fov1_2x_y1700x1350_z15_6000f_16lp_00001,34,fov1_2x_y1700x1350_z25_3000f_16lp_00001,12
FAR,Sert/0721,0.617076190696457,93.1430276656265,1.5625,ro7_1.6x_x1000y-1000_z0_26lp_6000f_00001,20,roi7_1.8x_x-1000-1000_z0_16lp_3000f_00001,8
FAR,Vglut2/1124,0.616871710659791,60.4111182097898,20,roi3_-1000-300-40_32lp_930_x1.4_256x512_3000f_00001,68,roi3_-1000-300-60_38lp_930_x1.4_256x512_3000f_00001,83
FAR,Vglut2/0728,0.61682386776009,73.4166878427653,5.3125,fov1_2x_y1700x1350_z15_6000f_16lp_00001,16,fov1_2x_y1700x1350_z15_6000f_17.5lp_00001,3
FAR,Vgat/0730,0.616579128453667,135.062926272047,15,roi2_1.6x_x1050y2250_z50_2000f_10.5lp_00001,25,roi2_1.6x_x1050y2250_z63_2000f_11.5lp_00001,47
FAR,Vglut2/0728,0.616526813167328,122.69777619108,15.3125,fov1_1.7x_y1650x1320_z30_3000f_15lp_00001,15,fov1_2x_y1700x1350_z15_6000f_17.5lp_00001,25
FAR,Vglut2/0728,0.616425607536421,107.222178100171,5.3125,fov1_2x_y1700x1350_z15_6000f_16lp_00001,20,fov1_2x_y1700x1350_z15_6000f_17.5lp_00001,9
FAR,Sert/0721,0.616229782626102,136.276704671738,1.875,ro1_2x_x1018y1130_z15_20lp_6000f_00001,48,ro3_2.5x_x450y1500_z-15_28.5lp_6000f_00003,4
FAR,Vglut2/0728,0.616155201640923,122.493913860865,5,fov1_2x_y1700x1350_z5_6000f_15.5lp_00001,13,fov1_2x_y1700x1350_z5_6000f_15.5lp_00002,10
FAR,Sert/0721,0.61589740287512,68.182064745676,1.5625,ro7_1.6x_x1000y-1000_z0_26lp_6000f_00001,34,roi7_1.8x_x-1000-1000_z0_16lp_3000f_00001,21
FAR,Sert/0721,0.615803031696856,38.4816245746267,1.5625,ro7_1.6x_x1000y-1000_z0_26lp_6000f_00001,47,roi7_1.8x_x-1000-1000_z0_16lp_3000f_00001,43
FAR,Vglut2/1124,0.615556012041719,81.9530351725862,20,roi3_-1000-300-40_32lp_930_x1.4_256x512_3000f_00001,32,roi3_-1000-300-60_38lp_930_x1.4_256x512_3000f_00001,50
NEAR,Vglut2/0728,0.615255387718105,2.56955498159237,15,fov1_1.7x_y1650x1320_z40_3000f_17lp_00001,24,fov1_2x_y1700x1350_z25_3000f_16lp_00001,17
FAR,Vgat/0730,0.615208674624124,57.8057783204012,20.625,roi2_1.5x_x1050y2250_z35_2000f_8lp_00001,7,roi2_1.6x_x1050y2250_z63_2000f_11.5lp_00001,12
FAR,Sert/0721,0.614956099602462,84.9618065000676,11.875,ro1_2x_x1018y1130_z25_26lp_6000f_00001,18,ro3_2.5x_x450y1500_z-15_28.5lp_6000f_00003,22
FAR,Vglut2/0224/pFN,0.614878965948839,29.9964516639487,2.1875,pFN_roi2_z5_25x_512x512_3x_6000f_00001,21,pFN_roi2_z5_512x512_6x_6000f_00001,9
FAR,Sert/0721,0.614830239685091,57.7467257831904,5,ro1_2x_x1018y1130_z10_20lp_6000f_00001,18,ro1_2x_x1018y1130_z15_20lp_6000f_00001,22
FAR,Vglut2/1124,0.614750589598909,72.4446838756264,20,roi3_-1000-300-40_32lp_930_x1.4_256x512_3000f_00001,78,roi3_-1000-300-60_38lp_930_x1.4_256x512_3000f_00001,125
FAR,Vgat/0730,0.614569961861155,109.120664908388,19.0625,roi1_1.6x_x1050y1000_z100_3000f_17.5lp_00001,55,roi1_2.4x_x950y1000_z85_6000f_14.5lp_00001,25
FAR,Vglut2/1124,0.614568567671804,80.3301132291932,5.3125,roi5_1400-1230-0_x4.4_15lp_6000f_00001,5,roi5_1400-1300-0_18lp_930_x4_512x512_6000f_00002,11
FAR,Vglut2/0224/pFN,0.614544622958005,36.8825147841311,0.9375,pFN_roi1_z0_512x512_6x_2000f_00001,2,pFN_roi2_z5_25x_512x512_3x_6000f_00001,3
FAR,Vglut2/0728,0.614533985915621,123.696057462868,5.3125,fov1_2x_y1700x1350_z15_6000f_16lp_00001,34,fov1_2x_y1700x1350_z15_6000f_17.5lp_00001,6
FAR,Vgat/0730,0.614371766683485,25.9123329828825,39.999,roi2_2x_x1050y2250_z120_2000f_14lp_00001,35,roi2_2x_x1050y2250_z160_2000f_16lp_00001,3
NEAR,Vglut2/0728,0.614355775925639,0.80690212450773,10,fov1_1.7x_y1650x1320_z30_3000f_15lp_00001,37,fov1_1.7x_y1650x1320_z40_3000f_17lp_00001,39
FAR,Vglut2/0728,0.614326389778865,72.0759298307512,5,fov1_1.7x_y1650x1320_z30_3000f_15lp_00001,24,fov1_1.7x_y1650x1320_z35_3000f_15lp_00001,19
FAR,Vgat/0730,0.614178184585877,138.209097868727,20.625,roi2_1.5x_x1050y2250_z35_2000f_8lp_00001,10,roi2_1.6x_x1050y2250_z63_2000f_11.5lp_00001,10
FAR,Sert/0721,0.614155914400597,145.353760557984,11.875,ro5_1.6x_x1200y-400_z0_26lp_6000f_00001,65,ro6_1.6x_x1200y-700_z0_26lp_6000f_00001,49
FAR,Sert/0721,0.613942216010065,135.920855657462,10,ro1_2x_x1018y1130_z15_20lp_6000f_00001,40,ro1_2x_x1018y1130_z25_26lp_6000f_00001,1
FAR,Vgat/0730,0.613931901248411,116.159023701083,19.0625,roi1_1.6x_x1050y1000_z100_3000f_17.5lp_00001,61,roi1_2.4x_x950y1000_z85_6000f_14.5lp_00001,40
FAR,Vglut2/0728,0.613886038963603,95.5630798503063,28.75,fov1_2.1x_y1350x1310_z30_3000f_13lp_00001,22,fov1_2x_y1700x1350_z0_6000f_15.5lp_00001,10
FAR,Vglut2/1124,0.613729528652475,132.188117145271,20,roi3_-1000-300-40_32lp_930_x1.4_256x512_3000f_00001,87,roi3_-1000-300-60_38lp_930_x1.4_256x512_3000f_00001,92
FAR,Sert/0721,0.613714806948267,87.7111579059637,9.6875,ro6_1.6x_x1200y-700_z0_26lp_6000f_00001,22,roi7_1.8x_x-1000-1000_z0_16lp_3000f_00001,40
FAR,Vgat/0730,0.613509406862165,77.1110829315928,21.2495,roi2_2.2x_x1050y2250_z100_2000f_12lp_00001,16,roi2_2.2x_x1050y2250_z80_2000f_11.5lp_00001,32
FAR,Vglut2/0728,0.613307941333056,138.735283160925,20.3125,fov1_1.7x_y1650x1320_z35_3000f_15lp_00001,26,fov1_2x_y1700x1350_z15_6000f_17.5lp_00001,32
FAR,Vglut2/0728,0.613202863770441,73.7103849299767,5,fov1_1.7x_y1650x1320_z30_3000f_15lp_00001,7,fov1_1.7x_y1650x1320_z35_3000f_15lp_00001,4
FAR,Sert/0721,0.613117983689316,37.4814905361616,15,ro1_2x_x1018y1130_z10_20lp_6000f_00001,36,ro1_2x_x1018y1130_z25_26lp_6000f_00001,5
FAR,Sert/0721,0.613086679731707,66.7873006838798,10,ro1_2x_x1018y1130_z15_20lp_6000f_00001,49,ro1_2x_x1018y1130_z25_26lp_6000f_00001,12
FAR,Vglut2/0728,0.612908631878126,141.013624116485,8.4375,fov1_2.1x_y1350x1310_z30_3000f_13lp_00001,22,fov1_2x_y1700x1350_z15_6000f_16lp_00001,21
FAR,Vglut2/0728,0.612880182462766,114.197010385343,6.5625,fov1_1.7x_y1650x1320_z35_3000f_15lp_00001,39,fov1_2.1x_y1350x1310_z30_3000f_13lp_00001,7
FAR,Vglut2/0728,0.612867075827605,98.0609311687363,10,fov1_1.7x_y1650x1320_z30_3000f_15lp_00001,8,fov1_2x_y1700x1350_z15_6000f_16lp_00001,15
FAR,Vglut2/0728,0.612845907716646,122.645695079156,10.3125,fov1_2x_y1700x1350_z15_6000f_17.5lp_00001,30,fov1_2x_y1700x1350_z25_3000f_16lp_00001,19
FAR,Sert/0721,0.612838837138807,88.2287378823632,1.5625,ro7_1.6x_x1000y-1000_z0_26lp_6000f_00001,42,roi7_1.8x_x-1000-1000_z0_16lp_3000f_00001,34
FAR,Vgat/0730,0.61278879967749,50.729642259017,21.2495,roi2_2.2x_x1050y2250_z100_2000f_12lp_00001,24,roi2_2.2x_x1050y2250_z80_2000f_11.5lp_00001,49
FAR,Vgat/0730,0.612498328659692,133.533905320858,21.2495,roi2_2.2x_x1050y2250_z100_2000f_12lp_00001,15,roi2_2.2x_x1050y2250_z80_2000f_11.5lp_00001,57
FAR,Vgat/0730,0.61237096906803,35.4624111740764,20.625,roi2_1.5x_x1050y2250_z35_2000f_8lp_00001,5,roi2_1.6x_x1050y2250_z63_2000f_11.5lp_00001,14
FAR,Vglut2/0728,0.612349278972685,127.990793674972,40.3125,fov1_1.7x_y1650x1320_z40_3000f_17lp_00001,6,fov1_2x_y1700x1350_z0_6000f_15.5lp_00001,6
FAR,Vglut2/1124,0.612333537616267,20.1229654689357,20,roi3_-1000-300-40_32lp_930_x1.4_256x512_3000f_00001,3,roi3_-1000-300-60_38lp_930_x1.4_256x512_3000f_00001,6
FAR,Vgat/0730,0.612247732394547,84.8086572252338,38.75,roi2_1.5x_x1050y2250_z35_2000f_8lp_00001,16,roi2_2.2x_x1050y2250_z80_2000f_11.5lp_00001,58
FAR,Vgat/0730,0.612203331780215,137.103813513749,19.376,roi2_2.2x_x1050y2250_z100_2000f_12lp_00001,13,roi2_2x_x1050y2250_z120_2000f_14lp_00001,2
FAR,Vglut2/1124,0.61210607049618,136.315024240599,20,roi3_-1000-300-40_32lp_930_x1.4_256x512_3000f_00001,37,roi3_-1000-300-60_38lp_930_x1.4_256x512_3000f_00001,15
NEAR,Vgat/0730,0.612103014412391,3.33624019124351,8.125,roi1_1.4x_x1100y1050_z6_5000f_13lp_00001,18,roi1_1.2x_x1100y1050_z0_5000f_14lp_00001,13
FAR,Sert/0721,0.612052474143748,125.41822937402,1.5625,ro7_1.6x_x1000y-1000_z0_26lp_6000f_00001,42,roi7_1.8x_x-1000-1000_z0_16lp_3000f_00001,21
FAR,Vglut2/0728,0.611937917824334,80.7953069572618,5,fov1_1.7x_y1650x1320_z35_3000f_15lp_00001,10,fov1_1.7x_y1650x1320_z40_3000f_17lp_00001,25
FAR,Vglut2/1124,0.611872146026178,149.893010756959,20,roi3_-1000-300-40_32lp_930_x1.4_256x512_3000f_00001,68,roi3_-1000-300-60_38lp_930_x1.4_256x512_3000f_00001,76
FAR,Vglut2/0728,0.611745001837036,115.078629966151,10.3125,fov1_2x_y1700x1350_z15_6000f_17.5lp_00001,7,fov1_2x_y1700x1350_z25_3000f_16lp_00001,32
FAR,Vglut2/0728,0.611743556994226,30.5838175360372,27.8125,fov1_5x_y1900x1320_z60_6000f_17lp_00001,1,fov1_1.7x_y1650x1320_z30_3000f_15lp_00001,36
FAR,Vglut2/1124,0.611660154923028,80.2439573947665,20,roi3_-1000-300-40_32lp_930_x1.4_256x512_3000f_00001,68,roi3_-1000-300-60_38lp_930_x1.4_256x512_3000f_00001,110
FAR,Sert/0721,0.611598144206551,96.7880621647568,11.875,ro5_1.6x_x1200y-400_z0_26lp_6000f_00001,17,ro6_1.6x_x1200y-700_z0_26lp_6000f_00001,29
FAR,Vglut2/0728,0.611561649880711,82.8802078640342,15,fov1_1.7x_y1650x1320_z35_3000f_15lp_00001,8,fov1_2x_y1700x1350_z15_6000f_16lp_00001,2
FAR,Vglut2/0728,0.611542892368592,78.3743223608097,5,fov1_2x_y1700x1350_z5_6000f_15.5lp_00001,10,fov1_2x_y1700x1350_z5_6000f_15.5lp_00002,21
FAR,Vgat/0730,0.611356545466231,85.1310855868855,19.376,roi2_2.2x_x1050y2250_z100_2000f_12lp_00001,11,roi2_2x_x1050y2250_z120_2000f_14lp_00001,3
FAR,Vglut2/0224/pFN,0.611323607194207,74.3614803307985,2.1875,pFN_roi2_z5_25x_512x512_3x_6000f_00001,21,pFN_roi2_z5_512x512_6x_6000f_00001,6
FAR,Vgat/0730,0.61124940829647,62.9774949389057,39.999,roi2_2x_x1050y2250_z120_2000f_14lp_00001,37,roi2_2x_x1050y2250_z160_2000f_16lp_00001,29
FAR,Vgat/0730,0.611222445272685,42.1911249500367,39.999,roi2_2x_x1050y2250_z120_2000f_14lp_00001,38,roi2_2x_x1050y2250_z160_2000f_16lp_00001,29
FAR,Vglut2/0728,0.611185880577495,53.8448676502059,20.3125,fov1_2x_y1700x1350_z0_6000f_15.5lp_00001,3,fov1_2x_y1700x1350_z15_6000f_16lp_00001,19
NEAR,Vglut2/0728,0.610896786126998,0.297781094965176,15,fov1_1.7x_y1650x1320_z40_3000f_17lp_00001,28,fov1_2x_y1700x1350_z25_3000f_16lp_00001,22
FAR,Vglut2/0728,0.610878842894342,116.718265871923,10,fov1_1.7x_y1650x1320_z30_3000f_15lp_00001,13,fov1_1.7x_y1650x1320_z40_3000f_17lp_00001,4
FAR,Vglut2/0728,0.610870862071436,148.832101544378,15.3125,fov1_1.7x_y1650x1320_z30_3000f_15lp_00001,33,fov1_2x_y1700x1350_z15_6000f_17.5lp_00001,3
FAR,Vglut2/0728,0.610814570907613,139.385474015725,5,fov1_2x_y1700x1350_z15_6000f_16lp_00001,34,fov1_2x_y1700x1350_z25_3000f_16lp_00001,32
FAR,Sert/0721,0.610783593333647,100.998679305094,5.9375,ro1_2x_x1018y1130_z15_20lp_6000f_00001,22,ro3_4x_x700y-1233_z-10_24.5lp_6000f_00001,10
FAR,Vglut2/1124,0.610772912955998,149.059222234864,20,roi3_-1000-300-40_32lp_930_x1.4_256x512_3000f_00001,32,roi3_-1000-300-60_38lp_930_x1.4_256x512_3000f_00001,55
FAR,Sert/0721,0.61074542101747,44.0562899802299,5.9375,ro1_2x_x1018y1130_z15_20lp_6000f_00001,22,ro3_4x_x700y-1233_z-10_24.5lp_6000f_00001,16
FAR,Vglut2/0728,0.610721225818895,138.284451650031,5.3125,fov1_2x_y1700x1350_z15_6000f_16lp_00001,10,fov1_2x_y1700x1350_z15_6000f_17.5lp_00001,2
FAR,Sert/0721,0.610499872608809,49.3668230483062,5,ro1_2x_x1018y1130_z10_20lp_6000f_00001,30,ro1_2x_x1018y1130_z15_20lp_6000f_00001,33
FAR,Vglut2/0728,0.610460410955159,73.9010277473877,15.3125,fov1_2x_y1700x1350_z25_3000f_16lp_00001,26,fov1_2x_y1700x1350_z5_6000f_15.5lp_00002,17
FAR,Vgat/0730,0.610392255395226,101.002323424769,33.125,roi2_1.6x_x1050y2250_z50_2000f_10.5lp_00001,10,roi2_2.2x_x1050y2250_z80_2000f_11.5lp_00001,34
FAR,Sert/0721,0.610292730602838,49.7165225299287,15,ro1_2x_x1018y1130_z10_20lp_6000f_00001,43,ro1_2x_x1018y1130_z25_26lp_6000f_00001,15
FAR,Sert/0721,0.610211243322368,68.2348546010514,1.5625,ro7_1.6x_x1000y-1000_z0_26lp_6000f_00001,2,roi7_1.8x_x-1000-1000_z0_16lp_3000f_00001,8
FAR,Sert/0721,0.610010992001619,100.942856642435,5,ro1_2x_x1018y1130_z10_20lp_6000f_00001,15,ro1_2x_x1018y1130_z15_20lp_6000f_00001,22
FAR,Vgat/0730,0.60965375595863,75.6478743775066,40.6255,roi2_2.2x_x1050y2250_z80_2000f_11.5lp_00001,52,roi2_2x_x1050y2250_z120_2000f_14lp_00001,13
FAR,Vglut2/0728,0.609653005420954,53.7915020534666,15,fov1_1.7x_y1650x1320_z35_3000f_15lp_00001,21,fov1_2x_y1700x1350_z15_6000f_16lp_00001,19
FAR,Sert/0721,0.609620644943358,74.1891918075341,11.875,ro5_1.6x_x1200y-400_z0_26lp_6000f_00001,64,ro6_1.6x_x1200y-700_z0_26lp_6000f_00001,37
FAR,Vglut2/0728,0.609510337317463,97.1004235088089,10.3125,fov1_2x_y1700x1350_z15_6000f_16lp_00001,15,fov1_2x_y1700x1350_z5_6000f_15.5lp_00002,17
FAR,Vglut2/0728,0.609316322349117,82.0079412629423,30.3125,fov1_1.7x_y1650x1320_z40_3000f_17lp_00001,12,fov1_2x_y1700x1350_z5_6000f_15.5lp_00002,8
FAR,Vgat/0730,0.609218781954019,68.1431344782585,14.0625,roi1_1.4x_x1100y1050_z6_5000f_13lp_00001,6,roi1_3x_x1100y950_z8_3000f_11.5lp_00001,13
FAR,Vglut2/0728,0.609173973619022,134.369354596387,20,fov1_1.7x_y1650x1320_z40_3000f_17lp_00001,19,fov1_2x_y1700x1350_z15_6000f_16lp_00001,34
NEAR,Vglut2/0728,0.609086780721433,3.37272790859278,10,fov1_1.7x_y1650x1320_z30_3000f_15lp_00001,36,fov1_1.7x_y1650x1320_z40_3000f_17lp_00001,38
FAR,Vglut2/1124,0.609068740593691,139.289622647593,20,roi3_-1000-300-40_32lp_930_x1.4_256x512_3000f_00001,26,roi3_-1000-300-60_38lp_930_x1.4_256x512_3000f_00001,56
FAR,Vglut2/0224/pFN,0.608833600944377,132.579890563608,0.9375,pFN_roi1_z0_512x512_6x_2000f_00001,11,pFN_roi2_z5_25x_512x512_3x_6000f_00001,26
FAR,Vgat/0730,0.60877873115051,138.762737190014,19.0625,roi1_1.6x_x1050y1000_z100_3000f_17.5lp_00001,14,roi1_2.4x_x950y1000_z85_6000f_14.5lp_00001,16
FAR,Vglut2/0728,0.608573706771753,44.6830700163172,20.3125,fov1_1.7x_y1650x1320_z35_3000f_15lp_00001,23,fov1_2x_y1700x1350_z15_6000f_17.5lp_00001,11
FAR,Vglut2/0728,0.608520952177831,76.2744680559846,5.3125,fov1_2x_y1700x1350_z15_6000f_16lp_00001,34,fov1_2x_y1700x1350_z15_6000f_17.5lp_00001,29
FAR,Vgat/0730,0.60833130024976,137.364781652353,33.125,roi2_1.6x_x1050y2250_z50_2000f_10.5lp_00001,25,roi2_2.2x_x1050y2250_z80_2000f_11.5lp_00001,27
FAR,Sert/0721,0.608250326214956,116.364224878107,1.5625,ro7_1.6x_x1000y-1000_z0_26lp_6000f_00001,6,roi7_1.8x_x-1000-1000_z0_16lp_3000f_00001,11
FAR,Vglut2/0728,0.608015164601368,138.215606721047,5,fov1_2x_y1700x1350_z15_6000f_17.5lp_00001,32,fov1_2x_y1700x1350_z5_6000f_15.5lp_00002,13
FAR,Vglut2/0728,0.607889593339717,94.3599178300728,10,fov1_1.7x_y1650x1320_z30_3000f_15lp_00001,8,fov1_2x_y1700x1350_z15_6000f_16lp_00001,6
FAR,Sert/0721,0.607877096489256,37.5292801584841,10,ro1_2x_x1018y1130_z15_20lp_6000f_00001,42,ro1_2x_x1018y1130_z25_26lp_6000f_00001,12
FAR,Vglut2/1124,0.607757119439778,53.9157577729583,20,roi3_-1000-300-40_32lp_930_x1.4_256x512_3000f_00001,87,roi3_-1000-300-60_38lp_930_x1.4_256x512_3000f_00001,116
FAR,Vglut2/0728,0.607583945066976,94.8271291693597,15.3125,fov1_1.7x_y1650x1320_z30_3000f_15lp_00001,33,fov1_2x_y1700x1350_z15_6000f_17.5lp_00001,24
FAR,Vglut2/0728,0.607544116734698,112.83521711058,5,fov1_1.7x_y1650x1320_z30_3000f_15lp_00001,18,fov1_2x_y1700x1350_z25_3000f_16lp_00001,11
FAR,Vglut2/0728,0.607307162104783,139.788244128416,10.3125,fov1_2x_y1700x1350_z15_6000f_16lp_00001,43,fov1_2x_y1700x1350_z5_6000f_15.5lp_00002,13
FAR,Vglut2/0728,0.607253594270835,67.0361896544947,10.3125,fov1_2x_y1700x1350_z15_6000f_17.5lp_00001,15,fov1_2x_y1700x1350_z25_3000f_16lp_00001,13
FAR,Vglut2/0728,0.607178511924791,103.466177796019,15.3125,fov1_1.7x_y1650x1320_z30_3000f_15lp_00001,7,fov1_2x_y1700x1350_z15_6000f_17.5lp_00001,15
FAR,Vglut2/1124,0.607168348518319,45.2056382666358,20,roi3_-1000-300-40_32lp_930_x1.4_256x512_3000f_00001,13,roi3_-1000-300-60_38lp_930_x1.4_256x512_3000f_00001,7
FAR,Vglut2/0728,0.607095886703608,146.101327066315,5,fov1_2x_y1700x1350_z15_6000f_16lp_00001,14,fov1_2x_y1700x1350_z25_3000f_16lp_00001,38
FAR,Vgat/0730,0.607091352399527,137.89536658615,39.999,roi2_2x_x1050y2250_z120_2000f_14lp_00001,32,roi2_2x_x1050y2250_z160_2000f_16lp_00001,58
FAR,Vglut2/0728,0.606887808403443,108.550173781755,20.3125,fov1_1.7x_y1650x1320_z35_3000f_15lp_00001,9,fov1_2x_y1700x1350_z15_6000f_17.5lp_00001,11
FAR,Vglut2/0728,0.606832030100879,119.768873874761,20.3125,fov1_1.7x_y1650x1320_z30_3000f_15lp_00001,21,fov1_2x_y1700x1350_z5_6000f_15.5lp_00002,14
FAR,Vglut2/0728,0.60677386246833,57.1543769772383,5,fov1_1.7x_y1650x1320_z30_3000f_15lp_00001,8,fov1_1.7x_y1650x1320_z35_3000f_15lp_00001,12
FAR,Vglut2/0728,0.606698125220395,136.212356897518,3.4375,fov1_2.1x_y1350x1310_z30_3000f_13lp_00001,19,fov1_2x_y1700x1350_z25_3000f_16lp_00001,7
FAR,Sert/0721,0.606672139713725,102.266257624008,11.875,ro5_1.6x_x1200y-400_z0_26lp_6000f_00001,39,ro6_1.6x_x1200y-700_z0_26lp_6000f_00001,40
FAR,Vglut2/0728,0.606660184171952,106.600597100013,10.3125,fov1_2x_y1700x1350_z15_6000f_17.5lp_00001,13,fov1_2x_y1700x1350_z25_3000f_16lp_00001,37
FAR,Sert/0721,0.606296538934196,135.314562844992,10,ro1_2x_x1018y1130_z15_20lp_6000f_00001,22,ro1_2x_x1018y1130_z25_26lp_6000f_00001,5
FAR,Vglut2/0728,0.606229889374959,149.659087289748,10,fov1_1.7x_y1650x1320_z30_3000f_15lp_00001,12,fov1_2x_y1700x1350_z15_6000f_16lp_00001,32
FAR,Vglut2/0224/pFN,0.606152076350601,84.5004178000723,0.9375,pFN_roi1_z0_512x512_6x_2000f_00001,2,pFN_roi2_z5_25x_512x512_3x_6000f_00001,14
FAR,Vglut2/1124,0.606097872063715,87.3239343077709,20,roi3_-1000-300-40_32lp_930_x1.4_256x512_3000f_00001,26,roi3_-1000-300-60_38lp_930_x1.4_256x512_3000f_00001,48
FAR,Vglut2/0728,0.606080578389766,94.435092432581,30.3125,fov1_1.7x_y1650x1320_z40_3000f_17lp_00001,19,fov1_2x_y1700x1350_z5_6000f_15.5lp_00002,2
FAR,Vgat/0730,0.60603635360336,75.5925294408134,48.75,roi1_1.4x_x1100y1050_z6_5000f_13lp_00001,15,roi1_3x_x950y1200_z40_6000f_14lp_00002,12
FAR,Sert/0721,0.605951101618463,48.5976030403623,0.9375,ro1_2x_x1018y1130_z10_20lp_6000f_00001,12,ro3_4x_x700y-1233_z-10_24.5lp_6000f_00001,14
FAR,Vglut2/1124,0.605843564600554,149.547549583515,20,roi3_-1000-300-40_32lp_930_x1.4_256x512_3000f_00001,68,roi3_-1000-300-60_38lp_930_x1.4_256x512_3000f_00001,114
FAR,Sert/0721,0.605798833976986,86.0452753170174,11.875,ro5_1.6x_x1200y-400_z0_26lp_6000f_00001,32,ro6_1.6x_x1200y-700_z0_26lp_6000f_00001,20
NEAR,Vglut2/0728,0.605600549545122,0.847790647093925,13.75,fov1_2.1x_y1350x1310_z30_3000f_13lp_00001,8,fov1_2x_y1700x1350_z15_6000f_17.5lp_00001,11
NEAR,Vglut2/0728,0.605402724075049,0.574025293096175,10,fov1_1.7x_y1650x1320_z30_3000f_15lp_00001,43,fov1_1.7x_y1650x1320_z40_3000f_17lp_00001,50
FAR,Vglut2/0224/pFN,0.605246330883626,120.860769835728,1.25,pFN_roi1_z0_512x512_6x_2000f_00001,6,pFN_roi2_z5_512x512_6x_6000f_00001,3
FAR,Vgat/0730,0.60500572185289,117.357783237558,1.25,roi1_1.6x_x1050y1000_z100_3000f_17.5lp_00001,48,roi1_3x_x1050y1000_z100_3000f_17lp_00001,14
FAR,Vgat/0730,0.604998863519471,101.954914070144,39.999,roi2_2x_x1050y2250_z120_2000f_14lp_00001,31,roi2_2x_x1050y2250_z160_2000f_16lp_00001,22
FAR,Vglut2/0728,0.604984604598046,94.0232196139087,10.3125,fov1_2x_y1700x1350_z15_6000f_17.5lp_00001,25,fov1_2x_y1700x1350_z25_3000f_16lp_00001,42
FAR,Vgat/0730,0.604947021374679,106.001599594841,19.376,roi2_2.2x_x1050y2250_z100_2000f_12lp_00001,13,roi2_2x_x1050y2250_z120_2000f_14lp_00001,6
FAR,Vglut2/0728,0.604906846380508,140.025455453322,25.3125,fov1_2x_y1700x1350_z0_6000f_15.5lp_00001,14,fov1_2x_y1700x1350_z25_3000f_16lp_00001,32
FAR,Vgat/0730,0.604882412284777,146.697823694315,10.3125,roi1_2.4x_x950y1000_z85_6000f_14.5lp_00001,31,roi1_3x_x950y1000_z70_6000f_15lp_00001,26
FAR,Vgat/0730,0.604849369734667,136.473947799768,22.1875,roi1_1.2x_x1100y1050_z0_5000f_14lp_00001,7,roi1_3x_x1100y950_z8_3000f_11.5lp_00001,4
FAR,Vgat/0730,0.604848912458438,119.102062580329,29.375,roi1_1.6x_x1050y1000_z100_3000f_17.5lp_00001,58,roi1_3x_x950y1000_z70_6000f_15lp_00001,17
FAR,Sert/0721,0.60465905219185,33.147641415968,10,ro1_2x_x1018y1130_z15_20lp_6000f_00001,33,ro1_2x_x1018y1130_z25_26lp_6000f_00001,5
FAR,Vglut2/0728,0.604655865440217,53.6844955782023,10,fov1_1.7x_y1650x1320_z30_3000f_15lp_00001,24,fov1_1.7x_y1650x1320_z40_3000f_17lp_00001,22
FAR,Sert/0721,0.604591769617254,140.725399278287,1.5625,ro7_1.6x_x1000y-1000_z0_26lp_6000f_00001,27,roi7_1.8x_x-1000-1000_z0_16lp_3000f_00001,47
FAR,Vglut2/0728,0.604496864695794,131.578164083616,25.3125,fov1_1.7x_y1650x1320_z40_3000f_17lp_00001,54,fov1_2x_y1700x1350_z15_6000f_17.5lp_00001,23
FAR,Vgat/0730,0.604448094789094,97.3012914336894,10.3125,roi1_2.4x_x950y1000_z85_6000f_14.5lp_00001,16,roi1_3x_x950y1000_z70_6000f_15lp_00001,14
FAR,Sert/0721,0.604431968121041,69.3635691666978,5,ro1_2x_x1018y1130_z10_20lp_6000f_00001,37,ro1_2x_x1018y1130_z15_20lp_6000f_00001,48
FAR,Vglut2/0728,0.604414309438472,76.2121077098984,10.3125,fov1_2x_y1700x1350_z15_6000f_16lp_00001,34,fov1_2x_y1700x1350_z5_6000f_15.5lp_00002,21
FAR,Vglut2/1124,0.604384727819397,142.905920257064,20,roi3_-1000-300-40_32lp_930_x1.4_256x512_3000f_00001,50,roi3_-1000-300-60_38lp_930_x1.4_256x512_3000f_00001,74
FAR,Vglut2/0728,0.604362467698772,74.3457430769565,15.3125,fov1_2x_y1700x1350_z25_3000f_16lp_00001,12,fov1_2x_y1700x1350_z5_6000f_15.5lp_00002,13
FAR,Sert/0721,0.604333165047355,49.8839147517253,10,ro1_2x_x1018y1130_z15_20lp_6000f_00001,22,ro1_2x_x1018y1130_z25_26lp_6000f_00001,3
FAR,Vgat/0730,0.604325176396407,99.0426665106324,33.125,roi2_1.6x_x1050y2250_z50_2000f_10.5lp_00001,5,roi2_2.2x_x1050y2250_z80_2000f_11.5lp_00001,5
FAR,Vglut2/0728,0.604177520425737,83.4724522557573,5,fov1_1.7x_y1650x1320_z35_3000f_15lp_00001,43,fov1_1.7x_y1650x1320_z40_3000f_17lp_00001,44
FAR,Vgat/0730,0.604117488072115,147.515213460951,39.3745,roi2_1.6x_x1050y2250_z63_2000f_11.5lp_00001,54,roi2_2.2x_x1050y2250_z100_2000f_12lp_00001,31
FAR,Vglut2/0728,0.603993910828273,117.3842920932,25.3125,fov1_1.7x_y1650x1320_z40_3000f_17lp_00001,25,fov1_2x_y1700x1350_z15_6000f_17.5lp_00001,24
FAR,Sert/0721,0.603985966818194,146.729810395166,10,ro1_2x_x1018y1130_z15_20lp_6000f_00001,10,ro1_2x_x1018y1130_z25_26lp_6000f_00001,1
FAR,Vgat/0730,0.603917038133096,112.363051552049,17.1875,roi1_2x_x1100y950_z13_6000f_13lp_00001,11,roi1_3.2x_x1100y1050_z6_6000f_12lp_00001,2
FAR,Vgat/0730,0.603782227885479,110.938332621207,12.1875,roi1_3.2x_x1100y1050_z6_6000f_12lp_00001,2,roi1_3x_x1100y950_z8_6000f_13lp_00001,6
FAR,Vglut2/1124,0.603770481109836,105.69632844907,20,roi3_-1000-300-40_32lp_930_x1.4_256x512_3000f_00001,61,roi3_-1000-300-60_38lp_930_x1.4_256x512_3000f_00001,108
NEAR,Vgat/0730,0.603632779075721,2.80497539992239,0,roi1_3x_x950y1200_z40_6000f_14lp_00001,9,roi1_3x_x950y1200_z40_6000f_14lp_00002,9
FAR,Vglut2/0728,0.603474404393767,131.469236680562,30.3125,fov1_1.7x_y1650x1320_z40_3000f_17lp_00001,44,fov1_2x_y1700x1350_z5_6000f_15.5lp_00002,12
FAR,Sert/0721,0.603459547456856,86.7672438864611,0.9375,ro1_2x_x1018y1130_z10_20lp_6000f_00001,13,ro3_4x_x700y-1233_z-10_24.5lp_6000f_00001,19
NEAR,Sert/0721,0.603449167665008,0.807042137892107,5.9375,ro1_2x_x1018y1130_z15_20lp_6000f_00001,21,ro3_4x_x700y-1233_z-10_24.5lp_6000f_00001,18
FAR,Sert/0721,0.603339824884255,75.3444789362023,0.9375,ro1_2x_x1018y1130_z10_20lp_6000f_00001,15,ro3_4x_x700y-1233_z-10_24.5lp_6000f_00001,16
FAR,Vglut2/0728,0.603324760214031,58.0758926270759,25.3125,fov1_1.7x_y1650x1320_z40_3000f_17lp_00001,13,fov1_2x_y1700x1350_z15_6000f_17.5lp_00001,3
FAR,Vgat/0730,0.603294219611266,101.127585917513,21.2495,roi2_2.2x_x1050y2250_z100_2000f_12lp_00001,35,roi2_2.2x_x1050y2250_z80_2000f_11.5lp_00001,49
FAR,Vglut2/0728,0.603061267639937,138.979375415092,10,fov1_2x_y1700x1350_z15_6000f_17.5lp_00001,24,fov1_2x_y1700x1350_z5_6000f_15.5lp_00001,14
FAR,Vgat/0730,0.602918965570949,137.128012808462,21.2495,roi2_2.2x_x1050y2250_z100_2000f_12lp_00001,6,roi2_2.2x_x1050y2250_z80_2000f_11.5lp_00001,45
FAR,Sert/0721,0.602789453470794,97.8906156261961,11.875,ro5_1.6x_x1200y-400_z0_26lp_6000f_00001,46,ro6_1.6x_x1200y-700_z0_26lp_6000f_00001,31
FAR,Vgat/0730,0.602756801647566,127.433286362789,19.0625,roi1_1.6x_x1050y1000_z100_3000f_17.5lp_00001,38,roi1_2.4x_x950y1000_z85_6000f_14.5lp_00001,15
FAR,Vgat/0730,0.602716853518055,90.3484883542378,33.125,roi2_1.6x_x1050y2250_z50_2000f_10.5lp_00001,15,roi2_2.2x_x1050y2250_z80_2000f_11.5lp_00001,57
NEAR,Vgat/0730,0.602704254008724,0.340325813347817,15,roi2_1.6x_x1050y2250_z50_2000f_10.5lp_00001,27,roi2_1.6x_x1050y2250_z63_2000f_11.5lp_00001,59
FAR,Sert/0721,0.602688746011806,87.7709223992,1.5625,ro7_1.6x_x1000y-1000_z0_26lp_6000f_00001,24,roi7_1.8x_x-1000-1000_z0_16lp_3000f_00001,43
FAR,Vglut2/0224/pFN,0.602650347834506,36.0535280175089,0.9375,pFN_roi1_z0_512x512_6x_2000f_00001,3,pFN_roi2_z5_25x_512x512_3x_6000f_00001,2
FAR,Vglut2/0728,0.602565350081754,143.128057925395,5,fov1_2x_y1700x1350_z15_6000f_17.5lp_00001,25,fov1_2x_y1700x1350_z5_6000f_15.5lp_00002,7
NEAR,Vglut2/0728,0.602494044196131,4.52476794174053,8.4375,fov1_2.1x_y1350x1310_z30_3000f_13lp_00001,1,fov1_2x_y1700x1350_z15_6000f_16lp_00001,3
NEAR,Vglut2/0728,0.602414452061365,4.69899829534346,8.4375,fov1_2.1x_y1350x1310_z30_3000f_13lp_00001,17,fov1_2x_y1700x1350_z15_6000f_16lp_00001,29
FAR,Sert/0721,0.602197202967415,41.7955041087765,15.9375,ro1_2x_x1018y1130_z25_26lp_6000f_00001,1,ro3_4x_x700y-1233_z-10_24.5lp_6000f_00001,16
FAR,Vgat/0730,0.602112092133294,121.151911467442,40.6255,roi2_2.2x_x1050y2250_z80_2000f_11.5lp_00001,2,roi2_2x_x1050y2250_z120_2000f_14lp_00001,1
FAR,Sert/0721,0.601964325254304,121.655924709346,3.125,ro1_2x_x1018y1130_z10_20lp_6000f_00001,31,ro3_2.5x_x450y1500_z-15_28.5lp_6000f_00003,14
FAR,Sert/0721,0.601836784996895,106.217229258006,5,ro1_2x_x1018y1130_z10_20lp_6000f_00001,19,ro1_2x_x1018y1130_z15_20lp_6000f_00001,30
FAR,Vglut2/1124,0.601777296371615,104.919569107348,20,roi3_-1000-300-40_32lp_930_x1.4_256x512_3000f_00001,36,roi3_-1000-300-60_38lp_930_x1.4_256x512_3000f_00001,21
FAR,Vglut2/1124,0.601532073717803,137.48731212539,5.3125,roi5_1400-1230-0_x4.4_15lp_6000f_00001,11,roi5_1400-1300-0_18lp_930_x4_512x512_6000f_00002,3
FAR,Vglut2/1124,0.601271339912076,99.7854847198745,20,roi3_-1000-300-40_32lp_930_x1.4_256x512_3000f_00001,81,roi3_-1000-300-60_38lp_930_x1.4_256x512_3000f_00001,109
FAR,Vglut2/1124,0.601212654959005,55.0445882224417,20,roi3_-1000-300-40_32lp_930_x1.4_256x512_3000f_00001,23,roi3_-1000-300-60_38lp_930_x1.4_256x512_3000f_00001,18
FAR,Vglut2/1124,0.601212505960208,75.5475780380651,20,roi3_-1000-300-40_32lp_930_x1.4_256x512_3000f_00001,9,roi3_-1000-300-60_38lp_930_x1.4_256x512_3000f_00001,9
FAR,Vglut2/0728,0.601109717200502,70.6608085158173,10.3125,fov1_2x_y1700x1350_z15_6000f_16lp_00001,41,fov1_2x_y1700x1350_z5_6000f_15.5lp_00002,17
FAR,Sert/0721,0.601100540201278,74.0058721549916,11.25,ro6_1.6x_x1200y-700_z0_26lp_6000f_00001,22,ro7_1.6x_x1000y-1000_z0_26lp_6000f_00001,35
FAR,Vgat/0730,0.600986941241075,145.333034671024,20.001,roi1_2.4x_x1300y900_z250_3000f_30lp_00001,32,roi1_3x_x1350y850_z265_3000f_31lp_00001,23
FAR,Sert/0721,0.600933893146917,64.8017095443513,0.9375,ro1_2x_x1018y1130_z10_20lp_6000f_00001,12,ro3_4x_x700y-1233_z-10_24.5lp_6000f_00001,10
FAR,Vgat/0730,0.600845769424972,98.1370583546501,19.376,roi2_2.2x_x1050y2250_z100_2000f_12lp_00001,4,roi2_2x_x1050y2250_z120_2000f_14lp_00001,5
FAR,Vgat/0730,0.60079135233903,113.020195206347,33.125,roi2_1.6x_x1050y2250_z50_2000f_10.5lp_00001,7,roi2_2.2x_x1050y2250_z80_2000f_11.5lp_00001,45
FAR,Sert/0721,0.600731459352619,104.692927304332,11.875,ro5_1.6x_x1200y-400_z0_26lp_6000f_00001,8,ro6_1.6x_x1200y-700_z0_26lp_6000f_00001,20
FAR,Sert/0721,0.600710353212483,71.885530100118,10,ro1_2x_x1018y1130_z15_20lp_6000f_00001,40,ro1_2x_x1018y1130_z25_26lp_6000f_00001,2
FAR,Vglut2/0728,0.600289928524594,104.039437697998,15,fov1_1.7x_y1650x1320_z40_3000f_17lp_00001,27,fov1_2x_y1700x1350_z25_3000f_16lp_00001,34
FAR,Vglut2/0224/pFN,0.600234803034962,38.3309322221677,0.9375,pFN_roi1_z0_512x512_6x_2000f_00001,6,pFN_roi2_z5_25x_512x512_3x_6000f_00001,5
FAR,Vglut2/0728,0.600207688569373,36.3338669389775,10.3125,fov1_2x_y1700x1350_z15_6000f_17.5lp_00001,7,fov1_2x_y1700x1350_z25_3000f_16lp_00001,21
FAR,Sert/0721,0.600108938679347,50.9847279769719,1.875,ro1_2x_x1018y1130_z15_20lp_6000f_00001,49,ro3_2.5x_x450y1500_z-15_28.5lp_6000f_00003,14
NEAR,Vglut2/0728,0.59986753016926,3.41242419139332,10,fov1_1.7x_y1650x1320_z30_3000f_15lp_00001,27,fov1_2x_y1700x1350_z15_6000f_16lp_00001,25
FAR,Vglut2/0728,0.599794494436148,44.8941192878396,20.3125,fov1_2x_y1700x1350_z25_3000f_16lp_00001,43,fov1_2x_y1700x1350_z5_6000f_15.5lp_00001,17
FAR,Sert/0721,0.59958699502042,69.2093643053326,11.875,ro5_1.6x_x1200y-400_z0_26lp_6000f_00001,39,ro6_1.6x_x1200y-700_z0_26lp_6000f_00001,29
FAR,Vglut2/0728,0.599521799014113,33.2250725725809,5,fov1_1.7x_y1650x1320_z30_3000f_15lp_00001,2,fov1_1.7x_y1650x1320_z35_3000f_15lp_00001,3
FAR,Vgat/0730,0.599489809856571,102.037001322603,39.3745,roi2_1.6x_x1050y2250_z63_2000f_11.5lp_00001,53,roi2_2.2x_x1050y2250_z100_2000f_12lp_00001,14
FAR,Vglut2/0728,0.599488008876163,75.3840552665617,15,fov1_2x_y1700x1350_z0_6000f_15.5lp_00001,16,fov1_2x_y1700x1350_z15_6000f_17.5lp_00001,23
FAR,Vglut2/0728,0.599397105705055,66.9887884331394,5,fov1_1.7x_y1650x1320_z30_3000f_15lp_00001,8,fov1_1.7x_y1650x1320_z35_3000f_15lp_00001,9
FAR,Sert/0721,0.599344026469477,54.5742915532286,15,ro1_2x_x1018y1130_z10_20lp_6000f_00001,22,ro1_2x_x1018y1130_z25_26lp_6000f_00001,1
NEAR,Sert/0721,0.599292537912549,2.55418029034843,11.875,ro5_1.6x_x1200y-400_z0_26lp_6000f_00001,12,ro6_1.6x_x1200y-700_z0_26lp_6000f_00001,18
FAR,Vglut2/1124,0.599218711212924,88.4336061925291,20,roi3_-1000-300-40_32lp_930_x1.4_256x512_3000f_00001,68,roi3_-1000-300-60_38lp_930_x1.4_256x512_3000f_00001,116
FAR,Vglut2/0728,0.599134205301209,107.636971455963,5,fov1_2x_y1700x1350_z15_6000f_16lp_00001,20,fov1_2x_y1700x1350_z25_3000f_16lp_00001,13
FAR,Sert/0721,0.599102699931384,60.6782171880969,5,ro1_2x_x1018y1130_z10_20lp_6000f_00001,42,ro1_2x_x1018y1130_z15_20lp_6000f_00001,47
FAR,Sert/0721,0.599086111780418,146.388038850709,5.9375,ro1_2x_x1018y1130_z15_20lp_6000f_00001,5,ro3_4x_x700y-1233_z-10_24.5lp_6000f_00001,14
FAR,Vgat/0730,0.59907147337243,114.879112507137,21.2495,roi2_2.2x_x1050y2250_z100_2000f_12lp_00001,35,roi2_2.2x_x1050y2250_z80_2000f_11.5lp_00001,61
FAR,Vglut2/0728,0.598871306110867,133.71039317751,10.3125,fov1_2x_y1700x1350_z15_6000f_16lp_00001,15,fov1_2x_y1700x1350_z5_6000f_15.5lp_00002,4
FAR,Vglut2/0728,0.598715687455066,129.49227637249,15.3125,fov1_2x_y1700x1350_z15_6000f_16lp_00001,11,fov1_2x_y1700x1350_z5_6000f_15.5lp_00001,10
FAR,Vglut2/0728,0.598630511096363,50.6643400299691,5.3125,fov1_2x_y1700x1350_z15_6000f_16lp_00001,17,fov1_2x_y1700x1350_z15_6000f_17.5lp_00001,14
FAR,Sert/0721,0.598572967806004,120.274055706288,1.5625,ro7_1.6x_x1000y-1000_z0_26lp_6000f_00001,27,roi7_1.8x_x-1000-1000_z0_16lp_3000f_00001,8
FAR,Sert/0721,0.598490296175621,146.774265919512,5.9375,ro1_2x_x1018y1130_z15_20lp_6000f_00001,29,ro3_4x_x700y-1233_z-10_24.5lp_6000f_00001,8
FAR,Vglut2/0728,0.598404824402311,48.2176966387808,20,fov1_1.7x_y1650x1320_z40_3000f_17lp_00001,2,fov1_2x_y1700x1350_z15_6000f_16lp_00001,2
FAR,Vgat/0730,0.598209679574113,132.222570346141,10.3125,roi1_2.4x_x950y1000_z85_6000f_14.5lp_00001,40,roi1_3x_x950y1000_z70_6000f_15lp_00001,19
FAR,Vglut2/0728,0.59818873324642,107.236568225172,5.3125,fov1_2x_y1700x1350_z15_6000f_16lp_00001,34,fov1_2x_y1700x1350_z15_6000f_17.5lp_00001,31
FAR,Vglut2/1124,0.597831683189213,93.87114219033,20,roi3_-1000-300-40_32lp_930_x1.4_256x512_3000f_00001,87,roi3_-1000-300-60_38lp_930_x1.4_256x512_3000f_00001,105
FAR,Vglut2/1124,0.597758920528122,57.1334268782561,20,roi3_-1000-300-40_32lp_930_x1.4_256x512_3000f_00001,75,roi3_-1000-300-60_38lp_930_x1.4_256x512_3000f_00001,105
FAR,Sert/0721,0.597731360766215,126.289470395545,11.875,ro1_2x_x1018y1130_z25_26lp_6000f_00001,3,ro3_2.5x_x450y1500_z-15_28.5lp_6000f_00003,14
FAR,Sert/0721,0.597622819647139,63.9578007704984,5,ro1_2x_x1018y1130_z10_20lp_6000f_00001,15,ro1_2x_x1018y1130_z15_20lp_6000f_00001,13
FAR,Sert/0721,0.597597240943818,32.7645120909526,10,ro1_2x_x1018y1130_z15_20lp_6000f_00001,41,ro1_2x_x1018y1130_z25_26lp_6000f_00001,7
FAR,Vglut2/0728,0.597571150240124,107.654958588714,3.4375,fov1_2.1x_y1350x1310_z30_3000f_13lp_00001,11,fov1_2x_y1700x1350_z25_3000f_16lp_00001,13
FAR,Vglut2/0728,0.597494358907988,111.75292083342,15.3125,fov1_2x_y1700x1350_z15_6000f_16lp_00001,41,fov1_2x_y1700x1350_z5_6000f_15.5lp_00001,10
FAR,Vgat/0730,0.597431232909714,133.588815977268,29.375,roi1_1.6x_x1050y1000_z100_3000f_17.5lp_00001,58,roi1_3x_x950y1000_z70_6000f_15lp_00001,14
FAR,Vglut2/0728,0.597239662201774,95.0493222431064,20.3125,fov1_2x_y1700x1350_z0_6000f_15.5lp_00001,10,fov1_2x_y1700x1350_z15_6000f_16lp_00001,33
FAR,Vglut2/1124,0.5972263818637,103.188972295325,20,roi3_-1000-300-40_32lp_930_x1.4_256x512_3000f_00001,76,roi3_-1000-300-60_38lp_930_x1.4_256x512_3000f_00001,83
FAR,Vglut2/0728,0.597181258850481,34.8828220168916,5,fov1_2x_y1700x1350_z15_6000f_17.5lp_00001,31,fov1_2x_y1700x1350_z5_6000f_15.5lp_00002,21
FAR,Vglut2/0728,0.597103174489535,69.6200055334369,20,fov1_1.7x_y1650x1320_z40_3000f_17lp_00001,9,fov1_2x_y1700x1350_z15_6000f_16lp_00001,7
NEAR,Vglut2/0728,0.597020889217722,2.31946273740485,5,fov1_1.7x_y1650x1320_z30_3000f_15lp_00001,4,fov1_2x_y1700x1350_z25_3000f_16lp_00001,4
FAR,Vglut2/0224/pFN,0.596884044799009,120.869477488056,2.1875,pFN_roi2_z5_25x_512x512_3x_6000f_00001,7,pFN_roi2_z5_512x512_6x_6000f_00001,3
FAR,Sert/0721,0.596811367167594,81.1607115975401,0.9375,ro1_2x_x1018y1130_z10_20lp_6000f_00001,18,ro3_4x_x700y-1233_z-10_24.5lp_6000f_00001,19
FAR,Sert/0721,0.596631652706781,52.4110963671173,11.875,ro1_2x_x1018y1130_z25_26lp_6000f_00001,15,ro3_2.5x_x450y1500_z-15_28.5lp_6000f_00003,14
FAR,Sert/0721,0.596605396816818,119.663954722228,11.25,ro6_1.6x_x1200y-700_z0_26lp_6000f_00001,9,ro7_1.6x_x1000y-1000_z0_26lp_6000f_00001,6
FAR,Vgat/0730,0.596560107531168,25.0781972895061,39.999,roi2_2x_x1050y2250_z120_2000f_14lp_00001,41,roi2_2x_x1050y2250_z160_2000f_16lp_00001,41
FAR,Vglut2/0728,0.596502797522139,107.62465910394,5,fov1_2x_y1700x1350_z15_6000f_16lp_00001,15,fov1_2x_y1700x1350_z25_3000f_16lp_00001,20
FAR,Vglut2/0728,0.596489740380868,138.044614309057,5,fov1_2x_y1700x1350_z15_6000f_17.5lp_00001,14,fov1_2x_y1700x1350_z5_6000f_15.5lp_00002,22
FAR,Sert/0721,0.596461049383273,44.8087706969525,10,ro1_2x_x1018y1130_z15_20lp_6000f_00001,29,ro1_2x_x1018y1130_z25_26lp_6000f_00001,4
FAR,Vgat/0730,0.596260790397569,126.634823184002,28.125,roi1_3x_x1050y1000_z100_3000f_17lp_00001,2,roi1_3x_x950y1000_z70_6000f_15lp_00001,26
FAR,Vgat/0730,0.5961695647139,38.2432434519763,33.125,roi2_1.6x_x1050y2250_z50_2000f_10.5lp_00001,5,roi2_2.2x_x1050y2250_z80_2000f_11.5lp_00001,10
FAR,Vglut2/0728,0.596168684436729,140.678268136777,5,fov1_2x_y1700x1350_z0_6000f_15.5lp_00001,14,fov1_2x_y1700x1350_z5_6000f_15.5lp_00001,8
FAR,Vglut2/0728,0.596156049157085,122.750534670182,5.3125,fov1_2x_y1700x1350_z15_6000f_16lp_00001,19,fov1_2x_y1700x1350_z15_6000f_17.5lp_00001,30
FAR,Vgat/0730,0.596095680532844,61.4942118192606,19.376,roi2_2.2x_x1050y2250_z100_2000f_12lp_00001,43,roi2_2x_x1050y2250_z120_2000f_14lp_00001,30
FAR,Vgat/0730,0.596080015977079,102.159030368907,15,roi2_1.6x_x1050y2250_z50_2000f_10.5lp_00001,5,roi2_1.6x_x1050y2250_z63_2000f_11.5lp_00001,17
FAR,Vglut2/0728,0.596077876245604,124.986647479613,20.3125,fov1_1.7x_y1650x1320_z35_3000f_15lp_00001,43,fov1_2x_y1700x1350_z15_6000f_17.5lp_00001,14
FAR,Sert/0721,0.596075022521745,148.093384814045,11.875,ro5_1.6x_x1200y-400_z0_26lp_6000f_00001,30,ro6_1.6x_x1200y-700_z0_26lp_6000f_00001,22
FAR,Sert/0721,0.596056728350654,131.439878490151,5,ro1_2x_x1018y1130_z10_20lp_6000f_00001,41,ro1_2x_x1018y1130_z15_20lp_6000f_00001,33
NEAR,Vglut2/0728,0.596025793179823,1.1944509690179,5,fov1_1.7x_y1650x1320_z30_3000f_15lp_00001,41,fov1_2x_y1700x1350_z25_3000f_16lp_00001,39
FAR,Vglut2/0728,0.596021712946093,136.749997196598,35.3125,fov1_1.7x_y1650x1320_z35_3000f_15lp_00001,21,fov1_2x_y1700x1350_z0_6000f_15.5lp_00001,18
FAR,Vglut2/0224/pFN,0.596011253592565,49.3982640905366,0.9375,pFN_roi1_z0_512x512_6x_2000f_00001,6,pFN_roi2_z5_25x_512x512_3x_6000f_00001,1
FAR,Vgat/0730,0.595952011876011,120.454535451869,39.999,roi2_2x_x1050y2250_z120_2000f_14lp_00001,16,roi2_2x_x1050y2250_z160_2000f_16lp_00001,6
FAR,Sert/0721,0.595899043857215,92.6706532503297,5,ro1_2x_x1018y1130_z10_20lp_6000f_00001,18,ro1_2x_x1018y1130_z15_20lp_6000f_00001,10
FAR,Vgat/0730,0.595637118048677,128.120470709341,38.75,roi2_1.5x_x1050y2250_z35_2000f_8lp_00001,7,roi2_2.2x_x1050y2250_z80_2000f_11.5lp_00001,5
FAR,Vglut2/0728,0.595562719339549,68.2271076113263,20.3125,fov1_1.7x_y1650x1320_z30_3000f_15lp_00001,4,fov1_2x_y1700x1350_z5_6000f_15.5lp_00002,8
FAR,Sert/0721,0.59554112491501,82.1605552688555,1.5625,ro7_1.6x_x1000y-1000_z0_26lp_6000f_00001,42,roi7_1.8x_x-1000-1000_z0_16lp_3000f_00001,22
FAR,Vglut2/1124,0.595463308080041,86.4422492558256,20,roi3_-1000-300-40_32lp_930_x1.4_256x512_3000f_00001,31,roi3_-1000-300-60_38lp_930_x1.4_256x512_3000f_00001,25
NEAR,Vglut2/0728,0.595417188668823,1.54717715078668,5,fov1_1.7x_y1650x1320_z30_3000f_15lp_00001,10,fov1_1.7x_y1650x1320_z35_3000f_15lp_00001,12
FAR,Sert/0721,0.595302315546175,71.7441947337159,11.875,ro5_1.6x_x1200y-400_z0_26lp_6000f_00001,15,ro6_1.6x_x1200y-700_z0_26lp_6000f_00001,18
FAR,Sert/0721,0.595278307991896,106.321156671158,1.5625,ro7_1.6x_x1000y-1000_z0_26lp_6000f_00001,6,roi7_1.8x_x-1000-1000_z0_16lp_3000f_00001,2
FAR,Vglut2/0728,0.595266937352758,97.4130291982201,15.3125,fov1_1.7x_y1650x1320_z30_3000f_15lp_00001,8,fov1_2x_y1700x1350_z15_6000f_17.5lp_00001,9
FAR,Sert/0721,0.59525443297745,142.059435588744,5.9375,ro1_2x_x1018y1130_z15_20lp_6000f_00001,25,ro3_4x_x700y-1233_z-10_24.5lp_6000f_00001,6
FAR,Vgat/0730,0.595173329952388,89.736187139247,40.6255,roi2_2.2x_x1050y2250_z80_2000f_11.5lp_00001,64,roi2_2x_x1050y2250_z120_2000f_14lp_00001,42
FAR,Vglut2/0728,0.595055769583824,67.3752298946921,10,fov1_1.7x_y1650x1320_z30_3000f_15lp_00001,8,fov1_1.7x_y1650x1320_z40_3000f_17lp_00001,10
FAR,Sert/0721,0.594880565099939,107.298608056385,5,ro1_2x_x1018y1130_z10_20lp_6000f_00001,34,ro1_2x_x1018y1130_z15_20lp_6000f_00001,49
FAR,Vglut2/0728,0.594831107901566,123.58305931077,10.3125,fov1_2x_y1700x1350_z15_6000f_16lp_00001,5,fov1_2x_y1700x1350_z5_6000f_15.5lp_00002,12
FAR,Vgat/0730,0.594632521797679,91.7655558306576,39.3745,roi2_1.6x_x1050y2250_z63_2000f_11.5lp_00001,47,roi2_2.2x_x1050y2250_z100_2000f_12lp_00001,19
FAR,Vgat/0730,0.594359303018889,77.6380072054565,19.376,roi2_2.2x_x1050y2250_z100_2000f_12lp_00001,17,roi2_2x_x1050y2250_z120_2000f_14lp_00001,6
FAR,Vglut2/0728,0.594214886368055,139.671063175341,20.3125,fov1_2x_y1700x1350_z0_6000f_15.5lp_00001,18,fov1_2x_y1700x1350_z15_6000f_16lp_00001,19
NEAR,Vgat/0730,0.594150051506512,2.89323554877293,15,roi2_1.6x_x1050y2250_z50_2000f_10.5lp_00001,24,roi2_1.6x_x1050y2250_z63_2000f_11.5lp_00001,56
FAR,Vglut2/0728,0.593990654352968,45.38734510974,30.3125,fov1_1.7x_y1650x1320_z35_3000f_15lp_00001,43,fov1_2x_y1700x1350_z5_6000f_15.5lp_00001,16
FAR,Vgat/0730,0.593948515801615,123.38556614439,38.75,roi2_1.5x_x1050y2250_z35_2000f_8lp_00001,6,roi2_2.2x_x1050y2250_z80_2000f_11.5lp_00001,19
FAR,Vglut2/0728,0.593888404856607,136.8692437186,15,fov1_1.7x_y1650x1320_z35_3000f_15lp_00001,25,fov1_2x_y1700x1350_z15_6000f_16lp_00001,14
FAR,Vglut2/0728,0.593847404746202,58.3886872374528,6.5625,fov1_1.7x_y1650x1320_z35_3000f_15lp_00001,34,fov1_2.1x_y1350x1310_z30_3000f_13lp_00001,22
FAR,Vgat/0730,0.593814237163488,133.773059525477,19.0625,roi1_1.6x_x1050y1000_z100_3000f_17.5lp_00001,15,roi1_2.4x_x950y1000_z85_6000f_14.5lp_00001,11
FAR,Vgat/0730,0.593675063562892,146.520998217081,29.375,roi1_1.6x_x1050y1000_z100_3000f_17.5lp_00001,30,roi1_3x_x950y1000_z70_6000f_15lp_00001,25
FAR,Vglut2/1124,0.593549600422691,76.4494088952947,20,roi3_-1000-300-40_32lp_930_x1.4_256x512_3000f_00001,67,roi3_-1000-300-60_38lp_930_x1.4_256x512_3000f_00001,114
FAR,Vglut2/1124,0.593505761726054,61.5754385654214,20,roi3_-1000-300-40_32lp_930_x1.4_256x512_3000f_00001,50,roi3_-1000-300-60_38lp_930_x1.4_256x512_3000f_00001,76
FAR,Sert/0721,0.593464980675003,145.732683817061,11.875,ro5_1.6x_x1200y-400_z0_26lp_6000f_00001,12,ro6_1.6x_x1200y-700_z0_26lp_6000f_00001,22
FAR,Vglut2/0728,0.593420149092602,139.860689494983,20.3125,fov1_1.7x_y1650x1320_z30_3000f_15lp_00001,29,fov1_2x_y1700x1350_z5_6000f_15.5lp_00002,10
NEAR,Vglut2/0728,0.593272527196,1.55034398925711,11.5625,fov1_1.7x_y1650x1320_z40_3000f_17lp_00001,32,fov1_2.1x_y1350x1310_z30_3000f_13lp_00001,19
FAR,Vglut2/1124,0.593132046960289,90.8228797590422,20,roi3_-1000-300-40_32lp_930_x1.4_256x512_3000f_00001,34,roi3_-1000-300-60_38lp_930_x1.4_256x512_3000f_00001,30
FAR,Vglut2/1124,0.593032923002696,100.090906492581,20,roi3_-1000-300-40_32lp_930_x1.4_256x512_3000f_00001,15,roi3_-1000-300-60_38lp_930_x1.4_256x512_3000f_00001,7
FAR,Vglut2/1124,0.592894828329744,75.3901667225066,5.3125,roi5_1400-1230-0_x4.4_15lp_6000f_00001,4,roi5_1400-1300-0_18lp_930_x4_512x512_6000f_00002,12
FAR,Vglut2/1124,0.592866587662743,41.1980127070113,20,roi3_-1000-300-40_32lp_930_x1.4_256x512_3000f_00001,10,roi3_-1000-300-60_38lp_930_x1.4_256x512_3000f_00001,23
FAR,Vglut2/1124,0.592680961345856,116.545609612526,20,roi3_-1000-300-40_32lp_930_x1.4_256x512_3000f_00001,84,roi3_-1000-300-60_38lp_930_x1.4_256x512_3000f_00001,109
FAR,Sert/0721,0.592653273201963,72.3562251179724,5,ro1_2x_x1018y1130_z10_20lp_6000f_00001,13,ro1_2x_x1018y1130_z15_20lp_6000f_00001,5
FAR,Vglut2/1124,0.592645836481945,143.137767346749,20,roi3_-1000-300-40_32lp_930_x1.4_256x512_3000f_00001,59,roi3_-1000-300-60_38lp_930_x1.4_256x512_3000f_00001,110
FAR,Sert/0721,0.592568203647559,148.739608892395,11.875,ro5_1.6x_x1200y-400_z0_26lp_6000f_00001,15,ro6_1.6x_x1200y-700_z0_26lp_6000f_00001,31
FAR,Sert/0721,0.592470073871025,141.850758165162,11.875,ro5_1.6x_x1200y-400_z0_26lp_6000f_00001,19,ro6_1.6x_x1200y-700_z0_26lp_6000f_00001,22
FAR,Sert/0721,0.592215847251192,145.45237221371,5,ro1_2x_x1018y1130_z10_20lp_6000f_00001,31,ro1_2x_x1018y1130_z15_20lp_6000f_00001,13
FAR,Vglut2/0728,0.592152682212829,57.4610121174657,3.4375,fov1_2.1x_y1350x1310_z30_3000f_13lp_00001,10,fov1_2x_y1700x1350_z25_3000f_16lp_00001,13
FAR,Vglut2/0728,0.592128621642527,144.62888360422,15.3125,fov1_2x_y1700x1350_z15_6000f_16lp_00001,16,fov1_2x_y1700x1350_z5_6000f_15.5lp_00001,4
FAR,Vglut2/0728,0.592054582359165,149.794241067042,10,fov1_1.7x_y1650x1320_z30_3000f_15lp_00001,3,fov1_1.7x_y1650x1320_z40_3000f_17lp_00001,3
FAR,Vgat/0730,0.592053616438728,106.311012202823,40.3125,roi1_3x_x950y1200_z40_6000f_14lp_00001,8,roi1_2.4x_x950y1000_z85_6000f_14.5lp_00001,34
FAR,Sert/0721,0.591860229223285,126.414996499837,11.875,ro5_1.6x_x1200y-400_z0_26lp_6000f_00001,75,ro6_1.6x_x1200y-700_z0_26lp_6000f_00001,39
FAR,Vglut2/0728,0.59181291163673,92.9324176418965,5,fov1_2x_y1700x1350_z15_6000f_16lp_00001,20,fov1_2x_y1700x1350_z25_3000f_16lp_00001,7
FAR,Vglut2/0728,0.591455844168635,141.304442171378,23.75,fov1_2.1x_y1350x1310_z30_3000f_13lp_00001,24,fov1_2x_y1700x1350_z5_6000f_15.5lp_00001,10
FAR,Vglut2/0728,0.591353190301466,133.736757472503,10,fov1_1.7x_y1650x1320_z35_3000f_15lp_00001,47,fov1_2x_y1700x1350_z25_3000f_16lp_00001,30
FAR,Vglut2/0728,0.591182300550882,140.308669621638,10,fov1_1.7x_y1650x1320_z35_3000f_15lp_00001,33,fov1_2x_y1700x1350_z25_3000f_16lp_00001,8
FAR,Vglut2/1124,0.591125245985855,20.950934614863,20,roi3_-1000-300-40_32lp_930_x1.4_256x512_3000f_00001,28,roi3_-1000-300-60_38lp_930_x1.4_256x512_3000f_00001,31
FAR,Vgat/0730,0.591119303954212,105.185645052431,39.3745,roi2_1.6x_x1050y2250_z63_2000f_11.5lp_00001,57,roi2_2.2x_x1050y2250_z100_2000f_12lp_00001,12
FAR,Sert/0721,0.591059932494844,99.3501863152309,11.875,ro5_1.6x_x1200y-400_z0_26lp_6000f_00001,68,ro6_1.6x_x1200y-700_z0_26lp_6000f_00001,31
FAR,Vglut2/0728,0.590982118980146,110.932354413161,10.3125,fov1_2x_y1700x1350_z15_6000f_17.5lp_00001,11,fov1_2x_y1700x1350_z25_3000f_16lp_00001,3
FAR,Sert/0721,0.590922843475207,85.4626830299942,0.9375,ro1_2x_x1018y1130_z10_20lp_6000f_00001,9,ro3_4x_x700y-1233_z-10_24.5lp_6000f_00001,8
FAR,Vglut2/0728,0.590877573864084,52.4138885772989,6.5625,fov1_1.7x_y1650x1320_z35_3000f_15lp_00001,35,fov1_2.1x_y1350x1310_z30_3000f_13lp_00001,18
FAR,Vgat/0730,0.590699813979847,89.5950299875929,19.0625,roi1_1.6x_x1050y1000_z100_3000f_17.5lp_00001,73,roi1_2.4x_x950y1000_z85_6000f_14.5lp_00001,34
FAR,Vgat/0730,0.590578375019609,95.4348731190309,21.2495,roi2_2.2x_x1050y2250_z100_2000f_12lp_00001,27,roi2_2.2x_x1050y2250_z80_2000f_11.5lp_00001,34
NEAR,Vglut2/0728,0.590524062649897,1.03320691498163,10,fov1_2x_y1700x1350_z15_6000f_17.5lp_00001,8,fov1_2x_y1700x1350_z5_6000f_15.5lp_00001,5
NEAR,Sert/0721,0.590455825193544,4.76834724846139,5,ro1_2x_x1018y1130_z10_20lp_6000f_00001,28,ro1_2x_x1018y1130_z15_20lp_6000f_00001,25
FAR,Vglut2/0728,0.590415448607973,79.5490816898105,15.3125,fov1_2x_y1700x1350_z25_3000f_16lp_00001,32,fov1_2x_y1700x1350_z5_6000f_15.5lp_00002,14
FAR,Vglut2/0728,0.590280833135035,77.1726745753643,10,fov1_2x_y1700x1350_z0_6000f_15.5lp_00001,6,fov1_2x_y1700x1350_z5_6000f_15.5lp_00002,17
FAR,Vglut2/0728,0.590266465085283,141.117323014712,20.3125,fov1_2x_y1700x1350_z25_3000f_16lp_00001,32,fov1_2x_y1700x1350_z5_6000f_15.5lp_00001,10
FAR,Vgat/0730,0.590149941157895,100.944323688985,39.999,roi2_2x_x1050y2250_z120_2000f_14lp_00001,16,roi2_2x_x1050y2250_z160_2000f_16lp_00001,3
FAR,Sert/0721,0.590116998231309,114.881836334445,15,ro1_2x_x1018y1130_z10_20lp_6000f_00001,22,ro1_2x_x1018y1130_z25_26lp_6000f_00001,2
FAR,Vgat/0730,0.590113415024076,112.265631908768,18.125,roi2_1.6x_x1050y2250_z63_2000f_11.5lp_00001,10,roi2_2.2x_x1050y2250_z80_2000f_11.5lp_00001,19
FAR,Vglut2/0728,0.590088725924417,72.6787587464338,15.3125,fov1_2x_y1700x1350_z15_6000f_16lp_00001,29,fov1_2x_y1700x1350_z5_6000f_15.5lp_00001,12
FAR,Vgat/0730,0.590057334953021,106.301760117313,39.3745,roi2_1.6x_x1050y2250_z63_2000f_11.5lp_00001,36,roi2_2.2x_x1050y2250_z100_2000f_12lp_00001,12
FAR,Vgat/0730,0.589966300927166,131.058408153317,48.75,roi1_1.4x_x1100y1050_z6_5000f_13lp_00001,10,roi1_3x_x950y1200_z40_6000f_14lp_00001,8
FAR,Vglut2/0728,0.589940976907873,74.9472036077761,3.4375,fov1_2.1x_y1350x1310_z30_3000f_13lp_00001,11,fov1_2x_y1700x1350_z25_3000f_16lp_00001,30
FAR,Vglut2/0728,0.589907493583458,132.82282944263,40.3125,fov1_1.7x_y1650x1320_z40_3000f_17lp_00001,54,fov1_2x_y1700x1350_z0_6000f_15.5lp_00001,8
FAR,Vglut2/1124,0.589865876644734,69.0819696102799,20,roi3_-1000-300-40_32lp_930_x1.4_256x512_3000f_00001,84,roi3_-1000-300-60_38lp_930_x1.4_256x512_3000f_00001,108
FAR,Sert/0721,0.589819240300005,81.3173990811723,10,ro1_2x_x1018y1130_z15_20lp_6000f_00001,48,ro1_2x_x1018y1130_z25_26lp_6000f_00001,5
FAR,Vglut2/0224/pFN,0.58980563474253,36.3416072635278,0.9375,pFN_roi1_z0_512x512_6x_2000f_00001,2,pFN_roi2_z5_25x_512x512_3x_6000f_00001,4
FAR,Vglut2/0728,0.589609720083559,142.268905697091,30.3125,fov1_1.7x_y1650x1320_z30_3000f_15lp_00001,33,fov1_2x_y1700x1350_z0_6000f_15.5lp_00001,6
FAR,Vglut2/0728,0.589580047537796,135.401090354622,5,fov1_2x_y1700x1350_z15_6000f_16lp_00001,40,fov1_2x_y1700x1350_z25_3000f_16lp_00001,15
FAR,Vgat/0730,0.589510677768069,81.779581880341,40.6255,roi2_2.2x_x1050y2250_z80_2000f_11.5lp_00001,3,roi2_2x_x1050y2250_z120_2000f_14lp_00001,2
FAR,Vglut2/0728,0.589341405668663,73.9451075227601,3.4375,fov1_2.1x_y1350x1310_z30_3000f_13lp_00001,3,fov1_2x_y1700x1350_z25_3000f_16lp_00001,3
FAR,Vglut2/0728,0.589172443941489,40.9180762495243,10,fov1_1.7x_y1650x1320_z35_3000f_15lp_00001,39,fov1_2x_y1700x1350_z25_3000f_16lp_00001,30
FAR,Vglut2/0728,0.588873680820766,34.5093088402667,5,fov1_1.7x_y1650x1320_z35_3000f_15lp_00001,33,fov1_1.7x_y1650x1320_z40_3000f_17lp_00001,36
NEAR,Vgat/0730,0.588802757719942,4.04896243173193,1.25,roi1_1.6x_x1050y1000_z100_3000f_17.5lp_00001,49,roi1_3x_x1050y1000_z100_3000f_17lp_00001,7
FAR,Sert/0721,0.588773272598861,140.074585295961,5,ro1_2x_x1018y1130_z10_20lp_6000f_00001,13,ro1_2x_x1018y1130_z15_20lp_6000f_00001,22
FAR,Vglut2/0728,0.588605689603818,131.004857545955,30.3125,fov1_1.7x_y1650x1320_z30_3000f_15lp_00001,15,fov1_2x_y1700x1350_z0_6000f_15.5lp_00001,8
FAR,Vglut2/0728,0.588336598948902,51.6141226764648,5,fov1_1.7x_y1650x1320_z35_3000f_15lp_00001,23,fov1_1.7x_y1650x1320_z40_3000f_17lp_00001,25
FAR,Sert/0721,0.588262586819561,5.22479686427753,11.875,ro5_1.6x_x1200y-400_z0_26lp_6000f_00001,15,ro6_1.6x_x1200y-700_z0_26lp_6000f_00001,19
FAR,Vglut2/0728,0.588075382593936,138.337114172925,5,fov1_2x_y1700x1350_z15_6000f_16lp_00001,19,fov1_2x_y1700x1350_z25_3000f_16lp_00001,42
FAR,Vgat/0730,0.588038978456619,61.9902478207122,14.0625,roi1_1.4x_x1100y1050_z6_5000f_13lp_00001,4,roi1_3x_x1100y950_z8_3000f_11.5lp_00001,8
FAR,Vglut2/0728,0.588032527500555,64.7916923344122,20.3125,fov1_2x_y1700x1350_z0_6000f_15.5lp_00001,11,fov1_2x_y1700x1350_z15_6000f_16lp_00001,41
FAR,Vgat/0730,0.587997678038084,135.058207165319,21.2495,roi2_2.2x_x1050y2250_z100_2000f_12lp_00001,12,roi2_2.2x_x1050y2250_z80_2000f_11.5lp_00001,55
FAR,Vgat/0730,0.587959528343124,57.514999842717,20.001,roi1_2.4x_x1300y900_z250_3000f_30lp_00001,3,roi1_3x_x1350y850_z265_3000f_31lp_00001,4
FAR,Sert/0721,0.587889404205929,66.7890247274673,9.6875,ro6_1.6x_x1200y-700_z0_26lp_6000f_00001,9,roi7_1.8x_x-1000-1000_z0_16lp_3000f_00001,7
FAR,Vglut2/0728,0.587730307206015,123.116374077247,5,fov1_2x_y1700x1350_z15_6000f_17.5lp_00001,15,fov1_2x_y1700x1350_z5_6000f_15.5lp_00002,4
FAR,Vglut2/0728,0.587711313795089,141.832293730419,28.75,fov1_2.1x_y1350x1310_z30_3000f_13lp_00001,22,fov1_2x_y1700x1350_z0_6000f_15.5lp_00001,6
FAR,Vglut2/0728,0.587385214300918,96.5859278076463,5,fov1_2x_y1700x1350_z15_6000f_16lp_00001,15,fov1_2x_y1700x1350_z25_3000f_16lp_00001,7
FAR,Sert/0721,0.587382840640463,149.608713090174,15.9375,ro1_2x_x1018y1130_z25_26lp_6000f_00001,6,ro3_4x_x700y-1233_z-10_24.5lp_6000f_00001,16
FAR,Vgat/0730,0.587374879676726,39.4454464438488,33.125,roi2_1.6x_x1050y2250_z50_2000f_10.5lp_00001,27,roi2_2.2x_x1050y2250_z80_2000f_11.5lp_00001,64
FAR,Vgat/0730,0.587244185323962,80.497343115462,8.125,roi1_1.4x_x1100y1050_z6_5000f_13lp_00001,14,roi1_1.2x_x1100y1050_z0_5000f_14lp_00001,13
FAR,Vglut2/0728,0.58715552553242,34.3040748326355,25.3125,fov1_2x_y1700x1350_z0_6000f_15.5lp_00001,11,fov1_2x_y1700x1350_z25_3000f_16lp_00001,38
FAR,Vglut2/0224/pFN,0.587131478353994,95.9687565742742,2.1875,pFN_roi2_z5_25x_512x512_3x_6000f_00001,22,pFN_roi2_z5_512x512_6x_6000f_00001,6
FAR,Vgat/0730,0.586800269043132,134.208115760753,40.6255,roi2_2.2x_x1050y2250_z80_2000f_11.5lp_00001,44,roi2_2x_x1050y2250_z120_2000f_14lp_00001,47
FAR,Vglut2/0728,0.586800154721998,127.904624780163,5.3125,fov1_2x_y1700x1350_z15_6000f_16lp_00001,30,fov1_2x_y1700x1350_z15_6000f_17.5lp_00001,24
FAR,Sert/0721,0.586773636015544,66.2424271470551,3.125,ro1_2x_x1018y1130_z10_20lp_6000f_00001,41,ro3_2.5x_x450y1500_z-15_28.5lp_6000f_00003,4
FAR,Vglut2/0728,0.586709650606782,74.8994778308197,11.5625,fov1_1.7x_y1650x1320_z40_3000f_17lp_00001,6,fov1_2.1x_y1350x1310_z30_3000f_13lp_00001,3
FAR,Vglut2/0728,0.586686553247773,142.348287811889,25.3125,fov1_2x_y1700x1350_z0_6000f_15.5lp_00001,9,fov1_2x_y1700x1350_z25_3000f_16lp_00001,34
FAR,Vglut2/0728,0.586635889955885,109.164588944161,8.4375,fov1_2.1x_y1350x1310_z30_3000f_13lp_00001,17,fov1_2x_y1700x1350_z15_6000f_16lp_00001,21
FAR,Vglut2/0728,0.586624677347015,142.357858916486,20.3125,fov1_2x_y1700x1350_z0_6000f_15.5lp_00001,16,fov1_2x_y1700x1350_z15_6000f_16lp_00001,37
FAR,Vglut2/1124,0.586605358885044,68.2768433792463,5.3125,roi5_1400-1230-0_x4.4_15lp_6000f_00001,17,roi5_1400-1300-0_18lp_930_x4_512x512_6000f_00002,19
FAR,Sert/0721,0.586475590732382,110.036277493653,11.875,ro1_2x_x1018y1130_z25_26lp_6000f_00001,1,ro3_2.5x_x450y1500_z-15_28.5lp_6000f_00003,4
FAR,Sert/0721,0.586286136782381,142.651662430901,10,ro1_2x_x1018y1130_z15_20lp_6000f_00001,22,ro1_2x_x1018y1130_z25_26lp_6000f_00001,12
FAR,Vglut2/0728,0.586271938254142,98.4260537991779,10,fov1_2x_y1700x1350_z15_6000f_17.5lp_00001,9,fov1_2x_y1700x1350_z5_6000f_15.5lp_00001,12
FAR,Vglut2/0728,0.586224516849092,129.691466862642,3.4375,fov1_2.1x_y1350x1310_z30_3000f_13lp_00001,7,fov1_2x_y1700x1350_z25_3000f_16lp_00001,5
FAR,Vglut2/0728,0.586190132189051,55.9776158122186,15.3125,fov1_1.7x_y1650x1320_z30_3000f_15lp_00001,24,fov1_2x_y1700x1350_z15_6000f_17.5lp_00001,5
FAR,Vglut2/0728,0.586170286772107,83.7926337569138,15,fov1_1.7x_y1650x1320_z40_3000f_17lp_00001,44,fov1_2x_y1700x1350_z25_3000f_16lp_00001,39
FAR,Vglut2/0728,0.586139313821175,73.2762098104766,15.3125,fov1_1.7x_y1650x1320_z30_3000f_15lp_00001,7,fov1_2x_y1700x1350_z15_6000f_17.5lp_00001,1
FAR,Vglut2/0728,0.58604378983755,135.063013519656,5,fov1_1.7x_y1650x1320_z30_3000f_15lp_00001,46,fov1_2x_y1700x1350_z25_3000f_16lp_00001,42
FAR,Vglut2/1124,0.586020415619551,115.213783765203,20,roi3_-1000-300-40_32lp_930_x1.4_256x512_3000f_00001,86,roi3_-1000-300-60_38lp_930_x1.4_256x512_3000f_00001,110
FAR,Sert/0721,0.585978114640627,92.6332499678533,0.9375,ro1_2x_x1018y1130_z10_20lp_6000f_00001,18,ro3_4x_x700y-1233_z-10_24.5lp_6000f_00001,5
FAR,Sert/0721,0.585932546303463,118.941531449582,10,ro1_2x_x1018y1130_z15_20lp_6000f_00001,49,ro1_2x_x1018y1130_z25_26lp_6000f_00001,19
FAR,Vglut2/0728,0.585874493189245,67.9550365189976,20.3125,fov1_2x_y1700x1350_z25_3000f_16lp_00001,13,fov1_2x_y1700x1350_z5_6000f_15.5lp_00001,8
FAR,Vgat/0730,0.585870942299778,22.279035774809,15,roi2_1.6x_x1050y2250_z50_2000f_10.5lp_00001,14,roi2_1.6x_x1050y2250_z63_2000f_11.5lp_00001,47
FAR,Vglut2/0728,0.585851384445947,75.3402214762166,13.75,fov1_2.1x_y1350x1310_z30_3000f_13lp_00001,3,fov1_2x_y1700x1350_z15_6000f_17.5lp_00001,9
FAR,Vglut2/0728,0.585742884139466,140.476750888022,23.75,fov1_2.1x_y1350x1310_z30_3000f_13lp_00001,24,fov1_2x_y1700x1350_z5_6000f_15.5lp_00001,14
FAR,Sert/0721,0.585655162626083,62.8291011485065,1.875,ro1_2x_x1018y1130_z15_20lp_6000f_00001,41,ro3_2.5x_x450y1500_z-15_28.5lp_6000f_00003,14
FAR,Vglut2/1124,0.58554771290494,86.6358097816727,20,roi3_-1000-300-40_32lp_930_x1.4_256x512_3000f_00001,31,roi3_-1000-300-60_38lp_930_x1.4_256x512_3000f_00001,50
FAR,Vgat/0730,0.585432265761824,35.2509751044381,33.125,roi2_1.6x_x1050y2250_z50_2000f_10.5lp_00001,14,roi2_2.2x_x1050y2250_z80_2000f_11.5lp_00001,27
FAR,Sert/0721,0.58540923817058,47.4240974321007,5.9375,ro1_2x_x1018y1130_z15_20lp_6000f_00001,13,ro3_4x_x700y-1233_z-10_24.5lp_6000f_00001,14
FAR,Vgat/0730,0.585366122699776,39.4144228871134,21.2495,roi2_2.2x_x1050y2250_z100_2000f_12lp_00001,22,roi2_2.2x_x1050y2250_z80_2000f_11.5lp_00001,34
FAR,Sert/0721,0.585204189864412,135.369614921872,1.875,ro1_2x_x1018y1130_z15_20lp_6000f_00001,19,ro3_2.5x_x450y1500_z-15_28.5lp_6000f_00003,4
NEAR,Vglut2/0728,0.585125552848428,1.81803080416466,15,fov1_2x_y1700x1350_z0_6000f_15.5lp_00001,9,fov1_2x_y1700x1350_z15_6000f_17.5lp_00001,25
FAR,Sert/0721,0.585078511192525,21.8320061651596,11.875,ro5_1.6x_x1200y-400_z0_26lp_6000f_00001,15,ro6_1.6x_x1200y-700_z0_26lp_6000f_00001,20
FAR,Sert/0721,0.584910612830646,94.6322643930361,0.9375,ro1_2x_x1018y1130_z10_20lp_6000f_00001,31,ro3_4x_x700y-1233_z-10_24.5lp_6000f_00001,16
FAR,Vgat/0730,0.584786651572267,149.904034062811,38.75,roi2_1.5x_x1050y2250_z35_2000f_8lp_00001,16,roi2_2.2x_x1050y2250_z80_2000f_11.5lp_00001,27
FAR,Vglut2/0728,0.584608350153169,72.2388577121022,1.5625,fov1_1.7x_y1650x1320_z30_3000f_15lp_00001,7,fov1_2.1x_y1350x1310_z30_3000f_13lp_00001,7
NEAR,Vglut2/0728,0.584568998427335,1.78287552215432,6.5625,fov1_1.7x_y1650x1320_z35_3000f_15lp_00001,12,fov1_2.1x_y1350x1310_z30_3000f_13lp_00001,5
FAR,Vglut2/0728,0.584565343759011,93.6456196567478,5,fov1_2x_y1700x1350_z15_6000f_16lp_00001,7,fov1_2x_y1700x1350_z25_3000f_16lp_00001,20
FAR,Vglut2/0224/pFN,0.584470808374244,66.3887996495413,0.9375,pFN_roi1_z0_512x512_6x_2000f_00001,6,pFN_roi2_z5_25x_512x512_3x_6000f_00001,14
FAR,Vglut2/0728,0.584454378798045,7.139537950326,15,fov1_1.7x_y1650x1320_z35_3000f_15lp_00001,9,fov1_2x_y1700x1350_z15_6000f_16lp_00001,8
FAR,Vglut2/0728,0.584443912581591,146.844897208199,5.3125,fov1_2x_y1700x1350_z15_6000f_16lp_00001,40,fov1_2x_y1700x1350_z15_6000f_17.5lp_00001,28
NEAR,Vgat/0730,0.584421706356787,3.3588782901677,2.1875,roi1_1.4x_x1100y1050_z6_5000f_13lp_00001,3,roi1_3.2x_x1100y1050_z6_6000f_12lp_00001,3
FAR,Vglut2/1124,0.584289997912858,41.3114221794585,20,roi3_-1000-300-40_32lp_930_x1.4_256x512_3000f_00001,56,roi3_-1000-300-60_38lp_930_x1.4_256x512_3000f_00001,85
FAR,Vglut2/0224/pFN,0.584252955923138,125.474317955141,2.1875,pFN_roi2_z5_25x_512x512_3x_6000f_00001,22,pFN_roi2_z5_512x512_6x_6000f_00001,10
FAR,Vgat/0730,0.58414624973103,147.142557006349,15,roi2_1.6x_x1050y2250_z50_2000f_10.5lp_00001,3,roi2_1.6x_x1050y2250_z63_2000f_11.5lp_00001,31
FAR,Vgat/0730,0.584142094139992,99.8875257956951,15,roi2_1.6x_x1050y2250_z50_2000f_10.5lp_00001,24,roi2_1.6x_x1050y2250_z63_2000f_11.5lp_00001,51
FAR,Vgat/0730,0.584117047733283,56.9394549152362,20.625,roi2_1.5x_x1050y2250_z35_2000f_8lp_00001,26,roi2_1.6x_x1050y2250_z63_2000f_11.5lp_00001,55
FAR,Vglut2/1124,0.584054066667669,97.2464727350685,20,roi3_-1000-300-40_32lp_930_x1.4_256x512_3000f_00001,37,roi3_-1000-300-60_38lp_930_x1.4_256x512_3000f_00001,42
FAR,Vglut2/0728,0.584009158653966,114.260648464308,10,fov1_1.7x_y1650x1320_z30_3000f_15lp_00001,7,fov1_1.7x_y1650x1320_z40_3000f_17lp_00001,25
FAR,Sert/0721,0.583836087820341,92.7668465954872,0.9375,ro1_2x_x1018y1130_z10_20lp_6000f_00001,9,ro3_4x_x700y-1233_z-10_24.5lp_6000f_00001,14
FAR,Vglut2/0728,0.583714268498084,119.334533778181,13.75,fov1_2.1x_y1350x1310_z30_3000f_13lp_00001,10,fov1_2x_y1700x1350_z15_6000f_17.5lp_00001,15
FAR,Vgat/0730,0.583448679828288,90.8346176238722,15,roi2_1.6x_x1050y2250_z50_2000f_10.5lp_00001,2,roi2_1.6x_x1050y2250_z63_2000f_11.5lp_00001,7
FAR,Vglut2/1124,0.583293687497944,104.541992325973,20,roi3_-1000-300-40_32lp_930_x1.4_256x512_3000f_00001,18,roi3_-1000-300-60_38lp_930_x1.4_256x512_3000f_00001,6
FAR,Vgat/0730,0.583191207711021,78.9870317562903,19.376,roi2_2.2x_x1050y2250_z100_2000f_12lp_00001,22,roi2_2x_x1050y2250_z120_2000f_14lp_00001,25
FAR,Vgat/0730,0.583171246921158,74.5305780644847,19.376,roi2_2.2x_x1050y2250_z100_2000f_12lp_00001,30,roi2_2x_x1050y2250_z120_2000f_14lp_00001,40
FAR,Vglut2/0728,0.58297439726019,45.5201247948936,25.3125,fov1_1.7x_y1650x1320_z30_3000f_15lp_00001,43,fov1_2x_y1700x1350_z5_6000f_15.5lp_00001,17
FAR,Vgat/0730,0.582931561427274,135.422282191632,21.2495,roi2_2.2x_x1050y2250_z100_2000f_12lp_00001,12,roi2_2.2x_x1050y2250_z80_2000f_11.5lp_00001,51
FAR,Vgat/0730,0.582857096100514,145.506011134273,39.999,roi2_2x_x1050y2250_z120_2000f_14lp_00001,30,roi2_2x_x1050y2250_z160_2000f_16lp_00001,1
FAR,Vgat/0730,0.582811969642138,134.288231035951,21.2495,roi2_2.2x_x1050y2250_z100_2000f_12lp_00001,20,roi2_2.2x_x1050y2250_z80_2000f_11.5lp_00001,61
FAR,Vglut2/0728,0.58274876667765,52.8995186675303,5,fov1_2x_y1700x1350_z15_6000f_16lp_00001,10,fov1_2x_y1700x1350_z25_3000f_16lp_00001,20
FAR,Sert/0721,0.582678536917203,135.633881799971,11.875,ro1_2x_x1018y1130_z25_26lp_6000f_00001,11,ro3_2.5x_x450y1500_z-15_28.5lp_6000f_00003,24
FAR,Sert/0721,0.582582753459347,79.1565456259359,5,ro1_2x_x1018y1130_z10_20lp_6000f_00001,30,ro1_2x_x1018y1130_z15_20lp_6000f_00001,40
FAR,Vglut2/0728,0.582473262898419,140.119223443478,15.3125,fov1_2x_y1700x1350_z25_3000f_16lp_00001,32,fov1_2x_y1700x1350_z5_6000f_15.5lp_00002,20
FAR,Vglut2/1124,0.582464260551719,112.222400182304,20,roi3_-1000-300-40_32lp_930_x1.4_256x512_3000f_00001,81,roi3_-1000-300-60_38lp_930_x1.4_256x512_3000f_00001,92
FAR,Sert/0721,0.582142026316189,33.4360171592772,0.9375,ro1_2x_x1018y1130_z10_20lp_6000f_00001,19,ro3_4x_x700y-1233_z-10_24.5lp_6000f_00001,10
FAR,Sert/0721,0.582065129668019,100.968118215438,11.875,ro5_1.6x_x1200y-400_z0_26lp_6000f_00001,61,ro6_1.6x_x1200y-700_z0_26lp_6000f_00001,44
NEAR,Vglut2/0728,0.581917166299082,1.25836800183762,5,fov1_1.7x_y1650x1320_z30_3000f_15lp_00001,39,fov1_2x_y1700x1350_z25_3000f_16lp_00001,36
FAR,Sert/0721,0.58175373786312,136.202599157483,11.875,ro5_1.6x_x1200y-400_z0_26lp_6000f_00001,39,ro6_1.6x_x1200y-700_z0_26lp_6000f_00001,44
FAR,Sert/0721,0.581559586839464,67.8891014796614,11.25,ro6_1.6x_x1200y-700_z0_26lp_6000f_00001,9,ro7_1.6x_x1000y-1000_z0_26lp_6000f_00001,7
NEAR,Vglut2/0728,0.581456085643834,1.27989159299701,13.75,fov1_2.1x_y1350x1310_z30_3000f_13lp_00001,15,fov1_2x_y1700x1350_z15_6000f_17.5lp_00001,17
FAR,Vglut2/1124,0.581333357479936,131.753767281865,20,roi3_-1000-300-40_32lp_930_x1.4_256x512_3000f_00001,69,roi3_-1000-300-60_38lp_930_x1.4_256x512_3000f_00001,87
FAR,Vgat/0730,0.581275221774796,68.5356089990228,21.2495,roi2_2.2x_x1050y2250_z100_2000f_12lp_00001,27,roi2_2.2x_x1050y2250_z80_2000f_11.5lp_00001,40
FAR,Vglut2/0728,0.580938509122759,115.302673555464,20,fov1_1.7x_y1650x1320_z40_3000f_17lp_00001,26,fov1_2x_y1700x1350_z15_6000f_16lp_00001,37
FAR,Vgat/0730,0.580925332961883,80.8881714606415,40.6255,roi2_2.2x_x1050y2250_z80_2000f_11.5lp_00001,39,roi2_2x_x1050y2250_z120_2000f_14lp_00001,35
FAR,Sert/0721,0.580898464258592,136.977677378779,1.5625,ro7_1.6x_x1000y-1000_z0_26lp_6000f_00001,22,roi7_1.8x_x-1000-1000_z0_16lp_3000f_00001,3
FAR,Sert/0721,0.580834899949859,97.8389221908327,3.125,ro1_2x_x1018y1130_z10_20lp_6000f_00001,41,ro3_2.5x_x450y1500_z-15_28.5lp_6000f_00003,10
FAR,Vgat/0730,0.580787783451901,62.3227503073399,5,roi1_2x_x1100y950_z13_6000f_13lp_00001,7,roi1_3x_x1100y950_z8_6000f_13lp_00001,5
FAR,Vglut2/0728,0.580679796823073,139.233130095904,15,fov1_1.7x_y1650x1320_z35_3000f_15lp_00001,33,fov1_2x_y1700x1350_z15_6000f_16lp_00001,8
FAR,Sert/0721,0.580642676656821,94.2819103367146,5,ro1_2x_x1018y1130_z10_20lp_6000f_00001,15,ro1_2x_x1018y1130_z15_20lp_6000f_00001,4
FAR,Vglut2/1124,0.580392909011239,142.827686216489,20,roi3_-1000-300-40_32lp_930_x1.4_256x512_3000f_00001,37,roi3_-1000-300-60_38lp_930_x1.4_256x512_3000f_00001,64
FAR,Vglut2/1124,0.580340898543051,149.02898271704,20,roi3_-1000-300-40_32lp_930_x1.4_256x512_3000f_00001,40,roi3_-1000-300-60_38lp_930_x1.4_256x512_3000f_00001,74
FAR,Vglut2/0728,0.580323872405479,121.789090925268,35.3125,fov1_1.7x_y1650x1320_z35_3000f_15lp_00001,19,fov1_2x_y1700x1350_z0_6000f_15.5lp_00001,9
FAR,Vglut2/0728,0.580284020141135,54.6117264251632,10,fov1_2x_y1700x1350_z0_6000f_15.5lp_00001,3,fov1_2x_y1700x1350_z5_6000f_15.5lp_00002,13
FAR,Sert/0721,0.580252160603277,48.5142674715858,15,ro1_2x_x1018y1130_z10_20lp_6000f_00001,31,ro1_2x_x1018y1130_z25_26lp_6000f_00001,4
FAR,Vglut2/0728,0.580096241992193,85.5544390890699,10,fov1_2x_y1700x1350_z0_6000f_15.5lp_00001,4,fov1_2x_y1700x1350_z5_6000f_15.5lp_00002,5
FAR,Sert/0721,0.579967795922883,106.582560864861,11.875,ro5_1.6x_x1200y-400_z0_26lp_6000f_00001,30,ro6_1.6x_x1200y-700_z0_26lp_6000f_00001,20
FAR,Vgat/0730,0.579926894603561,106.835094546695,19.0625,roi1_1.6x_x1050y1000_z100_3000f_17.5lp_00001,59,roi1_2.4x_x950y1000_z85_6000f_14.5lp_00001,22
FAR,Vgat/0730,0.579822564256146,100.693609839898,21.2495,roi2_2.2x_x1050y2250_z100_2000f_12lp_00001,12,roi2_2.2x_x1050y2250_z80_2000f_11.5lp_00001,24
FAR,Sert/0721,0.579729838011741,46.9732389594014,1.5625,ro7_1.6x_x1000y-1000_z0_26lp_6000f_00001,14,roi7_1.8x_x-1000-1000_z0_16lp_3000f_00001,11
FAR,Vgat/0730,0.579688101908474,64.2722676261665,1.25,roi1_1.6x_x1050y1000_z100_3000f_17.5lp_00001,58,roi1_3x_x1050y1000_z100_3000f_17lp_00001,15
NEAR,Vglut2/0728,0.579676815248005,0.972082684073829,15,fov1_1.7x_y1650x1320_z35_3000f_15lp_00001,27,fov1_2x_y1700x1350_z15_6000f_16lp_00001,22
NEAR,Vglut2/0728,0.579616907762255,1.77713418905519,11.5625,fov1_1.7x_y1650x1320_z40_3000f_17lp_00001,30,fov1_2.1x_y1350x1310_z30_3000f_13lp_00001,17
FAR,Vglut2/1124,0.579193245370946,59.3109031819039,20,roi3_-1000-300-40_32lp_930_x1.4_256x512_3000f_00001,56,roi3_-1000-300-60_38lp_930_x1.4_256x512_3000f_00001,64
FAR,Vgat/0730,0.57918716737086,81.264322980338,21.2495,roi2_2.2x_x1050y2250_z100_2000f_12lp_00001,6,roi2_2.2x_x1050y2250_z80_2000f_11.5lp_00001,25
NEAR,Vglut2/0728,0.57911263680904,3.60101219796043,15,fov1_1.7x_y1650x1320_z35_3000f_15lp_00001,29,fov1_2x_y1700x1350_z15_6000f_16lp_00001,25
FAR,Vgat/0730,0.579047254194036,74.8994921484256,30,roi1_3x_x950y1200_z40_6000f_14lp_00001,5,roi1_3x_x950y1000_z70_6000f_15lp_00001,19
FAR,Vgat/0730,0.579031140194343,140.789593497818,29.375,roi1_1.6x_x1050y1000_z100_3000f_17.5lp_00001,75,roi1_3x_x950y1000_z70_6000f_15lp_00001,28
FAR,Sert/0721,0.578999079392496,98.3935855858088,0.9375,ro1_2x_x1018y1130_z10_20lp_6000f_00001,30,ro3_4x_x700y-1233_z-10_24.5lp_6000f_00001,16
FAR,Vglut2/1124,0.578800573407343,27.1960771302628,20,roi3_-1000-300-40_32lp_930_x1.4_256x512_3000f_00001,44,roi3_-1000-300-60_38lp_930_x1.4_256x512_3000f_00001,56
FAR,Sert/0721,0.578767754929589,60.3910363912477,1.5625,ro7_1.6x_x1000y-1000_z0_26lp_6000f_00001,38,roi7_1.8x_x-1000-1000_z0_16lp_3000f_00001,43
FAR,Vglut2/0728,0.578708483871052,69.1075397699435,15,fov1_2x_y1700x1350_z0_6000f_15.5lp_00001,15,fov1_2x_y1700x1350_z15_6000f_17.5lp_00001,34
FAR,Vglut2/1124,0.578665004676931,118.553384664202,20,roi3_-1000-300-40_32lp_930_x1.4_256x512_3000f_00001,59,roi3_-1000-300-60_38lp_930_x1.4_256x512_3000f_00001,96
FAR,Vglut2/1124,0.578620467979282,141.98137983403,20,roi3_-1000-300-40_32lp_930_x1.4_256x512_3000f_00001,36,roi3_-1000-300-60_38lp_930_x1.4_256x512_3000f_00001,16
FAR,Sert/0721,0.578594150895637,85.1379317690322,5,ro1_2x_x1018y1130_z10_20lp_6000f_00001,12,ro1_2x_x1018y1130_z15_20lp_6000f_00001,10
FAR,Vglut2/1124,0.578516929329607,117.854369558871,20,roi3_-1000-300-40_32lp_930_x1.4_256x512_3000f_00001,66,roi3_-1000-300-60_38lp_930_x1.4_256x512_3000f_00001,116
FAR,Sert/0721,0.578360476468863,104.722611839627,11.875,ro5_1.6x_x1200y-400_z0_26lp_6000f_00001,14,ro6_1.6x_x1200y-700_z0_26lp_6000f_00001,18
FAR,Sert/0721,0.578087325260918,148.561895175855,1.875,ro1_2x_x1018y1130_z15_20lp_6000f_00001,41,ro3_2.5x_x450y1500_z-15_28.5lp_6000f_00003,7
FAR,Vglut2/0728,0.577704666302564,113.748546236794,15,fov1_1.7x_y1650x1320_z40_3000f_17lp_00001,40,fov1_2x_y1700x1350_z25_3000f_16lp_00001,13
FAR,Vglut2/0728,0.577618763685634,76.6283172597895,5,fov1_1.7x_y1650x1320_z30_3000f_15lp_00001,38,fov1_2x_y1700x1350_z25_3000f_16lp_00001,28
FAR,Vgat/0730,0.577577482951811,107.141843318442,19.0625,roi1_1.6x_x1050y1000_z100_3000f_17.5lp_00001,63,roi1_2.4x_x950y1000_z85_6000f_14.5lp_00001,35
FAR,Vglut2/0728,0.57755209205692,113.237061416818,3.4375,fov1_2.1x_y1350x1310_z30_3000f_13lp_00001,10,fov1_2x_y1700x1350_z25_3000f_16lp_00001,6
FAR,Vglut2/0728,0.577269991299351,57.7977909771947,15.3125,fov1_1.7x_y1650x1320_z30_3000f_15lp_00001,10,fov1_2x_y1700x1350_z15_6000f_17.5lp_00001,3
FAR,Vglut2/0728,0.577263855351076,94.0177105562881,10.3125,fov1_2x_y1700x1350_z15_6000f_16lp_00001,7,fov1_2x_y1700x1350_z5_6000f_15.5lp_00002,5
FAR,Vglut2/0728,0.577006742999431,138.560176753169,10.3125,fov1_2x_y1700x1350_z15_6000f_16lp_00001,14,fov1_2x_y1700x1350_z5_6000f_15.5lp_00002,8
FAR,Vglut2/1124,0.576966618241817,115.094409541086,20,roi3_-1000-300-40_32lp_930_x1.4_256x512_3000f_00001,2,roi3_-1000-300-60_38lp_930_x1.4_256x512_3000f_00001,4
FAR,Sert/0721,0.576897849512837,88.4746088590716,1.5625,ro7_1.6x_x1000y-1000_z0_26lp_6000f_00001,6,roi7_1.8x_x-1000-1000_z0_16lp_3000f_00001,14
FAR,Vglut2/0728,0.576805318206358,69.426041979558,25.3125,fov1_1.7x_y1650x1320_z30_3000f_15lp_00001,18,fov1_2x_y1700x1350_z5_6000f_15.5lp_00001,8
FAR,Vglut2/0728,0.57673679262182,45.1244599768586,1.5625,fov1_1.7x_y1650x1320_z30_3000f_15lp_00001,38,fov1_2.1x_y1350x1310_z30_3000f_13lp_00001,17
FAR,Vglut2/0224/pFN,0.576694969993149,106.408828292232,0.9375,pFN_roi1_z0_512x512_6x_2000f_00001,3,pFN_roi2_z5_25x_512x512_3x_6000f_00001,18
NEAR,Vgat/0730,0.576598386631627,1.5808066393518,10.3125,roi1_2.4x_x950y1000_z85_6000f_14.5lp_00001,24,roi1_3x_x950y1000_z70_6000f_15lp_00001,23
FAR,Vgat/0730,0.576597011609793,100.213811934592,11.875,roi1_3.2x_x1100y1050_z6_6000f_12lp_00001,1,roi1_3x_x1100y950_z8_3000f_11.5lp_00001,4
FAR,Sert/0721,0.576542500732906,119.045140568367,1.5625,ro7_1.6x_x1000y-1000_z0_26lp_6000f_00001,46,roi7_1.8x_x-1000-1000_z0_16lp_3000f_00001,33
FAR,Sert/0721,0.576515946023878,90.5700136459624,11.875,ro5_1.6x_x1200y-400_z0_26lp_6000f_00001,14,ro6_1.6x_x1200y-700_z0_26lp_6000f_00001,16
FAR,Vglut2/1124,0.576465734024646,18.086167500899,20,roi3_-1000-300-40_32lp_930_x1.4_256x512_3000f_00001,67,roi3_-1000-300-60_38lp_930_x1.4_256x512_3000f_00001,95
FAR,Sert/0721,0.576362244707372,106.121615482371,4.0625,ro3_2.5x_x450y1500_z-15_28.5lp_6000f_00003,4,ro3_4x_x700y-1233_z-10_24.5lp_6000f_00001,15
FAR,Sert/0721,0.576359865406529,146.773691847877,11.875,ro1_2x_x1018y1130_z25_26lp_6000f_00001,6,ro3_2.5x_x450y1500_z-15_28.5lp_6000f_00003,7
FAR,Vglut2/0728,0.576359498016851,130.251285592517,10.3125,fov1_2x_y1700x1350_z15_6000f_16lp_00001,11,fov1_2x_y1700x1350_z5_6000f_15.5lp_00002,15
FAR,Sert/0721,0.576231390353789,64.4711943687871,5.9375,ro1_2x_x1018y1130_z15_20lp_6000f_00001,13,ro3_4x_x700y-1233_z-10_24.5lp_6000f_00001,10
FAR,Vglut2/1124,0.576225126508319,124.379989334516,20,roi3_-1000-300-40_32lp_930_x1.4_256x512_3000f_00001,35,roi3_-1000-300-60_38lp_930_x1.4_256x512_3000f_00001,43
FAR,Vglut2/1124,0.576175030808278,69.6078374432756,20,roi3_-1000-300-40_32lp_930_x1.4_256x512_3000f_00001,33,roi3_-1000-300-60_38lp_930_x1.4_256x512_3000f_00001,24
NEAR,Vglut2/0728,0.576104895764828,2.20899572711762,15,fov1_1.7x_y1650x1320_z40_3000f_17lp_00001,26,fov1_2x_y1700x1350_z25_3000f_16lp_00001,20
FAR,Vgat/0730,0.575896991485831,80.5946667334084,10.3125,roi1_2.4x_x950y1000_z85_6000f_14.5lp_00001,33,roi1_3x_x950y1000_z70_6000f_15lp_00001,14
FAR,Vglut2/0728,0.575781683052842,142.117902343975,15,fov1_2x_y1700x1350_z0_6000f_15.5lp_00001,14,fov1_2x_y1700x1350_z15_6000f_17.5lp_00001,15
FAR,Vglut2/0728,0.575740380913492,76.5654586712347,5,fov1_2x_y1700x1350_z5_6000f_15.5lp_00001,8,fov1_2x_y1700x1350_z5_6000f_15.5lp_00002,17
NEAR,Vgat/0730,0.575715194719611,3.98903143976801,10.3125,roi1_2.4x_x950y1000_z85_6000f_14.5lp_00001,26,roi1_3x_x950y1000_z70_6000f_15lp_00001,24
FAR,Vglut2/0728,0.57564093602314,16.9517516471228,10,fov1_1.7x_y1650x1320_z35_3000f_15lp_00001,38,fov1_2x_y1700x1350_z25_3000f_16lp_00001,30
FAR,Sert/0721,0.575624986647032,64.7308153016751,0.9375,ro1_2x_x1018y1130_z10_20lp_6000f_00001,15,ro3_4x_x700y-1233_z-10_24.5lp_6000f_00001,8
FAR,Vgat/0730,0.575466763311629,138.004540768804,34.6875,roi1_3x_x950y1200_z40_6000f_14lp_00002,8,roi1_3x_x1100y950_z8_3000f_11.5lp_00001,14
FAR,Vgat/0730,0.575435252195299,72.7722337465864,17.8125,roi1_2.4x_x950y1000_z85_6000f_14.5lp_00001,25,roi1_3x_x1050y1000_z100_3000f_17lp_00001,10
FAR,Vgat/0730,0.575355112223355,111.085277786419,18.125,roi2_1.6x_x1050y2250_z63_2000f_11.5lp_00001,33,roi2_2.2x_x1050y2250_z80_2000f_11.5lp_00001,4
FAR,Sert/0721,0.575321466835152,113.265685588386,10,ro1_2x_x1018y1130_z15_20lp_6000f_00001,33,ro1_2x_x1018y1130_z25_26lp_6000f_00001,7
FAR,Vgat/0730,0.575113177786282,77.2479131738443,21.2495,roi2_2.2x_x1050y2250_z100_2000f_12lp_00001,15,roi2_2.2x_x1050y2250_z80_2000f_11.5lp_00001,51
FAR,Sert/0721,0.575013721214512,145.417351249056,3.125,ro1_2x_x1018y1130_z10_20lp_6000f_00001,42,ro3_2.5x_x450y1500_z-15_28.5lp_6000f_00003,1
FAR,Vgat/0730,0.575006470880128,128.589157874445,18.125,roi2_1.6x_x1050y2250_z63_2000f_11.5lp_00001,18,roi2_2.2x_x1050y2250_z80_2000f_11.5lp_00001,35
FAR,Vglut2/0728,0.574803199382316,122.253590662312,20.3125,fov1_1.7x_y1650x1320_z30_3000f_15lp_00001,24,fov1_2x_y1700x1350_z5_6000f_15.5lp_00002,12
FAR,Vglut2/0728,0.574653098355807,111.364448763343,15.3125,fov1_1.7x_y1650x1320_z30_3000f_15lp_00001,24,fov1_2x_y1700x1350_z15_6000f_17.5lp_00001,25
NEAR,Vglut2/0728,0.574626130584628,1.67308527204905,5,fov1_2x_y1700x1350_z15_6000f_16lp_00001,45,fov1_2x_y1700x1350_z25_3000f_16lp_00001,44
FAR,Vgat/0730,0.574607893992498,31.0912315189858,20.001,roi1_2.4x_x1300y900_z250_3000f_30lp_00001,3,roi1_3x_x1350y850_z265_3000f_31lp_00001,5
FAR,Vglut2/0728,0.574599073092156,110.925657663539,30.3125,fov1_1.7x_y1650x1320_z30_3000f_15lp_00001,29,fov1_2x_y1700x1350_z0_6000f_15.5lp_00001,6
FAR,Vgat/0730,0.574501056868704,123.248395816577,18.125,roi2_1.6x_x1050y2250_z63_2000f_11.5lp_00001,43,roi2_2.2x_x1050y2250_z80_2000f_11.5lp_00001,55
FAR,Vglut2/0728,0.5742540428116,111.823936841488,8.4375,fov1_2.1x_y1350x1310_z30_3000f_13lp_00001,27,fov1_2x_y1700x1350_z15_6000f_16lp_00001,41
FAR,Sert/0721,0.574243739590041,87.9849584762643,11.25,ro6_1.6x_x1200y-700_z0_26lp_6000f_00001,22,ro7_1.6x_x1000y-1000_z0_26lp_6000f_00001,41
FAR,Sert/0721,0.574098840174752,56.3390096614275,1.5625,ro7_1.6x_x1000y-1000_z0_26lp_6000f_00001,42,roi7_1.8x_x-1000-1000_z0_16lp_3000f_00001,37
FAR,Vgat/0730,0.574062370056782,103.679721555388,40.6255,roi2_2.2x_x1050y2250_z80_2000f_11.5lp_00001,24,roi2_2x_x1050y2250_z120_2000f_14lp_00001,2
FAR,Vglut2/0728,0.573981136266383,80.3855637475114,23.75,fov1_2.1x_y1350x1310_z30_3000f_13lp_00001,7,fov1_2x_y1700x1350_z5_6000f_15.5lp_00001,4
FAR,Sert/0721,0.573980286019544,84.6903544827721,5,ro1_2x_x1018y1130_z10_20lp_6000f_00001,25,ro1_2x_x1018y1130_z15_20lp_6000f_00001,23
FAR,Vglut2/0728,0.573886852493631,114.295423695787,15.3125,fov1_1.7x_y1650x1320_z30_3000f_15lp_00001,21,fov1_2x_y1700x1350_z15_6000f_17.5lp_00001,2
FAR,Vgat/0730,0.573886625272765,49.1024669538534,30,roi1_3x_x950y1200_z40_6000f_14lp_00001,15,roi1_3x_x950y1000_z70_6000f_15lp_00001,18
FAR,Vglut2/0728,0.573683687295585,141.576416564998,10.3125,fov1_2x_y1700x1350_z15_6000f_17.5lp_00001,29,fov1_2x_y1700x1350_z25_3000f_16lp_00001,35
FAR,Vgat/0730,0.573593928013022,29.1531668039101,39.999,roi2_2x_x1050y2250_z120_2000f_14lp_00001,47,roi2_2x_x1050y2250_z160_2000f_16lp_00001,47
FAR,Vgat/0730,0.573554226051832,13.8729870426099,0.3125,roi1_3x_x1100y950_z8_6000f_13lp_00001,1,roi1_3x_x1100y950_z8_3000f_11.5lp_00001,3
FAR,Vgat/0730,0.573442349690711,5.93600307009442,18.125,roi2_1.6x_x1050y2250_z63_2000f_11.5lp_00001,16,roi2_2.2x_x1050y2250_z80_2000f_11.5lp_00001,7
FAR,Vglut2/0728,0.573420013318876,77.7660351594594,20,fov1_1.7x_y1650x1320_z40_3000f_17lp_00001,25,fov1_2x_y1700x1350_z15_6000f_16lp_00001,7
FAR,Vgat/0730,0.573414866947335,74.9084998568392,48.75,roi1_1.4x_x1100y1050_z6_5000f_13lp_00001,11,roi1_3x_x950y1200_z40_6000f_14lp_00002,8
FAR,Vglut2/1124,0.573406302730263,97.0537350607476,20,roi3_-1000-300-40_32lp_930_x1.4_256x512_3000f_00001,9,roi3_-1000-300-60_38lp_930_x1.4_256x512_3000f_00001,16
FAR,Vgat/0730,0.573314249698317,96.6181414079406,1.25,roi1_1.6x_x1050y1000_z100_3000f_17.5lp_00001,66,roi1_3x_x1050y1000_z100_3000f_17lp_00001,10
FAR,Sert/0721,0.57325762670483,91.2666476391698,5,ro1_2x_x1018y1130_z10_20lp_6000f_00001,31,ro1_2x_x1018y1130_z15_20lp_6000f_00001,48
FAR,Vglut2/0728,0.573247022932553,38.5728590261031,10.3125,fov1_2x_y1700x1350_z15_6000f_17.5lp_00001,4,fov1_2x_y1700x1350_z25_3000f_16lp_00001,12
FAR,Sert/0721,0.573135132178797,129.098401192865,3.125,ro1_2x_x1018y1130_z10_20lp_6000f_00001,15,ro3_2.5x_x450y1500_z-15_28.5lp_6000f_00003,4
FAR,Vgat/0730,0.5730796048036,19.1448602494534,18.125,roi2_1.6x_x1050y2250_z63_2000f_11.5lp_00001,58,roi2_2.2x_x1050y2250_z80_2000f_11.5lp_00001,62
FAR,Vglut2/0728,0.573069923698068,106.11219005118,10,fov1_2x_y1700x1350_z0_6000f_15.5lp_00001,9,fov1_2x_y1700x1350_z5_6000f_15.5lp_00002,9
FAR,Vgat/0730,0.573068438110214,32.7176369018221,18.125,roi2_1.6x_x1050y2250_z63_2000f_11.5lp_00001,53,roi2_2.2x_x1050y2250_z80_2000f_11.5lp_00001,52
FAR,Vglut2/0728,0.573006998755272,121.074987213831,15.3125,fov1_2x_y1700x1350_z15_6000f_16lp_00001,39,fov1_2x_y1700x1350_z5_6000f_15.5lp_00001,8
FAR,Vgat/0730,0.572987575483,82.671809773127,21.2495,roi2_2.2x_x1050y2250_z100_2000f_12lp_00001,4,roi2_2.2x_x1050y2250_z80_2000f_11.5lp_00001,3
FAR,Vglut2/0728,0.572960612879228,83.6142359018366,15.3125,fov1_1.7x_y1650x1320_z30_3000f_15lp_00001,33,fov1_2x_y1700x1350_z15_6000f_17.5lp_00001,21
FAR,Vglut2/0728,0.572957911886584,137.595404269062,13.75,fov1_2.1x_y1350x1310_z30_3000f_13lp_00001,10,fov1_2x_y1700x1350_z15_6000f_17.5lp_00001,7
FAR,Vgat/0730,0.572893731017138,82.2929675623608,33.125,roi2_1.6x_x1050y2250_z50_2000f_10.5lp_00001,23,roi2_2.2x_x1050y2250_z80_2000f_11.5lp_00001,61
FAR,Sert/0721,0.572887433769584,69.5301460501826,9.6875,ro6_1.6x_x1200y-700_z0_26lp_6000f_00001,27,roi7_1.8x_x-1000-1000_z0_16lp_3000f_00001,36
FAR,Vglut2/1124,0.572857877222624,62.8143481213896,20,roi3_-1000-300-40_32lp_930_x1.4_256x512_3000f_00001,44,roi3_-1000-300-60_38lp_930_x1.4_256x512_3000f_00001,67
FAR,Vglut2/0728,0.572814671357776,111.125170763435,20.3125,fov1_2x_y1700x1350_z0_6000f_15.5lp_00001,10,fov1_2x_y1700x1350_z15_6000f_16lp_00001,24
FAR,Sert/0721,0.572773449455127,125.272871705273,5,ro1_2x_x1018y1130_z10_20lp_6000f_00001,22,ro1_2x_x1018y1130_z15_20lp_6000f_00001,5
FAR,Sert/0721,0.572758765199119,90.1759224483843,11.875,ro5_1.6x_x1200y-400_z0_26lp_6000f_00001,13,ro6_1.6x_x1200y-700_z0_26lp_6000f_00001,20
FAR,Vgat/0730,0.572734759108606,73.2258719909976,19.376,roi2_2.2x_x1050y2250_z100_2000f_12lp_00001,16,roi2_2x_x1050y2250_z120_2000f_14lp_00001,30
FAR,Vglut2/0728,0.57260684122282,80.3159348169916,10,fov1_1.7x_y1650x1320_z30_3000f_15lp_00001,33,fov1_2x_y1700x1350_z15_6000f_16lp_00001,31
FAR,Sert/0721,0.572599432163159,38.6000901304305,1.5625,ro7_1.6x_x1000y-1000_z0_26lp_6000f_00001,27,roi7_1.8x_x-1000-1000_z0_16lp_3000f_00001,20
FAR,Sert/0721,0.572523607541133,109.208504842181,15,ro1_2x_x1018y1130_z10_20lp_6000f_00001,41,ro1_2x_x1018y1130_z25_26lp_6000f_00001,18
FAR,Vglut2/1124,0.57239277768648,29.5618716703784,20,roi3_-1000-300-40_32lp_930_x1.4_256x512_3000f_00001,61,roi3_-1000-300-60_38lp_930_x1.4_256x512_3000f_00001,83
FAR,Vglut2/0224/pFN,0.572335888886914,104.221489745764,0.9375,pFN_roi1_z0_512x512_6x_2000f_00001,11,pFN_roi2_z5_25x_512x512_3x_6000f_00001,2
FAR,Sert/0721,0.572309006073102,112.139754235067,1.5625,ro7_1.6x_x1000y-1000_z0_26lp_6000f_00001,11,roi7_1.8x_x-1000-1000_z0_16lp_3000f_00001,4
FAR,Vglut2/0728,0.572260026783425,54.9990411357318,20.3125,fov1_1.7x_y1650x1320_z35_3000f_15lp_00001,26,fov1_2x_y1700x1350_z15_6000f_17.5lp_00001,5
FAR,Sert/0721,0.57220807390299,138.60974041056,1.5625,ro7_1.6x_x1000y-1000_z0_26lp_6000f_00001,22,roi7_1.8x_x-1000-1000_z0_16lp_3000f_00001,37
FAR,Sert/0721,0.572146503382612,137.590678546782,1.5625,ro7_1.6x_x1000y-1000_z0_26lp_6000f_00001,38,roi7_1.8x_x-1000-1000_z0_16lp_3000f_00001,21
FAR,Vgat/0730,0.571946813759914,75.6148040237958,18.125,roi2_1.6x_x1050y2250_z63_2000f_11.5lp_00001,53,roi2_2.2x_x1050y2250_z80_2000f_11.5lp_00001,35
FAR,Vglut2/0728,0.571929306104183,138.479806815148,20.3125,fov1_2x_y1700x1350_z25_3000f_16lp_00001,34,fov1_2x_y1700x1350_z5_6000f_15.5lp_00001,11
FAR,Vglut2/0728,0.57183409370482,57.6392341452883,20,fov1_1.7x_y1650x1320_z40_3000f_17lp_00001,13,fov1_2x_y1700x1350_z15_6000f_16lp_00001,7
NEAR,Vglut2/0728,0.571796501082069,0.900515930426477,6.5625,fov1_1.7x_y1650x1320_z35_3000f_15lp_00001,31,fov1_2.1x_y1350x1310_z30_3000f_13lp_00001,17
FAR,Vgat/0730,0.571713419418848,132.977691952632,39.999,roi2_2x_x1050y2250_z120_2000f_14lp_00001,36,roi2_2x_x1050y2250_z160_2000f_16lp_00001,62
FAR,Sert/0721,0.571698084039703,144.108878644915,11.25,ro6_1.6x_x1200y-700_z0_26lp_6000f_00001,6,ro7_1.6x_x1000y-1000_z0_26lp_6000f_00001,10
FAR,Vglut2/0728,0.571668378462807,139.203150279453,15,fov1_2x_y1700x1350_z0_6000f_15.5lp_00001,14,fov1_2x_y1700x1350_z15_6000f_17.5lp_00001,24
FAR,Vglut2/0728,0.571498897495331,78.2537582547436,5,fov1_1.7x_y1650x1320_z35_3000f_15lp_00001,5,fov1_1.7x_y1650x1320_z40_3000f_17lp_00001,19
FAR,Sert/0721,0.571446000532473,135.249889642009,11.875,ro5_1.6x_x1200y-400_z0_26lp_6000f_00001,73,ro6_1.6x_x1200y-700_z0_26lp_6000f_00001,31
NEAR,Vglut2/0728,0.571445245356928,4.50414816320876,10,fov1_1.7x_y1650x1320_z30_3000f_15lp_00001,3,fov1_2x_y1700x1350_z15_6000f_16lp_00001,3
FAR,Vglut2/0728,0.57138735192752,128.450984974826,30.3125,fov1_1.7x_y1650x1320_z40_3000f_17lp_00001,44,fov1_2x_y1700x1350_z5_6000f_15.5lp_00002,9
FAR,Vglut2/0728,0.571371565672234,147.850450821636,10.3125,fov1_2x_y1700x1350_z15_6000f_16lp_00001,14,fov1_2x_y1700x1350_z5_6000f_15.5lp_00002,21
FAR,Vglut2/1124,0.570799779263458,144.04908881521,20,roi3_-1000-300-40_32lp_930_x1.4_256x512_3000f_00001,66,roi3_-1000-300-60_38lp_930_x1.4_256x512_3000f_00001,99
FAR,Vgat/0730,0.570614007078325,91.9341059679651,29.375,roi1_1.6x_x1050y1000_z100_3000f_17.5lp_00001,47,roi1_3x_x950y1000_z70_6000f_15lp_00001,33
NEAR,Vglut2/0728,0.570574092214047,3.18051702538421,10,fov1_1.7x_y1650x1320_z30_3000f_15lp_00001,48,fov1_1.7x_y1650x1320_z40_3000f_17lp_00001,56
FAR,Vgat/0730,0.570510364991859,104.015334116467,21.2495,roi2_2.2x_x1050y2250_z100_2000f_12lp_00001,12,roi2_2.2x_x1050y2250_z80_2000f_11.5lp_00001,61
FAR,Vgat/0730,0.570452075020406,41.3071857254489,21.2495,roi2_2.2x_x1050y2250_z100_2000f_12lp_00001,31,roi2_2.2x_x1050y2250_z80_2000f_11.5lp_00001,64
FAR,Sert/0721,0.570433270726014,69.9152285934583,11.875,ro5_1.6x_x1200y-400_z0_26lp_6000f_00001,73,ro6_1.6x_x1200y-700_z0_26lp_6000f_00001,39
FAR,Vglut2/0728,0.570398452287664,35.4457145735685,5,fov1_2x_y1700x1350_z5_6000f_15.5lp_00001,3,fov1_2x_y1700x1350_z5_6000f_15.5lp_00002,8
FAR,Vglut2/0728,0.57037670539036,126.065126229199,15.3125,fov1_1.7x_y1650x1320_z30_3000f_15lp_00001,43,fov1_2x_y1700x1350_z15_6000f_17.5lp_00001,25
FAR,Sert/0721,0.570366130923464,146.508518136074,15,ro1_2x_x1018y1130_z10_20lp_6000f_00001,12,ro1_2x_x1018y1130_z25_26lp_6000f_00001,3
FAR,Vgat/0730,0.570325218548333,96.5494760092529,33.125,roi2_1.6x_x1050y2250_z50_2000f_10.5lp_00001,13,roi2_2.2x_x1050y2250_z80_2000f_11.5lp_00001,55
FAR,Vglut2/1124,0.570285423065315,96.0347449690179,20,roi3_-1000-300-40_32lp_930_x1.4_256x512_3000f_00001,53,roi3_-1000-300-60_38lp_930_x1.4_256x512_3000f_00001,92
FAR,Vgat/0730,0.570169780757897,141.529284388439,38.75,roi2_1.5x_x1050y2250_z35_2000f_8lp_00001,10,roi2_2.2x_x1050y2250_z80_2000f_11.5lp_00001,58
FAR,Sert/0721,0.570124285748327,96.3129535718028,0.9375,ro1_2x_x1018y1130_z10_20lp_6000f_00001,15,ro3_4x_x700y-1233_z-10_24.5lp_6000f_00001,1
FAR,Vglut2/1124,0.570056175281098,5.02468409499872,20,roi3_-1000-300-40_32lp_930_x1.4_256x512_3000f_00001,2,roi3_-1000-300-60_38lp_930_x1.4_256x512_3000f_00001,5
FAR,Vgat/0730,0.570006687171735,62.9895310004418,39.3745,roi2_1.6x_x1050y2250_z63_2000f_11.5lp_00001,20,roi2_2.2x_x1050y2250_z100_2000f_12lp_00001,2
FAR,Vglut2/1124,0.56999097233749,22.3102433107995,20,roi3_-1000-300-40_32lp_930_x1.4_256x512_3000f_00001,21,roi3_-1000-300-60_38lp_930_x1.4_256x512_3000f_00001,25
FAR,Vglut2/0728,0.569926594837098,147.133838326348,5.3125,fov1_2x_y1700x1350_z15_6000f_16lp_00001,14,fov1_2x_y1700x1350_z15_6000f_17.5lp_00001,29
FAR,Vglut2/0728,0.569910970749784,113.261272339416,10.3125,fov1_2x_y1700x1350_z15_6000f_16lp_00001,14,fov1_2x_y1700x1350_z5_6000f_15.5lp_00002,17
FAR,Vgat/0730,0.569868976052696,137.953816738309,19.376,roi2_2.2x_x1050y2250_z100_2000f_12lp_00001,26,roi2_2x_x1050y2250_z120_2000f_14lp_00001,42
FAR,Vglut2/0728,0.569844515184291,120.958394654166,25.3125,fov1_1.7x_y1650x1320_z35_3000f_15lp_00001,34,fov1_2x_y1700x1350_z5_6000f_15.5lp_00002,10
FAR,Vgat/0730,0.569803150884243,135.988654979178,15,roi2_1.6x_x1050y2250_z50_2000f_10.5lp_00001,11,roi2_1.6x_x1050y2250_z63_2000f_11.5lp_00001,16
FAR,Vglut2/1124,0.569631032053264,122.83216616706,20,roi3_-1000-300-40_32lp_930_x1.4_256x512_3000f_00001,4,roi3_-1000-300-60_38lp_930_x1.4_256x512_3000f_00001,34
FAR,Sert/0721,0.569551383118604,121.834012063387,1.5625,ro7_1.6x_x1000y-1000_z0_26lp_6000f_00001,16,roi7_1.8x_x-1000-1000_z0_16lp_3000f_00001,2
FAR,Vglut2/0728,0.569540235591384,77.8870101446531,5,roi2_1.6x_y1400x1600_z5_3000f_16lp_00001,1,roi2_2x_y1400x1550_z0_3000f_15lp_00001,1
FAR,Vgat/0730,0.569527058486449,132.570518726404,33.125,roi2_1.6x_x1050y2250_z50_2000f_10.5lp_00001,17,roi2_2.2x_x1050y2250_z80_2000f_11.5lp_00001,58
FAR,Vgat/0730,0.569515471744501,103.575794843474,1.25,roi1_1.6x_x1050y1000_z100_3000f_17.5lp_00001,52,roi1_3x_x1050y1000_z100_3000f_17lp_00001,23
FAR,Vgat/0730,0.569513457667518,118.87419676022,28.125,roi1_3x_x1050y1000_z100_3000f_17lp_00001,14,roi1_3x_x950y1000_z70_6000f_15lp_00001,17
FAR,Vgat/0730,0.568714040298114,149.438039470835,1.25,roi1_1.6x_x1050y1000_z100_3000f_17.5lp_00001,29,roi1_3x_x1050y1000_z100_3000f_17lp_00001,9
FAR,Sert/0721,0.568424128385453,97.227746346626,10,ro1_2x_x1018y1130_z15_20lp_6000f_00001,47,ro1_2x_x1018y1130_z25_26lp_6000f_00001,17
FAR,Vglut2/0728,0.568336941946078,95.6394500541431,1.5625,fov1_1.7x_y1650x1320_z30_3000f_15lp_00001,18,fov1_2.1x_y1350x1310_z30_3000f_13lp_00001,4
FAR,Sert/0721,0.568167824003309,47.5617976448392,10,ro1_2x_x1018y1130_z15_20lp_6000f_00001,45,ro1_2x_x1018y1130_z25_26lp_6000f_00001,6
FAR,Sert/0721,0.568155439027599,112.537791815027,1.5625,ro7_1.6x_x1000y-1000_z0_26lp_6000f_00001,27,roi7_1.8x_x-1000-1000_z0_16lp_3000f_00001,17
FAR,Vglut2/0728,0.56814324251342,72.0927332229515,10,fov1_1.7x_y1650x1320_z35_3000f_15lp_00001,25,fov1_2x_y1700x1350_z25_3000f_16lp_00001,28
FAR,Vglut2/0728,0.568087972728007,47.0672173644831,5,fov1_1.7x_y1650x1320_z30_3000f_15lp_00001,31,fov1_2x_y1700x1350_z25_3000f_16lp_00001,20
FAR,Vglut2/0728,0.568081055978107,91.3346120705641,15,fov1_1.7x_y1650x1320_z35_3000f_15lp_00001,23,fov1_2x_y1700x1350_z15_6000f_16lp_00001,7
FAR,Sert/0721,0.567991301892097,67.1015401458997,1.875,ro1_2x_x1018y1130_z15_20lp_6000f_00001,44,ro3_2.5x_x450y1500_z-15_28.5lp_6000f_00003,4
NEAR,Vglut2/0728,0.567823141078452,3.26121992636264,10,fov1_1.7x_y1650x1320_z35_3000f_15lp_00001,21,fov1_2x_y1700x1350_z25_3000f_16lp_00001,15
FAR,Vglut2/0728,0.567798792182399,100.474161023565,20.3125,fov1_1.7x_y1650x1320_z35_3000f_15lp_00001,3,fov1_2x_y1700x1350_z15_6000f_17.5lp_00001,2
FAR,Vglut2/0728,0.56779175537976,60.8989126140362,5,fov1_1.7x_y1650x1320_z30_3000f_15lp_00001,24,fov1_2x_y1700x1350_z25_3000f_16lp_00001,10
FAR,Vglut2/1124,0.567694651189513,111.363388856334,20,roi3_-1000-300-40_32lp_930_x1.4_256x512_3000f_00001,27,roi3_-1000-300-60_38lp_930_x1.4_256x512_3000f_00001,16
FAR,Sert/0721,0.567590795407696,137.427027979458,0.9375,ro1_2x_x1018y1130_z10_20lp_6000f_00001,31,ro3_4x_x700y-1233_z-10_24.5lp_6000f_00001,15
FAR,Sert/0721,0.567381427527119,72.3478979733898,1.5625,ro7_1.6x_x1000y-1000_z0_26lp_6000f_00001,38,roi7_1.8x_x-1000-1000_z0_16lp_3000f_00001,47
FAR,Vglut2/0728,0.567366790200656,108.368767380698,10,fov1_2x_y1700x1350_z0_6000f_15.5lp_00001,9,fov1_2x_y1700x1350_z5_6000f_15.5lp_00002,21
FAR,Sert/0721,0.567239149178954,47.1207624804075,1.5625,ro7_1.6x_x1000y-1000_z0_26lp_6000f_00001,12,roi7_1.8x_x-1000-1000_z0_16lp_3000f_00001,14
FAR,Vglut2/1124,0.567165968580516,145.645842989006,20,roi3_-1000-300-40_32lp_930_x1.4_256x512_3000f_00001,67,roi3_-1000-300-60_38lp_930_x1.4_256x512_3000f_00001,77
FAR,Vgat/0730,0.567130653083147,120.016776097128,18.125,roi2_1.6x_x1050y2250_z63_2000f_11.5lp_00001,15,roi2_2.2x_x1050y2250_z80_2000f_11.5lp_00001,10
FAR,Vglut2/1124,0.567069051098255,71.5551241641352,20,roi3_-1000-300-40_32lp_930_x1.4_256x512_3000f_00001,87,roi3_-1000-300-60_38lp_930_x1.4_256x512_3000f_00001,110
FAR,Sert/0721,0.567066835961496,125.001758714589,3.125,ro1_2x_x1018y1130_z10_20lp_6000f_00001,18,ro3_2.5x_x450y1500_z-15_28.5lp_6000f_00003,4
FAR,Vgat/0730,0.567030309604208,18.9786486944333,21.2495,roi2_2.2x_x1050y2250_z100_2000f_12lp_00001,6,roi2_2.2x_x1050y2250_z80_2000f_11.5lp_00001,15
FAR,Vgat/0730,0.566783290092555,57.0095359889967,20.001,roi1_2.4x_x1300y900_z250_3000f_30lp_00001,15,roi1_3x_x1350y850_z265_3000f_31lp_00001,8
FAR,Sert/0721,0.5667338347089,127.615685096227,15,ro1_2x_x1018y1130_z10_20lp_6000f_00001,41,ro1_2x_x1018y1130_z25_26lp_6000f_00001,5
FAR,Vglut2/1124,0.566713343642948,37.0087440230511,20,roi3_-1000-300-40_32lp_930_x1.4_256x512_3000f_00001,90,roi3_-1000-300-60_38lp_930_x1.4_256x512_3000f_00001,122
NEAR,Sert/0721,0.566301991097448,1.48707515342855,5.9375,ro1_2x_x1018y1130_z15_20lp_6000f_00001,24,ro3_4x_x700y-1233_z-10_24.5lp_6000f_00001,22
FAR,Vglut2/1124,0.566194161235674,81.957712828041,20,roi3_-1000-300-40_32lp_930_x1.4_256x512_3000f_00001,83,roi3_-1000-300-60_38lp_930_x1.4_256x512_3000f_00001,97
FAR,Vglut2/0728,0.565942566822795,59.7389881082971,15,fov1_2x_y1700x1350_z0_6000f_15.5lp_00001,10,fov1_2x_y1700x1350_z15_6000f_17.5lp_00001,26
FAR,Vglut2/1124,0.565897497884205,86.4865697414808,20,roi3_-1000-300-40_32lp_930_x1.4_256x512_3000f_00001,40,roi3_-1000-300-60_38lp_930_x1.4_256x512_3000f_00001,43
FAR,Vglut2/0728,0.565866268861127,97.1969445459389,5,fov1_1.7x_y1650x1320_z30_3000f_15lp_00001,21,fov1_1.7x_y1650x1320_z35_3000f_15lp_00001,39
FAR,Sert/0721,0.565810069707158,133.995240507151,11.875,ro5_1.6x_x1200y-400_z0_26lp_6000f_00001,15,ro6_1.6x_x1200y-700_z0_26lp_6000f_00001,29
FAR,Vglut2/0728,0.565723728735684,53.4678437866026,5,fov1_2x_y1700x1350_z5_6000f_15.5lp_00001,2,fov1_2x_y1700x1350_z5_6000f_15.5lp_00002,13
FAR,Vglut2/0728,0.565634783092459,47.6849530557408,8.4375,fov1_2.1x_y1350x1310_z30_3000f_13lp_00001,19,fov1_2x_y1700x1350_z15_6000f_16lp_00001,20
FAR,Vglut2/1124,0.565634250322672,46.7263251588963,20,roi3_-1000-300-40_32lp_930_x1.4_256x512_3000f_00001,47,roi3_-1000-300-60_38lp_930_x1.4_256x512_3000f_00001,56
FAR,Vglut2/0728,0.565537677640553,91.4723365284409,10.3125,fov1_2x_y1700x1350_z15_6000f_16lp_00001,39,fov1_2x_y1700x1350_z5_6000f_15.5lp_00002,17
FAR,Vglut2/0728,0.565406379648848,99.6575913439413,30.3125,fov1_1.7x_y1650x1320_z40_3000f_17lp_00001,3,fov1_2x_y1700x1350_z5_6000f_15.5lp_00002,5
FAR,Sert/0721,0.565265274319048,60.3805144867658,5,ro1_2x_x1018y1130_z10_20lp_6000f_00001,36,ro1_2x_x1018y1130_z15_20lp_6000f_00001,25
NEAR,Vglut2/0728,0.565132669922292,2.00208172548042,10,fov1_1.7x_y1650x1320_z30_3000f_15lp_00001,34,fov1_1.7x_y1650x1320_z40_3000f_17lp_00001,37
FAR,Sert/0721,0.564867117673762,103.870455978328,5,ro1_2x_x1018y1130_z10_20lp_6000f_00001,18,ro1_2x_x1018y1130_z15_20lp_6000f_00001,25
FAR,Vglut2/0728,0.564834606527058,79.4966842898068,5,fov1_1.7x_y1650x1320_z30_3000f_15lp_00001,8,fov1_1.7x_y1650x1320_z35_3000f_15lp_00001,25
FAR,Sert/0721,0.564816454270873,127.914320765071,11.875,ro5_1.6x_x1200y-400_z0_26lp_6000f_00001,60,ro6_1.6x_x1200y-700_z0_26lp_6000f_00001,41
FAR,Vgat/0730,0.564788225238255,38.459506465586,29.375,roi1_1.6x_x1050y1000_z100_3000f_17.5lp_00001,60,roi1_3x_x950y1000_z70_6000f_15lp_00001,34
FAR,Vgat/0730,0.564671660691974,132.427783598505,38.75,roi2_1.5x_x1050y2250_z35_2000f_8lp_00001,18,roi2_2.2x_x1050y2250_z80_2000f_11.5lp_00001,58
FAR,Vglut2/0728,0.564593708684311,123.76510083735,5,fov1_2x_y1700x1350_z0_6000f_15.5lp_00001,4,fov1_2x_y1700x1350_z5_6000f_15.5lp_00001,13
FAR,Vglut2/1124,0.564160578672701,79.9591406478221,20,roi3_-1000-300-40_32lp_930_x1.4_256x512_3000f_00001,75,roi3_-1000-300-60_38lp_930_x1.4_256x512_3000f_00001,92
FAR,Vglut2/0728,0.564156163359721,73.0421258945807,5,fov1_1.7x_y1650x1320_z30_3000f_15lp_00001,7,fov1_2x_y1700x1350_z25_3000f_16lp_00001,5
FAR,Sert/0721,0.564098626712889,96.676756456256,11.875,ro1_2x_x1018y1130_z25_26lp_6000f_00001,17,ro3_2.5x_x450y1500_z-15_28.5lp_6000f_00003,15
FAR,Vglut2/0728,0.564096853105975,136.85359645724,30.3125,fov1_1.7x_y1650x1320_z40_3000f_17lp_00001,2,fov1_2x_y1700x1350_z5_6000f_15.5lp_00002,10
FAR,Vgat/0730,0.564070272300056,121.174235149587,19.0625,roi1_1.6x_x1050y1000_z100_3000f_17.5lp_00001,45,roi1_2.4x_x950y1000_z85_6000f_14.5lp_00001,40
FAR,Vglut2/0728,0.564058761428711,98.3554509700817,15,fov1_2x_y1700x1350_z0_6000f_15.5lp_00001,10,fov1_2x_y1700x1350_z15_6000f_17.5lp_00001,9
FAR,Vglut2/0728,0.564039210902512,110.714218062146,20.3125,fov1_1.7x_y1650x1320_z30_3000f_15lp_00001,24,fov1_2x_y1700x1350_z5_6000f_15.5lp_00002,6
FAR,Vgat/0730,0.563959602422064,120.679937926751,39.999,roi2_2x_x1050y2250_z120_2000f_14lp_00001,35,roi2_2x_x1050y2250_z160_2000f_16lp_00001,40
FAR,Vglut2/0728,0.563933513076724,106.118351944915,40.3125,fov1_1.7x_y1650x1320_z40_3000f_17lp_00001,44,fov1_2x_y1700x1350_z0_6000f_15.5lp_00001,11
FAR,Vglut2/0728,0.563829459097928,93.2496268868336,13.75,fov1_2.1x_y1350x1310_z30_3000f_13lp_00001,4,fov1_2x_y1700x1350_z15_6000f_17.5lp_00001,2
FAR,Vglut2/0728,0.563814314739386,91.839612794659,5.3125,fov1_2x_y1700x1350_z15_6000f_16lp_00001,36,fov1_2x_y1700x1350_z15_6000f_17.5lp_00001,29
FAR,Vglut2/1124,0.563797381775755,79.9704289836413,20,roi3_-1000-300-40_32lp_930_x1.4_256x512_3000f_00001,21,roi3_-1000-300-60_38lp_930_x1.4_256x512_3000f_00001,11
FAR,Sert/0721,0.563650950211578,129.017685061643,10,ro1_2x_x1018y1130_z15_20lp_6000f_00001,41,ro1_2x_x1018y1130_z25_26lp_6000f_00001,5
FAR,Vglut2/0728,0.563636224107892,97.7107992731519,6.5625,fov1_1.7x_y1650x1320_z35_3000f_15lp_00001,39,fov1_2.1x_y1350x1310_z30_3000f_13lp_00001,10
FAR,Sert/0721,0.563623578208057,83.5930391805506,11.25,ro6_1.6x_x1200y-700_z0_26lp_6000f_00001,13,ro7_1.6x_x1000y-1000_z0_26lp_6000f_00001,35
FAR,Vglut2/1124,0.563546207498331,59.1087035843009,20,roi3_-1000-300-40_32lp_930_x1.4_256x512_3000f_00001,66,roi3_-1000-300-60_38lp_930_x1.4_256x512_3000f_00001,110
FAR,Vglut2/1124,0.563524449045911,58.6491220422524,20,roi3_-1000-300-40_32lp_930_x1.4_256x512_3000f_00001,17,roi3_-1000-300-60_38lp_930_x1.4_256x512_3000f_00001,29
FAR,Sert/0721,0.563345794656936,143.375252547848,1.5625,ro7_1.6x_x1000y-1000_z0_26lp_6000f_00001,42,roi7_1.8x_x-1000-1000_z0_16lp_3000f_00001,13
FAR,Vglut2/0224/pFN,0.563236802217539,60.6297340338633,0.9375,pFN_roi1_z0_512x512_6x_2000f_00001,3,pFN_roi2_z5_25x_512x512_3x_6000f_00001,7
FAR,Sert/0721,0.563233186409687,84.6541011206759,0.9375,ro1_2x_x1018y1130_z10_20lp_6000f_00001,12,ro3_4x_x700y-1233_z-10_24.5lp_6000f_00001,5
FAR,Vglut2/0728,0.563096237186446,113.361868551865,8.4375,fov1_2.1x_y1350x1310_z30_3000f_13lp_00001,24,fov1_2x_y1700x1350_z15_6000f_16lp_00001,14
FAR,Vglut2/1124,0.562954035376971,43.2889525369874,20,roi3_-1000-300-40_32lp_930_x1.4_256x512_3000f_00001,5,roi3_-1000-300-60_38lp_930_x1.4_256x512_3000f_00001,16
FAR,Vglut2/1124,0.56291317693094,107.60905439276,20,roi3_-1000-300-40_32lp_930_x1.4_256x512_3000f_00001,65,roi3_-1000-300-60_38lp_930_x1.4_256x512_3000f_00001,77
FAR,Sert/0721,0.562849826667272,92.6875946083469,5.9375,ro1_2x_x1018y1130_z15_20lp_6000f_00001,10,ro3_4x_x700y-1233_z-10_24.5lp_6000f_00001,14
FAR,Vglut2/1124,0.562847488629513,78.2955267628277,20,roi3_-1000-300-40_32lp_930_x1.4_256x512_3000f_00001,79,roi3_-1000-300-60_38lp_930_x1.4_256x512_3000f_00001,100
FAR,Vglut2/0728,0.562589703922999,125.521289672293,20.3125,fov1_1.7x_y1650x1320_z30_3000f_15lp_00001,2,fov1_2x_y1700x1350_z5_6000f_15.5lp_00002,12
FAR,Vglut2/0728,0.562232736970038,35.5302726372896,5,fov1_1.7x_y1650x1320_z35_3000f_15lp_00001,35,fov1_1.7x_y1650x1320_z40_3000f_17lp_00001,32
FAR,Sert/0721,0.56209141197415,74.469978573958,1.5625,ro7_1.6x_x1000y-1000_z0_26lp_6000f_00001,20,roi7_1.8x_x-1000-1000_z0_16lp_3000f_00001,11
FAR,Sert/0721,0.562065798164013,22.9134634200365,1.5625,ro7_1.6x_x1000y-1000_z0_26lp_6000f_00001,31,roi7_1.8x_x-1000-1000_z0_16lp_3000f_00001,35
FAR,Vgat/0730,0.561955406045952,125.973389743125,33.125,roi2_1.6x_x1050y2250_z50_2000f_10.5lp_00001,11,roi2_2.2x_x1050y2250_z80_2000f_11.5lp_00001,4
FAR,Sert/0721,0.561937823747125,93.8207710248192,10,ro1_2x_x1018y1130_z15_20lp_6000f_00001,19,ro1_2x_x1018y1130_z25_26lp_6000f_00001,3
FAR,Vglut2/0728,0.561890653492942,52.4831382155012,20.3125,fov1_1.7x_y1650x1320_z35_3000f_15lp_00001,26,fov1_2x_y1700x1350_z15_6000f_17.5lp_00001,6
FAR,Sert/0721,0.561857336283503,75.9824912340788,0.9375,ro1_2x_x1018y1130_z10_20lp_6000f_00001,20,ro3_4x_x700y-1233_z-10_24.5lp_6000f_00001,10
FAR,Sert/0721,0.561686125039894,126.301224555973,1.5625,ro7_1.6x_x1000y-1000_z0_26lp_6000f_00001,42,roi7_1.8x_x-1000-1000_z0_16lp_3000f_00001,27
FAR,Vgat/0730,0.56162311405315,43.5147706842627,18.125,roi2_1.6x_x1050y2250_z63_2000f_11.5lp_00001,58,roi2_2.2x_x1050y2250_z80_2000f_11.5lp_00001,56
FAR,Vglut2/0728,0.561544570958008,33.7962417904137,30.3125,fov1_1.7x_y1650x1320_z35_3000f_15lp_00001,11,fov1_2x_y1700x1350_z5_6000f_15.5lp_00001,2
FAR,Vgat/0730,0.561501528828607,136.27873895388,39.999,roi2_2x_x1050y2250_z120_2000f_14lp_00001,40,roi2_2x_x1050y2250_z160_2000f_16lp_00001,75
FAR,Vglut2/1124,0.561416003102964,22.0415902327018,20,roi3_-1000-300-40_32lp_930_x1.4_256x512_3000f_00001,21,roi3_-1000-300-60_38lp_930_x1.4_256x512_3000f_00001,19
FAR,Vglut2/0728,0.56138214146139,43.7039011631123,1.5625,fov1_1.7x_y1650x1320_z30_3000f_15lp_00001,29,fov1_2.1x_y1350x1310_z30_3000f_13lp_00001,27
FAR,Vglut2/1124,0.561265696297845,86.802504699862,20,roi3_-1000-300-40_32lp_930_x1.4_256x512_3000f_00001,6,roi3_-1000-300-60_38lp_930_x1.4_256x512_3000f_00001,11
FAR,Vgat/0730,0.561164735698822,108.995861980194,30,roi1_3x_x950y1200_z40_6000f_14lp_00001,14,roi1_3x_x950y1000_z70_6000f_15lp_00001,28
FAR,Vgat/0730,0.561108437411673,55.4697362500725,29.375,roi1_1.6x_x1050y1000_z100_3000f_17.5lp_00001,69,roi1_3x_x950y1000_z70_6000f_15lp_00001,32
FAR,Sert/0721,0.560911198502932,49.5294386328452,11.875,ro5_1.6x_x1200y-400_z0_26lp_6000f_00001,32,ro6_1.6x_x1200y-700_z0_26lp_6000f_00001,29
FAR,Sert/0721,0.560851682091192,148.681631345594,5,ro1_2x_x1018y1130_z10_20lp_6000f_00001,42,ro1_2x_x1018y1130_z15_20lp_6000f_00001,29
FAR,Vglut2/0728,0.56084025355401,122.960390260124,20.3125,fov1_1.7x_y1650x1320_z30_3000f_15lp_00001,15,fov1_2x_y1700x1350_z5_6000f_15.5lp_00002,16
FAR,Vglut2/0728,0.560829551078893,110.386828717704,10.3125,fov1_2x_y1700x1350_z15_6000f_16lp_00001,39,fov1_2x_y1700x1350_z5_6000f_15.5lp_00002,16
FAR,Vglut2/1124,0.560777334792007,34.0934254214865,20,roi3_-1000-300-40_32lp_930_x1.4_256x512_3000f_00001,88,roi3_-1000-300-60_38lp_930_x1.4_256x512_3000f_00001,116
FAR,Vgat/0730,0.56058592119249,82.5213689890129,20.001,roi1_2.4x_x1300y900_z250_3000f_30lp_00001,4,roi1_3x_x1350y850_z265_3000f_31lp_00001,15
FAR,Vglut2/1124,0.560568911027822,145.827859967642,20,roi3_-1000-300-40_32lp_930_x1.4_256x512_3000f_00001,21,roi3_-1000-300-60_38lp_930_x1.4_256x512_3000f_00001,50
FAR,Vgat/0730,0.560502268367407,108.14371080691,30,roi1_3x_x950y1200_z40_6000f_14lp_00001,8,roi1_3x_x950y1000_z70_6000f_15lp_00001,5
FAR,Vgat/0730,0.560495700605484,103.928607791293,39.999,roi2_2x_x1050y2250_z120_2000f_14lp_00001,47,roi2_2x_x1050y2250_z160_2000f_16lp_00001,46
FAR,Sert/0721,0.560272886374278,55.4258517068171,15.9375,ro1_2x_x1018y1130_z25_26lp_6000f_00001,1,ro3_4x_x700y-1233_z-10_24.5lp_6000f_00001,14
FAR,Sert/0721,0.560218893384388,54.369048264724,5.9375,ro1_2x_x1018y1130_z15_20lp_6000f_00001,22,ro3_4x_x700y-1233_z-10_24.5lp_6000f_00001,19
FAR,Vgat/0730,0.560114057656766,66.3303671796784,15,roi2_1.6x_x1050y2250_z50_2000f_10.5lp_00001,4,roi2_1.6x_x1050y2250_z63_2000f_11.5lp_00001,15
FAR,Sert/0721,0.559988212723774,131.640412512853,11.875,ro5_1.6x_x1200y-400_z0_26lp_6000f_00001,19,ro6_1.6x_x1200y-700_z0_26lp_6000f_00001,31
FAR,Vglut2/0224/pFN,0.559948881010884,60.9847243660054,0.9375,pFN_roi1_z0_512x512_6x_2000f_00001,6,pFN_roi2_z5_25x_512x512_3x_6000f_00001,4
FAR,Vglut2/0728,0.559923509309565,141.257188738033,20.3125,fov1_2x_y1700x1350_z0_6000f_15.5lp_00001,4,fov1_2x_y1700x1350_z15_6000f_16lp_00001,29
NEAR,Vglut2/0728,0.559844429251626,0.595964861794681,10,fov1_1.7x_y1650x1320_z30_3000f_15lp_00001,12,fov1_1.7x_y1650x1320_z40_3000f_17lp_00001,16
FAR,Vgat/0730,0.559776692590495,142.946745500603,21.2495,roi2_2.2x_x1050y2250_z100_2000f_12lp_00001,11,roi2_2.2x_x1050y2250_z80_2000f_11.5lp_00001,58
FAR,Vglut2/0728,0.559741383523952,112.206335686888,5,fov1_2x_y1700x1350_z15_6000f_17.5lp_00001,16,fov1_2x_y1700x1350_z5_6000f_15.5lp_00002,17
FAR,Vgat/0730,0.559740456299846,71.9782650313396,40.6255,roi2_2.2x_x1050y2250_z80_2000f_11.5lp_00001,36,roi2_2x_x1050y2250_z120_2000f_14lp_00001,5
FAR,Vgat/0730,0.55973285447935,87.4780655984425,21.2495,roi2_2.2x_x1050y2250_z100_2000f_12lp_00001,36,roi2_2.2x_x1050y2250_z80_2000f_11.5lp_00001,47
NEAR,Vglut2/0728,0.559534561850848,2.36169552785526,15,fov1_1.7x_y1650x1320_z40_3000f_17lp_00001,29,fov1_2x_y1700x1350_z25_3000f_16lp_00001,25
FAR,Sert/0721,0.559529251563611,53.9453565795359,0.9375,ro1_2x_x1018y1130_z10_20lp_6000f_00001,30,ro3_4x_x700y-1233_z-10_24.5lp_6000f_00001,19
FAR,Vglut2/0728,0.559369102811224,92.5659957263347,11.5625,fov1_1.7x_y1650x1320_z40_3000f_17lp_00001,39,fov1_2.1x_y1350x1310_z30_3000f_13lp_00001,11
FAR,Vglut2/0224/pFN,0.559195101710185,69.3429032410422,0.9375,pFN_roi1_z0_512x512_6x_2000f_00001,11,pFN_roi2_z5_25x_512x512_3x_6000f_00001,7
FAR,Vglut2/0224/pFN,0.559114036345486,102.523475598978,0.9375,pFN_roi1_z0_512x512_6x_2000f_00001,3,pFN_roi2_z5_25x_512x512_3x_6000f_00001,20
FAR,Vglut2/0728,0.559013423972404,43.9384241157664,5,fov1_1.7x_y1650x1320_z30_3000f_15lp_00001,22,fov1_2x_y1700x1350_z25_3000f_16lp_00001,14
FAR,Sert/0721,0.55884523245779,42.7276288063485,1.5625,ro7_1.6x_x1000y-1000_z0_26lp_6000f_00001,8,roi7_1.8x_x-1000-1000_z0_16lp_3000f_00001,10
FAR,Vgat/0730,0.558804529778902,25.339558104369,10.3125,roi1_2.4x_x950y1000_z85_6000f_14.5lp_00001,34,roi1_3x_x950y1000_z70_6000f_15lp_00001,28
FAR,Vglut2/0728,0.558792761025114,108.599794981305,5,fov1_1.7x_y1650x1320_z30_3000f_15lp_00001,23,fov1_2x_y1700x1350_z25_3000f_16lp_00001,13
FAR,Vglut2/1124,0.558701355159032,129.630826230903,20,roi3_-1000-300-40_32lp_930_x1.4_256x512_3000f_00001,65,roi3_-1000-300-60_38lp_930_x1.4_256x512_3000f_00001,74
FAR,Sert/0721,0.55856390423046,146.004977141143,11.25,ro6_1.6x_x1200y-700_z0_26lp_6000f_00001,22,ro7_1.6x_x1000y-1000_z0_26lp_6000f_00001,40
FAR,Vglut2/0728,0.558452720301068,146.246990039254,15,fov1_2x_y1700x1350_z0_6000f_15.5lp_00001,9,fov1_2x_y1700x1350_z15_6000f_17.5lp_00001,4
FAR,Sert/0721,0.558401978950915,113.904168171946,1.5625,ro7_1.6x_x1000y-1000_z0_26lp_6000f_00001,42,roi7_1.8x_x-1000-1000_z0_16lp_3000f_00001,18
FAR,Vglut2/1124,0.558284622562209,83.9294147968752,20,roi3_-1000-300-40_32lp_930_x1.4_256x512_3000f_00001,33,roi3_-1000-300-60_38lp_930_x1.4_256x512_3000f_00001,21
FAR,Sert/0721,0.558234743904502,33.7303773443307,11.875,ro5_1.6x_x1200y-400_z0_26lp_6000f_00001,64,ro6_1.6x_x1200y-700_z0_26lp_6000f_00001,38
FAR,Sert/0721,0.557901749163058,145.429068778216,0.9375,ro1_2x_x1018y1130_z10_20lp_6000f_00001,41,ro3_4x_x700y-1233_z-10_24.5lp_6000f_00001,16
FAR,Sert/0721,0.557867957905159,42.4861865549663,1.5625,ro7_1.6x_x1000y-1000_z0_26lp_6000f_00001,20,roi7_1.8x_x-1000-1000_z0_16lp_3000f_00001,13
FAR,Sert/0721,0.557722177643893,105.44852758879,15,ro1_2x_x1018y1130_z10_20lp_6000f_00001,31,ro1_2x_x1018y1130_z25_26lp_6000f_00001,5
FAR,Vglut2/0728,0.557530706820903,51.6520597962275,5,fov1_1.7x_y1650x1320_z30_3000f_15lp_00001,12,fov1_2x_y1700x1350_z25_3000f_16lp_00001,7
FAR,Vglut2/1124,0.557441894539756,33.3095812108877,5.3125,roi5_1400-1230-0_x4.4_15lp_6000f_00001,14,roi5_1400-1300-0_18lp_930_x4_512x512_6000f_00002,19
FAR,Vglut2/0728,0.557365110994037,73.8681227413388,15.3125,fov1_1.7x_y1650x1320_z30_3000f_15lp_00001,8,fov1_2x_y1700x1350_z15_6000f_17.5lp_00001,11
FAR,Vglut2/1124,0.557037357777135,102.470868241042,5.3125,roi5_1400-1230-0_x4.4_15lp_6000f_00001,23,roi5_1400-1300-0_18lp_930_x4_512x512_6000f_00002,18
FAR,Vglut2/0728,0.557032113672819,92.5415840007188,3.4375,fov1_2.1x_y1350x1310_z30_3000f_13lp_00001,11,fov1_2x_y1700x1350_z25_3000f_16lp_00001,7
NEAR,Vglut2/0728,0.556955988495049,1.54245893079806,15,fov1_1.7x_y1650x1320_z40_3000f_17lp_00001,50,fov1_2x_y1700x1350_z25_3000f_16lp_00001,43
FAR,Vgat/0730,0.556935127221585,49.7301952850037,18.125,roi2_1.6x_x1050y2250_z63_2000f_11.5lp_00001,47,roi2_2.2x_x1050y2250_z80_2000f_11.5lp_00001,36
FAR,Sert/0721,0.556892502251227,113.12626006092,9.6875,ro6_1.6x_x1200y-700_z0_26lp_6000f_00001,9,roi7_1.8x_x-1000-1000_z0_16lp_3000f_00001,36
FAR,Vgat/0730,0.556674081666847,46.8405606597662,40.6255,roi2_2.2x_x1050y2250_z80_2000f_11.5lp_00001,56,roi2_2x_x1050y2250_z120_2000f_14lp_00001,29
FAR,Vglut2/1124,0.556440848580089,101.943035220753,30,roi3_-1000-300-60_38lp_930_x1.4_256x512_3000f_00001,62,roi3_-650-380-30_26lp_930_x1.2_256x512_3000f_00001,148
FAR,Sert/0721,0.556405249926452,64.7149750495928,0.9375,ro1_2x_x1018y1130_z10_20lp_6000f_00001,9,ro3_4x_x700y-1233_z-10_24.5lp_6000f_00001,15
NEAR,Vglut2/0728,0.556193499718088,1.55277238944339,11.5625,fov1_1.7x_y1650x1320_z40_3000f_17lp_00001,36,fov1_2.1x_y1350x1310_z30_3000f_13lp_00001,22
FAR,Vglut2/1124,0.556181291884028,120.808594853547,5.3125,roi5_1400-1230-0_x4.4_15lp_6000f_00001,11,roi5_1400-1300-0_18lp_930_x4_512x512_6000f_00002,6
FAR,Vgat/0730,0.556051818966462,101.335620473169,5.625,roi2_1.5x_x1050y2250_z35_2000f_8lp_00001,10,roi2_1.6x_x1050y2250_z50_2000f_10.5lp_00001,17
NEAR,Sert/0721,0.55601651823532,2.49442315843028,5,ro1_2x_x1018y1130_z10_20lp_6000f_00001,25,ro1_2x_x1018y1130_z15_20lp_6000f_00001,22
FAR,Vgat/0730,0.55598910288665,147.765091590212,38.75,roi2_1.5x_x1050y2250_z35_2000f_8lp_00001,18,roi2_2.2x_x1050y2250_z80_2000f_11.5lp_00001,4
NEAR,Vglut2/0728,0.555977016831936,3.09986094564559,15,fov1_1.7x_y1650x1320_z35_3000f_15lp_00001,25,fov1_2x_y1700x1350_z15_6000f_16lp_00001,18
FAR,Sert/0721,0.555801584601836,131.883958575902,5,ro1_2x_x1018y1130_z10_20lp_6000f_00001,36,ro1_2x_x1018y1130_z15_20lp_6000f_00001,41
FAR,Sert/0721,0.55576513309639,55.6253520445684,10,ro1_2x_x1018y1130_z15_20lp_6000f_00001,40,ro1_2x_x1018y1130_z25_26lp_6000f_00001,4
FAR,Vglut2/1124,0.555762117580515,41.1642905122411,20,roi3_-1000-300-40_32lp_930_x1.4_256x512_3000f_00001,61,roi3_-1000-300-60_38lp_930_x1.4_256x512_3000f_00001,92
FAR,Vgat/0730,0.555708145469313,115.644943397055,19.0625,roi1_1.6x_x1050y1000_z100_3000f_17.5lp_00001,12,roi1_2.4x_x950y1000_z85_6000f_14.5lp_00001,6
FAR,Sert/0721,0.555681484774625,115.805696342066,11.875,ro5_1.6x_x1200y-400_z0_26lp_6000f_00001,40,ro6_1.6x_x1200y-700_z0_26lp_6000f_00001,29
NEAR,Sert/0721,0.555655078242218,4.28090141780412,15,ro1_2x_x1018y1130_z10_20lp_6000f_00001,25,ro1_2x_x1018y1130_z25_26lp_6000f_00001,1
FAR,Vglut2/0728,0.555623818554813,114.745892665612,25.3125,fov1_1.7x_y1650x1320_z30_3000f_15lp_00001,35,fov1_2x_y1700x1350_z5_6000f_15.5lp_00001,4
FAR,Vglut2/0728,0.555465049724254,84.858896511095,25.3125,fov1_1.7x_y1650x1320_z40_3000f_17lp_00001,36,fov1_2x_y1700x1350_z15_6000f_17.5lp_00001,21
FAR,Vglut2/1124,0.555448420454193,100.148736626186,20,roi3_-1000-300-40_32lp_930_x1.4_256x512_3000f_00001,25,roi3_-1000-300-60_38lp_930_x1.4_256x512_3000f_00001,9
FAR,Vgat/0730,0.555430046176176,98.9947422181432,21.2495,roi2_2.2x_x1050y2250_z100_2000f_12lp_00001,31,roi2_2.2x_x1050y2250_z80_2000f_11.5lp_00001,48
FAR,Vgat/0730,0.555420627636841,13.3229747182546,18.125,roi2_1.6x_x1050y2250_z63_2000f_11.5lp_00001,47,roi2_2.2x_x1050y2250_z80_2000f_11.5lp_00001,27
FAR,Vgat/0730,0.555332538561616,143.671366428756,20.625,roi2_1.5x_x1050y2250_z35_2000f_8lp_00001,5,roi2_1.6x_x1050y2250_z63_2000f_11.5lp_00001,47
FAR,Vglut2/0224/pFN,0.555325740521819,32.1292141099045,0.9375,pFN_roi1_z0_512x512_6x_2000f_00001,6,pFN_roi2_z5_25x_512x512_3x_6000f_00001,3
FAR,Vglut2/0728,0.555203617409932,135.875720841458,25.3125,fov1_1.7x_y1650x1320_z40_3000f_17lp_00001,54,fov1_2x_y1700x1350_z15_6000f_17.5lp_00001,25
FAR,Vglut2/1124,0.555120464418262,118.176500199848,20,roi3_-1000-300-40_32lp_930_x1.4_256x512_3000f_00001,58,roi3_-1000-300-60_38lp_930_x1.4_256x512_3000f_00001,109
FAR,Vglut2/0728,0.554971215024756,50.6440039534305,3.4375,fov1_2.1x_y1350x1310_z30_3000f_13lp_00001,6,fov1_2x_y1700x1350_z25_3000f_16lp_00001,7
FAR,Vgat/0730,0.554961840508927,146.906284623748,21.2495,roi2_2.2x_x1050y2250_z100_2000f_12lp_00001,3,roi2_2.2x_x1050y2250_z80_2000f_11.5lp_00001,26
FAR,Vgat/0730,0.554928247411845,123.640691494788,15,roi2_1.6x_x1050y2250_z50_2000f_10.5lp_00001,15,roi2_1.6x_x1050y2250_z63_2000f_11.5lp_00001,18
FAR,Vgat/0730,0.554798865620756,105.900681412765,29.375,roi1_1.6x_x1050y1000_z100_3000f_17.5lp_00001,66,roi1_3x_x950y1000_z70_6000f_15lp_00001,28
FAR,Sert/0721,0.554725987356221,146.785430543206,15.9375,ro1_2x_x1018y1130_z25_26lp_6000f_00001,1,ro3_4x_x700y-1233_z-10_24.5lp_6000f_00001,5
FAR,Vglut2/0224/pFN,0.55471557667758,103.254192494024,0.9375,pFN_roi1_z0_512x512_6x_2000f_00001,11,pFN_roi2_z5_25x_512x512_3x_6000f_00001,19
FAR,Vgat/0730,0.554691452722167,62.739932210158,11.875,roi1_3.2x_x1100y1050_z6_6000f_12lp_00001,5,roi1_3x_x1100y950_z8_3000f_11.5lp_00001,8
FAR,Vgat/0730,0.554684495125309,142.45206814267,39.999,roi2_2x_x1050y2250_z120_2000f_14lp_00001,36,roi2_2x_x1050y2250_z160_2000f_16lp_00001,60
FAR,Sert/0721,0.554606552033188,145.063024202287,9.6875,ro6_1.6x_x1200y-700_z0_26lp_6000f_00001,13,roi7_1.8x_x-1000-1000_z0_16lp_3000f_00001,42
FAR,Sert/0721,0.554464956642309,69.8426394385309,0.9375,ro1_2x_x1018y1130_z10_20lp_6000f_00001,18,ro3_4x_x700y-1233_z-10_24.5lp_6000f_00001,15
FAR,Vglut2/0728,0.554440804694114,120.495829330205,10,fov1_2x_y1700x1350_z15_6000f_17.5lp_00001,29,fov1_2x_y1700x1350_z5_6000f_15.5lp_00001,8
FAR,Vgat/0730,0.554417020405414,122.501474024099,30,roi1_3x_x950y1200_z40_6000f_14lp_00002,8,roi1_3x_x950y1000_z70_6000f_15lp_00001,25
FAR,Vgat/0730,0.554346309057198,61.4088454452613,39.3745,roi2_1.6x_x1050y2250_z63_2000f_11.5lp_00001,34,roi2_2.2x_x1050y2250_z100_2000f_12lp_00001,6
FAR,Vglut2/0728,0.554260864528065,114.795390206291,5,fov1_1.7x_y1650x1320_z35_3000f_15lp_00001,17,fov1_1.7x_y1650x1320_z40_3000f_17lp_00001,4
FAR,Vgat/0730,0.554088866362949,99.8419674213091,19.0625,roi1_1.6x_x1050y1000_z100_3000f_17.5lp_00001,57,roi1_2.4x_x950y1000_z85_6000f_14.5lp_00001,39
FAR,Vglut2/1124,0.553975967280006,69.7583393769737,20,roi3_-1000-300-40_32lp_930_x1.4_256x512_3000f_00001,65,roi3_-1000-300-60_38lp_930_x1.4_256x512_3000f_00001,73
FAR,Sert/0721,0.55386129381977,72.4309482657214,3.125,ro1_2x_x1018y1130_z10_20lp_6000f_00001,42,ro3_2.5x_x450y1500_z-15_28.5lp_6000f_00003,5
FAR,Vglut2/0728,0.553722545165211,45.2686486328993,13.75,fov1_2.1x_y1350x1310_z30_3000f_13lp_00001,17,fov1_2x_y1700x1350_z15_6000f_17.5lp_00001,26
FAR,Sert/0721,0.553660875538821,55.4762372446712,15,ro1_2x_x1018y1130_z10_20lp_6000f_00001,37,ro1_2x_x1018y1130_z25_26lp_6000f_00001,7
FAR,Vgat/0730,0.553653444635173,16.2088282698777,39.999,roi2_2x_x1050y2250_z120_2000f_14lp_00001,36,roi2_2x_x1050y2250_z160_2000f_16lp_00001,20
FAR,Sert/0721,0.553398985503694,90.7471925472233,1.5625,ro7_1.6x_x1000y-1000_z0_26lp_6000f_00001,34,roi7_1.8x_x-1000-1000_z0_16lp_3000f_00001,43
FAR,Vglut2/0728,0.55336811770052,143.507708902198,15,fov1_1.7x_y1650x1320_z35_3000f_15lp_00001,4,fov1_2x_y1700x1350_z15_6000f_16lp_00001,20
FAR,Vgat/0730,0.553279378051006,134.243587647536,18.125,roi2_1.6x_x1050y2250_z63_2000f_11.5lp_00001,58,roi2_2.2x_x1050y2250_z80_2000f_11.5lp_00001,32
FAR,Vglut2/0728,0.553249143765325,123.24004494668,20.3125,fov1_1.7x_y1650x1320_z35_3000f_15lp_00001,3,fov1_2x_y1700x1350_z15_6000f_17.5lp_00001,7
FAR,Vglut2/0728,0.553116355559067,119.464300026607,48.125,fov1_5x_y1900x1320_z60_6000f_17lp_00001,1,fov1_2x_y1700x1350_z5_6000f_15.5lp_00002,22
FAR,Vglut2/0728,0.553001441745896,36.0886192502858,20.3125,fov1_2x_y1700x1350_z0_6000f_15.5lp_00001,6,fov1_2x_y1700x1350_z15_6000f_16lp_00001,14
FAR,Vgat/0730,0.552874695287995,85.8375827332644,40.6255,roi2_2.2x_x1050y2250_z80_2000f_11.5lp_00001,4,roi2_2x_x1050y2250_z120_2000f_14lp_00001,2
FAR,Vgat/0730,0.552874573332918,68.3150511377862,39.999,roi2_2x_x1050y2250_z120_2000f_14lp_00001,25,roi2_2x_x1050y2250_z160_2000f_16lp_00001,9
FAR,Vglut2/0224/pFN,0.55268780140912,58.6841144002788,2.1875,pFN_roi2_z5_25x_512x512_3x_6000f_00001,5,pFN_roi2_z5_512x512_6x_6000f_00001,6
FAR,Vglut2/0728,0.552681806857884,116.703307293108,15.3125,fov1_1.7x_y1650x1320_z30_3000f_15lp_00001,7,fov1_2x_y1700x1350_z15_6000f_17.5lp_00001,11
FAR,Vglut2/1124,0.552669726379314,44.3636281838383,20,roi3_-1000-300-40_32lp_930_x1.4_256x512_3000f_00001,90,roi3_-1000-300-60_38lp_930_x1.4_256x512_3000f_00001,123
FAR,Vglut2/0728,0.552560934291345,137.12737735541,15,fov1_1.7x_y1650x1320_z40_3000f_17lp_00001,32,fov1_2x_y1700x1350_z25_3000f_16lp_00001,7
FAR,Sert/0721,0.55245427945398,98.7786164723267,11.25,ro6_1.6x_x1200y-700_z0_26lp_6000f_00001,13,ro7_1.6x_x1000y-1000_z0_26lp_6000f_00001,41
FAR,Sert/0721,0.5522233994901,143.72211501364,4.0625,ro3_2.5x_x450y1500_z-15_28.5lp_6000f_00003,5,ro3_4x_x700y-1233_z-10_24.5lp_6000f_00001,15
FAR,Vglut2/1124,0.552217431816005,40.7833011179437,20,roi3_-1000-300-40_32lp_930_x1.4_256x512_3000f_00001,50,roi3_-1000-300-60_38lp_930_x1.4_256x512_3000f_00001,62
FAR,Vglut2/0728,0.552113712265947,113.013348564286,15,fov1_1.7x_y1650x1320_z35_3000f_15lp_00001,39,fov1_2x_y1700x1350_z15_6000f_16lp_00001,20
FAR,Vgat/0730,0.552021280613991,91.874230589609,40.6255,roi2_2.2x_x1050y2250_z80_2000f_11.5lp_00001,64,roi2_2x_x1050y2250_z120_2000f_14lp_00001,31
FAR,Vglut2/1124,0.551550625275853,134.311532069543,20,roi3_-1000-300-40_32lp_930_x1.4_256x512_3000f_00001,86,roi3_-1000-300-60_38lp_930_x1.4_256x512_3000f_00001,95
FAR,Vgat/0730,0.551452228494132,10.38451590519,33.125,roi2_1.6x_x1050y2250_z50_2000f_10.5lp_00001,23,roi2_2.2x_x1050y2250_z80_2000f_11.5lp_00001,55
FAR,Vgat/0730,0.551433902974438,123.188699567822,29.375,roi1_1.6x_x1050y1000_z100_3000f_17.5lp_00001,51,roi1_3x_x950y1000_z70_6000f_15lp_00001,16
FAR,Vglut2/0728,0.551368117523098,149.563791879478,20.3125,fov1_1.7x_y1650x1320_z30_3000f_15lp_00001,19,fov1_2x_y1700x1350_z5_6000f_15.5lp_00002,6
FAR,Vgat/0730,0.551287488895806,102.197482158987,21.2495,roi2_2.2x_x1050y2250_z100_2000f_12lp_00001,2,roi2_2.2x_x1050y2250_z80_2000f_11.5lp_00001,5
FAR,Vglut2/1124,0.551206486784912,122.211794867186,5.3125,roi5_1400-1230-0_x4.4_15lp_6000f_00001,5,roi5_1400-1300-0_18lp_930_x4_512x512_6000f_00002,22
FAR,Vglut2/1124,0.551161571678827,149.718741001344,20,roi3_-1000-300-40_32lp_930_x1.4_256x512_3000f_00001,90,roi3_-1000-300-60_38lp_930_x1.4_256x512_3000f_00001,98
FAR,Vglut2/1124,0.551087251224898,40.4325246560339,20,roi3_-1000-300-40_32lp_930_x1.4_256x512_3000f_00001,81,roi3_-1000-300-60_38lp_930_x1.4_256x512_3000f_00001,108
FAR,Vglut2/0728,0.551041960731362,142.088683956513,20.3125,fov1_2x_y1700x1350_z0_6000f_15.5lp_00001,6,fov1_2x_y1700x1350_z15_6000f_16lp_00001,33
FAR,Vglut2/1124,0.550774148685815,144.12619175513,20,roi3_-1000-300-40_32lp_930_x1.4_256x512_3000f_00001,40,roi3_-1000-300-60_38lp_930_x1.4_256x512_3000f_00001,21
FAR,Vglut2/0728,0.550645609607787,53.3443742039698,1.5625,fov1_1.7x_y1650x1320_z30_3000f_15lp_00001,12,fov1_2.1x_y1350x1310_z30_3000f_13lp_00001,4
FAR,Vglut2/0728,0.550639016199014,80.0104471536434,5,fov1_2x_y1700x1350_z15_6000f_16lp_00001,14,fov1_2x_y1700x1350_z25_3000f_16lp_00001,13
FAR,Sert/0721,0.550626929919321,94.784477151236,10,ro1_2x_x1018y1130_z15_20lp_6000f_00001,40,ro1_2x_x1018y1130_z25_26lp_6000f_00001,10
FAR,Vgat/0730,0.550624413851163,124.9239167102,29.375,roi1_1.6x_x1050y1000_z100_3000f_17.5lp_00001,38,roi1_3x_x950y1000_z70_6000f_15lp_00001,26
FAR,Sert/0721,0.55046441579138,47.1890409948013,15,ro1_2x_x1018y1130_z10_20lp_6000f_00001,43,ro1_2x_x1018y1130_z25_26lp_6000f_00001,6
FAR,Vglut2/0728,0.550416086974624,58.9168137185,25.3125,fov1_1.7x_y1650x1320_z40_3000f_17lp_00001,37,fov1_2x_y1700x1350_z15_6000f_17.5lp_00001,26
FAR,Vgat/0730,0.550409172260474,119.642169582871,21.2495,roi2_2.2x_x1050y2250_z100_2000f_12lp_00001,22,roi2_2.2x_x1050y2250_z80_2000f_11.5lp_00001,51
FAR,Sert/0721,0.550383359304335,147.736705682854,9.6875,ro6_1.6x_x1200y-700_z0_26lp_6000f_00001,22,roi7_1.8x_x-1000-1000_z0_16lp_3000f_00001,35
FAR,Sert/0721,0.5503789204613,109.787631832207,11.875,ro5_1.6x_x1200y-400_z0_26lp_6000f_00001,72,ro6_1.6x_x1200y-700_z0_26lp_6000f_00001,38
FAR,Vglut2/0728,0.550253631525073,105.394647310689,23.75,fov1_2.1x_y1350x1310_z30_3000f_13lp_00001,3,fov1_2x_y1700x1350_z5_6000f_15.5lp_00001,8
FAR,Vglut2/0728,0.550204715509818,100.009569984297,10.3125,fov1_2x_y1700x1350_z15_6000f_17.5lp_00001,6,fov1_2x_y1700x1350_z25_3000f_16lp_00001,15
FAR,Vglut2/0728,0.550165116197927,148.178876008936,1.5625,fov1_1.7x_y1650x1320_z30_3000f_15lp_00001,32,fov1_2.1x_y1350x1310_z30_3000f_13lp_00001,6
FAR,Sert/0721,0.550145220102193,122.692734018039,0.9375,ro1_2x_x1018y1130_z10_20lp_6000f_00001,30,ro3_4x_x700y-1233_z-10_24.5lp_6000f_00001,14
FAR,Vgat/0730,0.550050371218174,131.810848655833,8.125,roi1_1.4x_x1100y1050_z6_5000f_13lp_00001,5,roi1_1.2x_x1100y1050_z0_5000f_14lp_00001,9
FAR,Sert/0721,0.550042931812596,126.259732271082,3.125,ro1_2x_x1018y1130_z10_20lp_6000f_00001,43,ro3_2.5x_x450y1500_z-15_28.5lp_6000f_00003,22
FAR,Sert/0721,0.550018192402085,128.783679864814,5.9375,ro1_2x_x1018y1130_z15_20lp_6000f_00001,18,ro3_4x_x700y-1233_z-10_24.5lp_6000f_00001,1
FAR,Vglut2/0728,0.549969237273283,71.7456771131554,5.3125,fov1_2x_y1700x1350_z15_6000f_16lp_00001,15,fov1_2x_y1700x1350_z15_6000f_17.5lp_00001,21
FAR,Vgat/0730,0.549757459404846,72.3098659868917,21.2495,roi2_2.2x_x1050y2250_z100_2000f_12lp_00001,22,roi2_2.2x_x1050y2250_z80_2000f_11.5lp_00001,53
FAR,Vglut2/1124,0.54971249224847,55.165371004706,20,roi3_-1000-300-40_32lp_930_x1.4_256x512_3000f_00001,75,roi3_-1000-300-60_38lp_930_x1.4_256x512_3000f_00001,116
FAR,Vglut2/1124,0.54966888494568,105.18100791021,20,roi3_-1000-300-40_32lp_930_x1.4_256x512_3000f_00001,35,roi3_-1000-300-60_38lp_930_x1.4_256x512_3000f_00001,21
FAR,Vglut2/1124,0.549335222825621,137.650946653569,20,roi3_-1000-300-40_32lp_930_x1.4_256x512_3000f_00001,66,roi3_-1000-300-60_38lp_930_x1.4_256x512_3000f_00001,124
FAR,Sert/0721,0.549306868769694,100.764348279805,11.875,ro5_1.6x_x1200y-400_z0_26lp_6000f_00001,32,ro6_1.6x_x1200y-700_z0_26lp_6000f_00001,18
FAR,Vglut2/0728,0.549276042595182,56.7444424409159,5,fov1_2x_y1700x1350_z15_6000f_17.5lp_00001,29,fov1_2x_y1700x1350_z5_6000f_15.5lp_00002,20
FAR,Sert/0721,0.549235006028059,105.93809581708,5.9375,ro1_2x_x1018y1130_z15_20lp_6000f_00001,30,ro3_4x_x700y-1233_z-10_24.5lp_6000f_00001,15
FAR,Sert/0721,0.549221154446413,66.5513981606921,5,ro1_2x_x1018y1130_z10_20lp_6000f_00001,41,ro1_2x_x1018y1130_z15_20lp_6000f_00001,30
FAR,Vglut2/0728,0.54920730615007,77.1077988461031,10,fov1_2x_y1700x1350_z15_6000f_17.5lp_00001,24,fov1_2x_y1700x1350_z5_6000f_15.5lp_00001,8
FAR,Vglut2/0728,0.548993291581553,143.258788953381,10,fov1_1.7x_y1650x1320_z30_3000f_15lp_00001,4,fov1_2x_y1700x1350_z15_6000f_16lp_00001,19
FAR,Sert/0721,0.548929395956116,125.930283887231,5,ro1_2x_x1018y1130_z10_20lp_6000f_00001,23,ro1_2x_x1018y1130_z15_20lp_6000f_00001,22
FAR,Vglut2/0728,0.548778111543726,143.404482759987,3.4375,fov1_2.1x_y1350x1310_z30_3000f_13lp_00001,1,fov1_2x_y1700x1350_z25_3000f_16lp_00001,20
FAR,Sert/0721,0.548710152892406,114.192631340323,11.875,ro1_2x_x1018y1130_z25_26lp_6000f_00001,15,ro3_2.5x_x450y1500_z-15_28.5lp_6000f_00003,4
FAR,Sert/0721,0.548667610629487,41.8065827969687,1.5625,ro7_1.6x_x1000y-1000_z0_26lp_6000f_00001,49,roi7_1.8x_x-1000-1000_z0_16lp_3000f_00001,47
FAR,Sert/0721,0.548610484501845,7.50613158425783,11.875,ro5_1.6x_x1200y-400_z0_26lp_6000f_00001,40,ro6_1.6x_x1200y-700_z0_26lp_6000f_00001,31
FAR,Vgat/0730,0.548601324790111,145.243019530072,39.3745,roi2_1.6x_x1050y2250_z63_2000f_11.5lp_00001,47,roi2_2.2x_x1050y2250_z100_2000f_12lp_00001,31
FAR,Vglut2/0728,0.548596460611699,132.196810423109,35.3125,fov1_1.7x_y1650x1320_z35_3000f_15lp_00001,34,fov1_2x_y1700x1350_z0_6000f_15.5lp_00001,16
NEAR,Vglut2/0728,0.548466812389867,0.420416483829777,5,fov1_1.7x_y1650x1320_z30_3000f_15lp_00001,44,fov1_2x_y1700x1350_z25_3000f_16lp_00001,44
FAR,Vglut2/0728,0.548219853987236,123.90615628734,5,fov1_1.7x_y1650x1320_z30_3000f_15lp_00001,43,fov1_1.7x_y1650x1320_z35_3000f_15lp_00001,36
FAR,Vglut2/0728,0.548147264481425,100.248561555289,28.75,fov1_2.1x_y1350x1310_z30_3000f_13lp_00001,7,fov1_2x_y1700x1350_z0_6000f_15.5lp_00001,10
FAR,Sert/0721,0.548124566707462,143.698785834923,3.125,ro1_2x_x1018y1130_z10_20lp_6000f_00001,19,ro3_2.5x_x450y1500_z-15_28.5lp_6000f_00003,5
FAR,Sert/0721,0.548042060676274,46.0842099593874,11.875,ro1_2x_x1018y1130_z25_26lp_6000f_00001,11,ro3_2.5x_x450y1500_z-15_28.5lp_6000f_00003,7
FAR,Vglut2/1124,0.547984992682425,99.1739838452606,20,roi3_-1000-300-40_32lp_930_x1.4_256x512_3000f_00001,36,roi3_-1000-300-60_38lp_930_x1.4_256x512_3000f_00001,40
FAR,Vgat/0730,0.547973828124989,106.742838808802,40.3125,roi1_3x_x950y1200_z40_6000f_14lp_00002,8,roi1_2.4x_x950y1000_z85_6000f_14.5lp_00001,34
FAR,Vglut2/0728,0.547961124372886,115.704999063317,8.4375,fov1_2.1x_y1350x1310_z30_3000f_13lp_00001,1,fov1_2x_y1700x1350_z15_6000f_16lp_00001,16
FAR,Vgat/0730,0.547924888230538,103.653400427365,38.75,roi2_1.5x_x1050y2250_z35_2000f_8lp_00001,31,roi2_2.2x_x1050y2250_z80_2000f_11.5lp_00001,47
FAR,Sert/0721,0.547808244072807,139.195853413696,1.5625,ro7_1.6x_x1000y-1000_z0_26lp_6000f_00001,32,roi7_1.8x_x-1000-1000_z0_16lp_3000f_00001,41
FAR,Sert/0721,0.547794831906233,126.630995441591,0.9375,ro1_2x_x1018y1130_z10_20lp_6000f_00001,13,ro3_4x_x700y-1233_z-10_24.5lp_6000f_00001,8
FAR,Sert/0721,0.547715350527611,140.307619284266,5.9375,ro1_2x_x1018y1130_z15_20lp_6000f_00001,29,ro3_4x_x700y-1233_z-10_24.5lp_6000f_00001,15
FAR,Vglut2/0224/pFN,0.54769961719193,28.5363809634069,2.1875,pFN_roi2_z5_25x_512x512_3x_6000f_00001,19,pFN_roi2_z5_512x512_6x_6000f_00001,10
FAR,Sert/0721,0.547656280011106,23.0736217991586,15,ro1_2x_x1018y1130_z10_20lp_6000f_00001,37,ro1_2x_x1018y1130_z25_26lp_6000f_00001,4
FAR,Sert/0721,0.54765204288115,41.3238260546753,11.875,ro5_1.6x_x1200y-400_z0_26lp_6000f_00001,60,ro6_1.6x_x1200y-700_z0_26lp_6000f_00001,39
FAR,Sert/0721,0.547551215225119,47.0504038655086,15,ro1_2x_x1018y1130_z10_20lp_6000f_00001,36,ro1_2x_x1018y1130_z25_26lp_6000f_00001,4
FAR,Vglut2/1124,0.547482822548694,51.1615914013529,20,roi3_-1000-300-40_32lp_930_x1.4_256x512_3000f_00001,24,roi3_-1000-300-60_38lp_930_x1.4_256x512_3000f_00001,18
FAR,Sert/0721,0.547275891912816,121.717299899037,5,ro1_2x_x1018y1130_z10_20lp_6000f_00001,31,ro1_2x_x1018y1130_z15_20lp_6000f_00001,46
FAR,Sert/0721,0.547238295395494,128.690070278623,4.0625,ro3_2.5x_x450y1500_z-15_28.5lp_6000f_00003,4,ro3_4x_x700y-1233_z-10_24.5lp_6000f_00001,10
FAR,Vglut2/0728,0.547114768045874,93.6842722679858,5,fov1_2x_y1700x1350_z15_6000f_17.5lp_00001,25,fov1_2x_y1700x1350_z5_6000f_15.5lp_00002,22
FAR,Sert/0721,0.547100329847037,100.096769285538,11.875,ro5_1.6x_x1200y-400_z0_26lp_6000f_00001,30,ro6_1.6x_x1200y-700_z0_26lp_6000f_00001,18
FAR,Vglut2/0728,0.546992918897284,147.993101278144,5,fov1_2x_y1700x1350_z15_6000f_17.5lp_00001,23,fov1_2x_y1700x1350_z5_6000f_15.5lp_00002,6
FAR,Vgat/0730,0.546983531076156,103.243946569773,18.125,roi2_1.6x_x1050y2250_z63_2000f_11.5lp_00001,22,roi2_2.2x_x1050y2250_z80_2000f_11.5lp_00001,2
FAR,Vglut2/1124,0.546897297867661,95.5946144364321,5.3125,roi5_1400-1230-0_x4.4_15lp_6000f_00001,4,roi5_1400-1300-0_18lp_930_x4_512x512_6000f_00002,3
FAR,Vgat/0730,0.546884713515981,29.8476185825912,39.3745,roi2_1.6x_x1050y2250_z63_2000f_11.5lp_00001,40,roi2_2.2x_x1050y2250_z100_2000f_12lp_00001,4
FAR,Vgat/0730,0.546799579846392,5.36879971378678,19.376,roi2_2.2x_x1050y2250_z100_2000f_12lp_00001,8,roi2_2x_x1050y2250_z120_2000f_14lp_00001,5
FAR,Vglut2/1124,0.546723764885733,83.2736202724306,20,roi3_-1000-300-40_32lp_930_x1.4_256x512_3000f_00001,36,roi3_-1000-300-60_38lp_930_x1.4_256x512_3000f_00001,56
FAR,Vglut2/0728,0.546665699724586,114.515779293282,30.3125,fov1_1.7x_y1650x1320_z40_3000f_17lp_00001,37,fov1_2x_y1700x1350_z5_6000f_15.5lp_00002,17
FAR,Sert/0721,0.546573432044817,142.67282876642,9.6875,ro6_1.6x_x1200y-700_z0_26lp_6000f_00001,6,roi7_1.8x_x-1000-1000_z0_16lp_3000f_00001,9
FAR,Vgat/0730,0.546346352414111,134.52669270858,19.376,roi2_2.2x_x1050y2250_z100_2000f_12lp_00001,5,roi2_2x_x1050y2250_z120_2000f_14lp_00001,28
FAR,Vglut2/0728,0.546223548010395,107.835078377746,10.3125,fov1_2x_y1700x1350_z15_6000f_17.5lp_00001,9,fov1_2x_y1700x1350_z25_3000f_16lp_00001,20
FAR,Sert/0721,0.546118348795059,126.188944248961,15,ro1_2x_x1018y1130_z10_20lp_6000f_00001,23,ro1_2x_x1018y1130_z25_26lp_6000f_00001,1
FAR,Vglut2/1124,0.546036895804881,95.1820013691514,20,roi3_-1000-300-40_32lp_930_x1.4_256x512_3000f_00001,65,roi3_-1000-300-60_38lp_930_x1.4_256x512_3000f_00001,84
FAR,Vgat/0730,0.546031565385863,91.5481508899101,19.376,roi2_2.2x_x1050y2250_z100_2000f_12lp_00001,10,roi2_2x_x1050y2250_z120_2000f_14lp_00001,7
FAR,Vglut2/0224/pFN,0.546019249532703,99.81128967478,0.9375,pFN_roi1_z0_512x512_6x_2000f_00001,4,pFN_roi2_z5_25x_512x512_3x_6000f_00001,14
FAR,Sert/0721,0.545909963018785,107.785208707208,1.5625,ro7_1.6x_x1000y-1000_z0_26lp_6000f_00001,16,roi7_1.8x_x-1000-1000_z0_16lp_3000f_00001,21
FAR,Vglut2/1124,0.545859976128378,90.2928343690749,5.3125,roi5_1400-1230-0_x4.4_15lp_6000f_00001,14,roi5_1400-1300-0_18lp_930_x4_512x512_6000f_00002,11
FAR,Vgat/0730,0.545833056636977,110.662899512693,39.999,roi2_2x_x1050y2250_z120_2000f_14lp_00001,47,roi2_2x_x1050y2250_z160_2000f_16lp_00001,79
FAR,Vglut2/0728,0.545816680568271,113.279245297163,30.3125,fov1_1.7x_y1650x1320_z30_3000f_15lp_00001,28,fov1_2x_y1700x1350_z0_6000f_15.5lp_00001,10
FAR,Vgat/0730,0.545599008466886,107.254671429501,18.125,roi2_1.6x_x1050y2250_z63_2000f_11.5lp_00001,11,roi2_2.2x_x1050y2250_z80_2000f_11.5lp_00001,17
FAR,Vglut2/1124,0.545534607568627,98.3819165361873,20,roi3_-1000-300-40_32lp_930_x1.4_256x512_3000f_00001,5,roi3_-1000-300-60_38lp_930_x1.4_256x512_3000f_00001,21
FAR,Vglut2/0728,0.545529556084439,94.7070086216669,5,fov1_1.7x_y1650x1320_z30_3000f_15lp_00001,18,fov1_2x_y1700x1350_z25_3000f_16lp_00001,7
FAR,Sert/0721,0.545458125202937,6.85201189160172,11.875,ro5_1.6x_x1200y-400_z0_26lp_6000f_00001,56,ro6_1.6x_x1200y-700_z0_26lp_6000f_00001,38
FAR,Vglut2/0728,0.545053005371486,47.7257973144321,10,fov1_2x_y1700x1350_z15_6000f_17.5lp_00001,23,fov1_2x_y1700x1350_z5_6000f_15.5lp_00001,13
FAR,Vglut2/0224/pFN,0.544852971663761,73.2360144964374,2.1875,pFN_roi2_z5_25x_512x512_3x_6000f_00001,13,pFN_roi2_z5_512x512_6x_6000f_00001,10
FAR,Vglut2/0728,0.544629154085418,25.3875599806902,5,fov1_2x_y1700x1350_z15_6000f_16lp_00001,30,fov1_2x_y1700x1350_z25_3000f_16lp_00001,25
FAR,Vglut2/0728,0.544562474923173,113.895299965683,20,fov1_1.7x_y1650x1320_z40_3000f_17lp_00001,40,fov1_2x_y1700x1350_z15_6000f_16lp_00001,20
NEAR,Vglut2/0728,0.544408305961411,2.4399233828954,10,fov1_1.7x_y1650x1320_z35_3000f_15lp_00001,30,fov1_2x_y1700x1350_z25_3000f_16lp_00001,25
FAR,Sert/0721,0.544388059253552,124.459620412149,1.875,ro1_2x_x1018y1130_z15_20lp_6000f_00001,47,ro3_2.5x_x450y1500_z-15_28.5lp_6000f_00003,4
FAR,Vglut2/1124,0.544220841073918,107.184594823492,30,roi3_-1000-300-60_38lp_930_x1.4_256x512_3000f_00001,76,roi3_-650-380-30_26lp_930_x1.2_256x512_3000f_00001,148
FAR,Sert/0721,0.544165517903694,84.8289009979633,5.9375,ro1_2x_x1018y1130_z15_20lp_6000f_00001,14,ro3_4x_x700y-1233_z-10_24.5lp_6000f_00001,19
FAR,Vglut2/1124,0.544135003604018,25.615973022839,20,roi3_-1000-300-40_32lp_930_x1.4_256x512_3000f_00001,3,roi3_-1000-300-60_38lp_930_x1.4_256x512_3000f_00001,11
FAR,Vgat/0730,0.544000034280227,127.541930120357,15,roi2_1.6x_x1050y2250_z50_2000f_10.5lp_00001,10,roi2_1.6x_x1050y2250_z63_2000f_11.5lp_00001,17
FAR,Vglut2/0728,0.543851332257394,121.578887010443,25.3125,fov1_1.7x_y1650x1320_z30_3000f_15lp_00001,32,fov1_2x_y1700x1350_z5_6000f_15.5lp_00001,4
FAR,Sert/0721,0.54376094980451,148.298050675049,9.6875,ro6_1.6x_x1200y-700_z0_26lp_6000f_00001,22,roi7_1.8x_x-1000-1000_z0_16lp_3000f_00001,16
FAR,Sert/0721,0.54375093899046,51.2764083582556,5,ro1_2x_x1018y1130_z10_20lp_6000f_00001,44,ro1_2x_x1018y1130_z15_20lp_6000f_00001,49
FAR,Vgat/0730,0.543568897510268,112.983160412237,33.125,roi2_1.6x_x1050y2250_z50_2000f_10.5lp_00001,10,roi2_2.2x_x1050y2250_z80_2000f_11.5lp_00001,46
FAR,Vglut2/1124,0.543561047220091,124.497074599826,20,roi3_-1000-300-40_32lp_930_x1.4_256x512_3000f_00001,6,roi3_-1000-300-60_38lp_930_x1.4_256x512_3000f_00001,34
FAR,Vgat/0730,0.543557830189747,48.046177036081,20.001,roi1_2.4x_x1300y900_z250_3000f_30lp_00001,39,roi1_3x_x1350y850_z265_3000f_31lp_00001,34
FAR,Vgat/0730,0.5434096771303,82.7000230708231,39.3745,roi2_1.6x_x1050y2250_z63_2000f_11.5lp_00001,55,roi2_2.2x_x1050y2250_z100_2000f_12lp_00001,22
FAR,Vglut2/0728,0.543387847099656,136.726603158385,15.3125,fov1_1.7x_y1650x1320_z30_3000f_15lp_00001,46,fov1_2x_y1700x1350_z15_6000f_17.5lp_00001,32
FAR,Vglut2/0728,0.543280461221791,127.653781929127,10.3125,fov1_2x_y1700x1350_z15_6000f_17.5lp_00001,11,fov1_2x_y1700x1350_z25_3000f_16lp_00001,21
FAR,Vglut2/1124,0.543233605361786,147.631896685494,20,roi3_-1000-300-40_32lp_930_x1.4_256x512_3000f_00001,50,roi3_-1000-300-60_38lp_930_x1.4_256x512_3000f_00001,56
FAR,Vgat/0730,0.543168960250035,146.901994643918,18.125,roi2_1.6x_x1050y2250_z63_2000f_11.5lp_00001,36,roi2_2.2x_x1050y2250_z80_2000f_11.5lp_00001,46
FAR,Sert/0721,0.542815751663364,80.3617829587213,15.9375,ro1_2x_x1018y1130_z25_26lp_6000f_00001,4,ro3_4x_x700y-1233_z-10_24.5lp_6000f_00001,21
FAR,Vglut2/0728,0.542640753866708,58.1744423636259,10,fov1_1.7x_y1650x1320_z35_3000f_15lp_00001,34,fov1_2x_y1700x1350_z25_3000f_16lp_00001,30
FAR,Sert/0721,0.542591050904389,52.5937611954021,1.5625,ro7_1.6x_x1000y-1000_z0_26lp_6000f_00001,14,roi7_1.8x_x-1000-1000_z0_16lp_3000f_00001,20
NEAR,Vglut2/0728,0.542479093486866,1.56986126997496,15,fov1_1.7x_y1650x1320_z35_3000f_15lp_00001,35,fov1_2x_y1700x1350_z15_6000f_16lp_00001,33
FAR,Sert/0721,0.542436026913056,117.72710412616,1.5625,ro7_1.6x_x1000y-1000_z0_26lp_6000f_00001,18,roi7_1.8x_x-1000-1000_z0_16lp_3000f_00001,5
FAR,Vglut2/1124,0.542434207184587,110.36300707311,20,roi3_-1000-300-40_32lp_930_x1.4_256x512_3000f_00001,73,roi3_-1000-300-60_38lp_930_x1.4_256x512_3000f_00001,82
FAR,Vglut2/0728,0.542313389331034,127.37858641079,1.5625,fov1_1.7x_y1650x1320_z30_3000f_15lp_00001,31,fov1_2.1x_y1350x1310_z30_3000f_13lp_00001,24
FAR,Vglut2/1124,0.542305140052235,67.4529972926626,20,roi3_-1000-300-40_32lp_930_x1.4_256x512_3000f_00001,75,roi3_-1000-300-60_38lp_930_x1.4_256x512_3000f_00001,120
FAR,Sert/0721,0.542274608225589,48.5517529898949,10,ro1_2x_x1018y1130_z15_20lp_6000f_00001,45,ro1_2x_x1018y1130_z25_26lp_6000f_00001,15
FAR,Vglut2/0224/pFN,0.542167973035793,38.4491364025152,0.9375,pFN_roi1_z0_512x512_6x_2000f_00001,4,pFN_roi2_z5_25x_512x512_3x_6000f_00001,7
FAR,Sert/0721,0.541834541166951,129.460619986359,11.875,ro5_1.6x_x1200y-400_z0_26lp_6000f_00001,17,ro6_1.6x_x1200y-700_z0_26lp_6000f_00001,31
FAR,Vglut2/0728,0.541802794516672,91.7155346970809,10.3125,fov1_2x_y1700x1350_z15_6000f_16lp_00001,11,fov1_2x_y1700x1350_z5_6000f_15.5lp_00002,2
FAR,Sert/0721,0.541752551071266,63.8761608623211,5,ro1_2x_x1018y1130_z10_20lp_6000f_00001,19,ro1_2x_x1018y1130_z15_20lp_6000f_00001,10
FAR,Vgat/0730,0.541669495701717,117.380528596949,21.2495,roi2_2.2x_x1050y2250_z100_2000f_12lp_00001,30,roi2_2.2x_x1050y2250_z80_2000f_11.5lp_00001,45
FAR,Vgat/0730,0.541440579076433,101.252742164764,39.999,roi2_2x_x1050y2250_z120_2000f_14lp_00001,45,roi2_2x_x1050y2250_z160_2000f_16lp_00001,56
FAR,Vglut2/1124,0.541430489593292,46.4944216570285,20,roi3_-1000-300-40_32lp_930_x1.4_256x512_3000f_00001,50,roi3_-1000-300-60_38lp_930_x1.4_256x512_3000f_00001,73
FAR,Vglut2/0728,0.541381697727294,147.62890951088,10,fov1_1.7x_y1650x1320_z30_3000f_15lp_00001,49,fov1_2x_y1700x1350_z15_6000f_16lp_00001,37
FAR,Vgat/0730,0.541323658461375,44.2388558040947,17.8125,roi1_2.4x_x950y1000_z85_6000f_14.5lp_00001,40,roi1_3x_x1050y1000_z100_3000f_17lp_00001,13
FAR,Vglut2/0728,0.541308691272636,148.883445449974,10.3125,fov1_2x_y1700x1350_z15_6000f_16lp_00001,34,fov1_2x_y1700x1350_z5_6000f_15.5lp_00002,6
FAR,Vglut2/1124,0.541276892603237,127.356704373491,20,roi3_-1000-300-40_32lp_930_x1.4_256x512_3000f_00001,18,roi3_-1000-300-60_38lp_930_x1.4_256x512_3000f_00001,11
FAR,Sert/0721,0.541107002366594,65.7906787021094,1.875,ro1_2x_x1018y1130_z15_20lp_6000f_00001,41,ro3_2.5x_x450y1500_z-15_28.5lp_6000f_00003,4
FAR,Vglut2/1124,0.541095542929829,41.3637174302236,20,roi3_-1000-300-40_32lp_930_x1.4_256x512_3000f_00001,76,roi3_-1000-300-60_38lp_930_x1.4_256x512_3000f_00001,100
FAR,Sert/0721,0.541046335777019,144.308718776441,11.25,ro6_1.6x_x1200y-700_z0_26lp_6000f_00001,13,ro7_1.6x_x1000y-1000_z0_26lp_6000f_00001,43
FAR,Vglut2/0728,0.541045051893227,73.1225504931379,20,fov1_1.7x_y1650x1320_z40_3000f_17lp_00001,25,fov1_2x_y1700x1350_z15_6000f_16lp_00001,33
FAR,Sert/0721,0.540974531198819,42.5915978262924,15,ro1_2x_x1018y1130_z10_20lp_6000f_00001,34,ro1_2x_x1018y1130_z25_26lp_6000f_00001,6
FAR,Vglut2/1124,0.540935742937451,85.2937168813356,20,roi3_-1000-300-40_32lp_930_x1.4_256x512_3000f_00001,61,roi3_-1000-300-60_38lp_930_x1.4_256x512_3000f_00001,64
FAR,Vglut2/0728,0.540772970575354,96.2018414391396,3.4375,fov1_2.1x_y1350x1310_z30_3000f_13lp_00001,4,fov1_2x_y1700x1350_z25_3000f_16lp_00001,20
FAR,Vglut2/0728,0.540696222109209,143.115170285289,30.3125,fov1_1.7x_y1650x1320_z40_3000f_17lp_00001,3,fov1_2x_y1700x1350_z5_6000f_15.5lp_00002,12
FAR,Vgat/0730,0.540660450038922,96.7994090510804,21.2495,roi2_2.2x_x1050y2250_z100_2000f_12lp_00001,43,roi2_2.2x_x1050y2250_z80_2000f_11.5lp_00001,51
FAR,Vglut2/0728,0.540546411112611,53.6614696500118,20,fov1_1.7x_y1650x1320_z40_3000f_17lp_00001,22,fov1_2x_y1700x1350_z15_6000f_16lp_00001,19
FAR,Sert/0721,0.540356947565249,7.76385925361497,11.875,ro5_1.6x_x1200y-400_z0_26lp_6000f_00001,39,ro6_1.6x_x1200y-700_z0_26lp_6000f_00001,30
FAR,Sert/0721,0.540115378746245,142.989232001763,5,ro1_2x_x1018y1130_z10_20lp_6000f_00001,18,ro1_2x_x1018y1130_z15_20lp_6000f_00001,14
FAR,Sert/0721,0.539987924555341,102.375581792169,5,ro1_2x_x1018y1130_z10_20lp_6000f_00001,14,ro1_2x_x1018y1130_z15_20lp_6000f_00001,4
NEAR,Vglut2/0728,0.53995270223663,1.40076553082822,10,fov1_1.7x_y1650x1320_z30_3000f_15lp_00001,28,fov1_2x_y1700x1350_z15_6000f_16lp_00001,26
FAR,Vglut2/0728,0.539944678498405,83.3349134314356,13.75,fov1_2.1x_y1350x1310_z30_3000f_13lp_00001,22,fov1_2x_y1700x1350_z15_6000f_17.5lp_00001,21
FAR,Vglut2/0728,0.539943818188101,106.559196491058,20,fov1_1.7x_y1650x1320_z40_3000f_17lp_00001,49,fov1_2x_y1700x1350_z15_6000f_16lp_00001,38
FAR,Vglut2/1124,0.539858142451015,39.4647872079883,20,roi3_-1000-300-40_32lp_930_x1.4_256x512_3000f_00001,36,roi3_-1000-300-60_38lp_930_x1.4_256x512_3000f_00001,45
FAR,Vgat/0730,0.539537533523011,92.7706225200743,33.125,roi2_1.6x_x1050y2250_z50_2000f_10.5lp_00001,13,roi2_2.2x_x1050y2250_z80_2000f_11.5lp_00001,12
NEAR,Vgat/0730,0.539535422976274,1.68118507614577,15,roi2_1.6x_x1050y2250_z50_2000f_10.5lp_00001,22,roi2_1.6x_x1050y2250_z63_2000f_11.5lp_00001,54
FAR,Sert/0721,0.539359474126147,135.515134789227,10,ro1_2x_x1018y1130_z15_20lp_6000f_00001,33,ro1_2x_x1018y1130_z25_26lp_6000f_00001,6
NEAR,Vglut2/0728,0.539352342117302,2.94368984052965,15,fov1_1.7x_y1650x1320_z40_3000f_17lp_00001,22,fov1_2x_y1700x1350_z25_3000f_16lp_00001,15
FAR,Vglut2/0224/pFN,0.539342455277032,121.27764534574,0.9375,pFN_roi1_z0_512x512_6x_2000f_00001,6,pFN_roi2_z5_25x_512x512_3x_6000f_00001,9
FAR,Vgat/0730,0.539313458295655,117.126446678692,40.6255,roi2_2.2x_x1050y2250_z80_2000f_11.5lp_00001,45,roi2_2x_x1050y2250_z120_2000f_14lp_00001,29
FAR,Vglut2/1124,0.539305670440974,55.5954262235833,20,roi3_-1000-300-40_32lp_930_x1.4_256x512_3000f_00001,75,roi3_-1000-300-60_38lp_930_x1.4_256x512_3000f_00001,99
FAR,Sert/0721,0.539139733656516,112.928661044762,15,ro1_2x_x1018y1130_z10_20lp_6000f_00001,37,ro1_2x_x1018y1130_z25_26lp_6000f_00001,15
FAR,Vglut2/0728,0.539047011425381,50.1779500356339,5,fov1_1.7x_y1650x1320_z30_3000f_15lp_00001,31,fov1_1.7x_y1650x1320_z35_3000f_15lp_00001,23
FAR,Vglut2/1124,0.539028612455039,116.142106290718,20,roi3_-1000-300-40_32lp_930_x1.4_256x512_3000f_00001,25,roi3_-1000-300-60_38lp_930_x1.4_256x512_3000f_00001,13
FAR,Sert/0721,0.538897371841426,73.7673279158044,11.875,ro5_1.6x_x1200y-400_z0_26lp_6000f_00001,19,ro6_1.6x_x1200y-700_z0_26lp_6000f_00001,20
FAR,Sert/0721,0.538874194429158,52.5629653289959,1.875,ro1_2x_x1018y1130_z15_20lp_6000f_00001,44,ro3_2.5x_x450y1500_z-15_28.5lp_6000f_00003,14
FAR,Vglut2/0728,0.538851460361451,35.1488066907313,5.3125,fov1_2x_y1700x1350_z15_6000f_16lp_00001,31,fov1_2x_y1700x1350_z15_6000f_17.5lp_00001,19
FAR,Vgat/0730,0.538669482877647,113.300541667716,33.125,roi2_1.6x_x1050y2250_z50_2000f_10.5lp_00001,15,roi2_2.2x_x1050y2250_z80_2000f_11.5lp_00001,64
FAR,Vgat/0730,0.538649288265439,123.740498484563,10.3125,roi1_2.4x_x950y1000_z85_6000f_14.5lp_00001,42,roi1_3x_x950y1000_z70_6000f_15lp_00001,26
FAR,Vgat/0730,0.538618724199314,91.9675065930325,20.001,roi1_2.4x_x1300y900_z250_3000f_30lp_00001,19,roi1_3x_x1350y850_z265_3000f_31lp_00001,11
NEAR,Vglut2/0728,0.538464437012491,3.17317855826334,5,fov1_1.7x_y1650x1320_z30_3000f_15lp_00001,11,fov1_2x_y1700x1350_z25_3000f_16lp_00001,10
FAR,Sert/0721,0.538445338577198,127.67668510633,1.5625,ro7_1.6x_x1000y-1000_z0_26lp_6000f_00001,34,roi7_1.8x_x-1000-1000_z0_16lp_3000f_00001,37
FAR,Sert/0721,0.538437423370265,145.61580474424,5,ro1_2x_x1018y1130_z10_20lp_6000f_00001,31,ro1_2x_x1018y1130_z15_20lp_6000f_00001,44
FAR,Vglut2/0728,0.538394201295838,93.4482769250758,3.4375,fov1_2.1x_y1350x1310_z30_3000f_13lp_00001,38,fov1_2x_y1700x1350_z25_3000f_16lp_00001,45
FAR,Sert/0721,0.538343606977719,95.0597320870782,1.5625,ro7_1.6x_x1000y-1000_z0_26lp_6000f_00001,14,roi7_1.8x_x-1000-1000_z0_16lp_3000f_00001,2
FAR,Sert/0721,0.538184116554215,69.1532650423165,10,ro1_2x_x1018y1130_z15_20lp_6000f_00001,41,ro1_2x_x1018y1130_z25_26lp_6000f_00001,12
FAR,Vglut2/1124,0.538164111180651,82.137056418817,20,roi3_-1000-300-40_32lp_930_x1.4_256x512_3000f_00001,92,roi3_-1000-300-60_38lp_930_x1.4_256x512_3000f_00001,117
FAR,Sert/0721,0.538122424543456,51.8136514245791,5.9375,ro1_2x_x1018y1130_z15_20lp_6000f_00001,13,ro3_4x_x700y-1233_z-10_24.5lp_6000f_00001,16
FAR,Vglut2/0728,0.537976972559899,127.512229743628,10,fov1_1.7x_y1650x1320_z30_3000f_15lp_00001,41,fov1_1.7x_y1650x1320_z40_3000f_17lp_00001,27
FAR,Sert/0721,0.537842838842914,136.816219610325,5,ro1_2x_x1018y1130_z10_20lp_6000f_00001,20,ro1_2x_x1018y1130_z15_20lp_6000f_00001,30
FAR,Sert/0721,0.537780416810907,147.230715427148,11.875,ro5_1.6x_x1200y-400_z0_26lp_6000f_00001,19,ro6_1.6x_x1200y-700_z0_26lp_6000f_00001,38
FAR,Vglut2/0728,0.53764291320883,122.880446131393,25.3125,fov1_1.7x_y1650x1320_z40_3000f_17lp_00001,38,fov1_2x_y1700x1350_z15_6000f_17.5lp_00001,34
NEAR,Vglut2/0728,0.537610626417854,0.367647741572553,15,fov1_1.7x_y1650x1320_z40_3000f_17lp_00001,39,fov1_2x_y1700x1350_z25_3000f_16lp_00001,33
FAR,Vglut2/0728,0.53753356305812,78.5672700458084,30.3125,fov1_1.7x_y1650x1320_z40_3000f_17lp_00001,22,fov1_2x_y1700x1350_z5_6000f_15.5lp_00002,7
FAR,Sert/0721,0.537528735425989,97.8715298501245,0.9375,ro1_2x_x1018y1130_z10_20lp_6000f_00001,12,ro3_4x_x700y-1233_z-10_24.5lp_6000f_00001,21
FAR,Sert/0721,0.537461754414191,97.8773793995402,5,ro1_2x_x1018y1130_z10_20lp_6000f_00001,34,ro1_2x_x1018y1130_z15_20lp_6000f_00001,48
FAR,Sert/0721,0.537419491307197,146.233275265017,1.5625,ro7_1.6x_x1000y-1000_z0_26lp_6000f_00001,20,roi7_1.8x_x-1000-1000_z0_16lp_3000f_00001,4
FAR,Vglut2/0728,0.537380662803936,34.6166062317968,5,fov1_2x_y1700x1350_z15_6000f_16lp_00001,39,fov1_2x_y1700x1350_z25_3000f_16lp_00001,40
FAR,Vgat/0730,0.537327978462616,88.1398218463883,18.125,roi2_1.6x_x1050y2250_z63_2000f_11.5lp_00001,14,roi2_2.2x_x1050y2250_z80_2000f_11.5lp_00001,5
FAR,Vgat/0730,0.537303072634016,149.936520104083,18.125,roi2_1.6x_x1050y2250_z63_2000f_11.5lp_00001,16,roi2_2.2x_x1050y2250_z80_2000f_11.5lp_00001,6
FAR,Vgat/0730,0.537265843734091,31.6809692618908,39.999,roi2_2x_x1050y2250_z120_2000f_14lp_00001,43,roi2_2x_x1050y2250_z160_2000f_16lp_00001,47
FAR,Vgat/0730,0.537246569410582,61.1964538900218,29.375,roi1_1.6x_x1050y1000_z100_3000f_17.5lp_00001,67,roi1_3x_x950y1000_z70_6000f_15lp_00001,26
FAR,Vglut2/0728,0.537183945361473,79.8783665706764,18.75,fov1_2.1x_y1350x1310_z30_3000f_13lp_00001,7,fov1_2x_y1700x1350_z5_6000f_15.5lp_00002,10
FAR,Vglut2/0728,0.537025555048705,113.896835670554,8.4375,fov1_2.1x_y1350x1310_z30_3000f_13lp_00001,6,fov1_2x_y1700x1350_z15_6000f_16lp_00001,15
FAR,Vgat/0730,0.537008249267453,123.37699732067,38.75,roi2_1.5x_x1050y2250_z35_2000f_8lp_00001,6,roi2_2.2x_x1050y2250_z80_2000f_11.5lp_00001,6
FAR,Vglut2/1124,0.536937107111323,133.811299488353,20,roi3_-1000-300-40_32lp_930_x1.4_256x512_3000f_00001,68,roi3_-1000-300-60_38lp_930_x1.4_256x512_3000f_00001,120
FAR,Vglut2/0728,0.536936932522515,52.3771413232046,25.3125,fov1_1.7x_y1650x1320_z40_3000f_17lp_00001,36,fov1_2x_y1700x1350_z15_6000f_17.5lp_00001,19
NEAR,Vglut2/0728,0.536883545757922,1.67597660630727,11.5625,fov1_1.7x_y1650x1320_z40_3000f_17lp_00001,16,fov1_2.1x_y1350x1310_z30_3000f_13lp_00001,6
FAR,Vgat/0730,0.536836511457882,83.4442784614482,21.2495,roi2_2.2x_x1050y2250_z100_2000f_12lp_00001,8,roi2_2.2x_x1050y2250_z80_2000f_11.5lp_00001,4
FAR,Vgat/0730,0.536790109708704,144.289495011681,39.999,roi2_2x_x1050y2250_z120_2000f_14lp_00001,36,roi2_2x_x1050y2250_z160_2000f_16lp_00001,22
FAR,Vglut2/1124,0.536752374074377,143.594211746296,20,roi3_-1000-300-40_32lp_930_x1.4_256x512_3000f_00001,18,roi3_-1000-300-60_38lp_930_x1.4_256x512_3000f_00001,51
FAR,Sert/0721,0.536670729460447,119.756757599972,1.5625,ro7_1.6x_x1000y-1000_z0_26lp_6000f_00001,36,roi7_1.8x_x-1000-1000_z0_16lp_3000f_00001,45
FAR,Vglut2/1124,0.536487010884527,81.1430759290042,20,roi3_-1000-300-40_32lp_930_x1.4_256x512_3000f_00001,67,roi3_-1000-300-60_38lp_930_x1.4_256x512_3000f_00001,108
FAR,Vglut2/0728,0.536409536424071,135.163230364772,20.3125,fov1_1.7x_y1650x1320_z35_3000f_15lp_00001,46,fov1_2x_y1700x1350_z15_6000f_17.5lp_00001,28
FAR,Sert/0721,0.536370724700477,140.730819534792,5,ro1_2x_x1018y1130_z10_20lp_6000f_00001,19,ro1_2x_x1018y1130_z15_20lp_6000f_00001,29
FAR,Vglut2/0728,0.536309574583054,122.07344732755,28.75,fov1_2.1x_y1350x1310_z30_3000f_13lp_00001,20,fov1_2x_y1700x1350_z0_6000f_15.5lp_00001,4
FAR,Vglut2/1124,0.536088100536106,60.8612136703999,20,roi3_-1000-300-40_32lp_930_x1.4_256x512_3000f_00001,66,roi3_-1000-300-60_38lp_930_x1.4_256x512_3000f_00001,109
FAR,Vglut2/0728,0.535914893802813,124.124255899521,5.3125,fov1_2x_y1700x1350_z15_6000f_16lp_00001,5,fov1_2x_y1700x1350_z15_6000f_17.5lp_00001,10
FAR,Vglut2/0728,0.535913712335553,29.7650368726777,15,fov1_1.7x_y1650x1320_z35_3000f_15lp_00001,38,fov1_2x_y1700x1350_z15_6000f_16lp_00001,37
FAR,Sert/0721,0.535885893120729,106.521563243571,11.875,ro5_1.6x_x1200y-400_z0_26lp_6000f_00001,39,ro6_1.6x_x1200y-700_z0_26lp_6000f_00001,34
FAR,Vglut2/0728,0.535868646989319,131.933468426321,30.3125,fov1_1.7x_y1650x1320_z35_3000f_15lp_00001,34,fov1_2x_y1700x1350_z5_6000f_15.5lp_00001,15
FAR,Vgat/0730,0.535834887803776,127.383383333195,39.3745,roi2_1.6x_x1050y2250_z63_2000f_11.5lp_00001,47,roi2_2.2x_x1050y2250_z100_2000f_12lp_00001,30
FAR,Sert/0721,0.535761527309422,138.023079628573,1.875,ro1_2x_x1018y1130_z15_20lp_6000f_00001,20,ro3_2.5x_x450y1500_z-15_28.5lp_6000f_00003,7
FAR,Vglut2/0224/pFN,0.535750008462897,50.2861745032065,2.1875,pFN_roi2_z5_25x_512x512_3x_6000f_00001,19,pFN_roi2_z5_512x512_6x_6000f_00001,6
FAR,Vglut2/0728,0.535725505855691,109.897336703578,10,fov1_2x_y1700x1350_z15_6000f_17.5lp_00001,5,fov1_2x_y1700x1350_z5_6000f_15.5lp_00001,5
FAR,Vglut2/1124,0.535702701902858,131.744555098341,20,roi3_-1000-300-40_32lp_930_x1.4_256x512_3000f_00001,53,roi3_-1000-300-60_38lp_930_x1.4_256x512_3000f_00001,88
FAR,Vgat/0730,0.535655509672634,23.2630561028626,20.625,roi2_1.5x_x1050y2250_z35_2000f_8lp_00001,6,roi2_1.6x_x1050y2250_z63_2000f_11.5lp_00001,36
FAR,Vgat/0730,0.535450587381359,102.210555332049,21.2495,roi2_2.2x_x1050y2250_z100_2000f_12lp_00001,19,roi2_2.2x_x1050y2250_z80_2000f_11.5lp_00001,27
FAR,Vglut2/0728,0.535348236617734,32.0387541751427,10.3125,fov1_2x_y1700x1350_z15_6000f_17.5lp_00001,1,fov1_2x_y1700x1350_z25_3000f_16lp_00001,1
FAR,Vgat/0730,0.535330998161746,122.971721925401,40.6255,roi2_2.2x_x1050y2250_z80_2000f_11.5lp_00001,25,roi2_2x_x1050y2250_z120_2000f_14lp_00001,5
FAR,Vglut2/0728,0.535207749637538,52.5005608475431,5,fov1_1.7x_y1650x1320_z30_3000f_15lp_00001,12,fov1_1.7x_y1650x1320_z35_3000f_15lp_00001,10
FAR,Vglut2/1124,0.535194616025186,42.2752026401409,20,roi3_-1000-300-40_32lp_930_x1.4_256x512_3000f_00001,36,roi3_-1000-300-60_38lp_930_x1.4_256x512_3000f_00001,51
FAR,Sert/0721,0.535160853280875,53.3102326731209,0.9375,ro1_2x_x1018y1130_z10_20lp_6000f_00001,20,ro3_4x_x700y-1233_z-10_24.5lp_6000f_00001,19
FAR,Vglut2/1124,0.535149786682907,113.411166073784,20,roi3_-1000-300-40_32lp_930_x1.4_256x512_3000f_00001,76,roi3_-1000-300-60_38lp_930_x1.4_256x512_3000f_00001,84
FAR,Sert/0721,0.535016610945146,133.721650340087,11.875,ro5_1.6x_x1200y-400_z0_26lp_6000f_00001,72,ro6_1.6x_x1200y-700_z0_26lp_6000f_00001,46
FAR,Vglut2/0728,0.534930466218512,113.18793336216,20.3125,fov1_2x_y1700x1350_z25_3000f_16lp_00001,25,fov1_2x_y1700x1350_z5_6000f_15.5lp_00001,12
FAR,Sert/0721,0.534918672586732,86.3711099757784,15,ro1_2x_x1018y1130_z10_20lp_6000f_00001,36,ro1_2x_x1018y1130_z25_26lp_6000f_00001,3
FAR,Vgat/0730,0.534811341004264,124.621713822718,29.375,roi1_1.6x_x1050y1000_z100_3000f_17.5lp_00001,63,roi1_3x_x950y1000_z70_6000f_15lp_00001,34
FAR,Vgat/0730,0.534708152777836,54.3432867414948,40.6255,roi2_2.2x_x1050y2250_z80_2000f_11.5lp_00001,40,roi2_2x_x1050y2250_z120_2000f_14lp_00001,25
FAR,Vgat/0730,0.534699554487018,107.416109170236,40.6255,roi2_2.2x_x1050y2250_z80_2000f_11.5lp_00001,60,roi2_2x_x1050y2250_z120_2000f_14lp_00001,23
FAR,Vglut2/0728,0.534629928530606,76.709327228352,8.4375,fov1_2.1x_y1350x1310_z30_3000f_13lp_00001,17,fov1_2x_y1700x1350_z15_6000f_16lp_00001,20
FAR,Sert/0721,0.534610877996456,110.784934400694,10,ro1_2x_x1018y1130_z15_20lp_6000f_00001,48,ro1_2x_x1018y1130_z25_26lp_6000f_00001,22
FAR,Vgat/0730,0.534607670853339,65.9071032289142,1.25,roi1_1.6x_x1050y1000_z100_3000f_17.5lp_00001,54,roi1_3x_x1050y1000_z100_3000f_17lp_00001,21
FAR,Vglut2/1124,0.534526901015268,132.861228113174,20,roi3_-1000-300-40_32lp_930_x1.4_256x512_3000f_00001,28,roi3_-1000-300-60_38lp_930_x1.4_256x512_3000f_00001,5
FAR,Sert/0721,0.53446312746161,61.7559338904707,5.9375,ro1_2x_x1018y1130_z15_20lp_6000f_00001,15,ro3_4x_x700y-1233_z-10_24.5lp_6000f_00001,8
FAR,Vglut2/0728,0.534339592801818,58.8931228539349,8.4375,fov1_2.1x_y1350x1310_z30_3000f_13lp_00001,17,fov1_2x_y1700x1350_z15_6000f_16lp_00001,16
FAR,Vgat/0730,0.534270816617031,123.374936211614,33.125,roi2_1.6x_x1050y2250_z50_2000f_10.5lp_00001,2,roi2_2.2x_x1050y2250_z80_2000f_11.5lp_00001,10
FAR,Vglut2/0728,0.534243716017901,146.750380546706,15.3125,fov1_2x_y1700x1350_z25_3000f_16lp_00001,38,fov1_2x_y1700x1350_z5_6000f_15.5lp_00002,12
NEAR,Vglut2/0728,0.534130686769632,3.50915482102965,10,fov1_2x_y1700x1350_z15_6000f_17.5lp_00001,25,fov1_2x_y1700x1350_z5_6000f_15.5lp_00001,11
FAR,Vgat/0730,0.534071985070845,87.0717081303297,19.0625,roi1_1.6x_x1050y1000_z100_3000f_17.5lp_00001,30,roi1_2.4x_x950y1000_z85_6000f_14.5lp_00001,22
FAR,Vgat/0730,0.534046943661175,144.996112395835,40.6255,roi2_2.2x_x1050y2250_z80_2000f_11.5lp_00001,58,roi2_2x_x1050y2250_z120_2000f_14lp_00001,6
FAR,Vglut2/0728,0.533970875664289,59.5129310353743,8.4375,fov1_2.1x_y1350x1310_z30_3000f_13lp_00001,19,fov1_2x_y1700x1350_z15_6000f_16lp_00001,29
FAR,Vglut2/1124,0.53394576385052,64.6760977062788,20,roi3_-1000-300-40_32lp_930_x1.4_256x512_3000f_00001,32,roi3_-1000-300-60_38lp_930_x1.4_256x512_3000f_00001,47
FAR,Vgat/0730,0.533549003433118,72.6767655529882,38.75,roi2_1.5x_x1050y2250_z35_2000f_8lp_00001,6,roi2_2.2x_x1050y2250_z80_2000f_11.5lp_00001,27
FAR,Vglut2/0728,0.53351791531501,39.0563795412065,6.5625,fov1_1.7x_y1650x1320_z35_3000f_15lp_00001,34,fov1_2.1x_y1350x1310_z30_3000f_13lp_00001,24
FAR,Vglut2/1124,0.533477378881334,82.0375234620327,20,roi3_-1000-300-40_32lp_930_x1.4_256x512_3000f_00001,47,roi3_-1000-300-60_38lp_930_x1.4_256x512_3000f_00001,78
FAR,Vgat/0730,0.533365747971164,91.7035037741307,29.375,roi1_1.6x_x1050y1000_z100_3000f_17.5lp_00001,58,roi1_3x_x950y1000_z70_6000f_15lp_00001,33
FAR,Vglut2/0728,0.533304729919358,109.505412546094,1.5625,fov1_1.7x_y1650x1320_z30_3000f_15lp_00001,23,fov1_2.1x_y1350x1310_z30_3000f_13lp_00001,7
FAR,Sert/0721,0.533212698171122,53.8009843281749,5,ro1_2x_x1018y1130_z10_20lp_6000f_00001,14,ro1_2x_x1018y1130_z15_20lp_6000f_00001,13
FAR,Vgat/0730,0.533183961895708,106.160087421382,40.6255,roi2_2.2x_x1050y2250_z80_2000f_11.5lp_00001,58,roi2_2x_x1050y2250_z120_2000f_14lp_00001,43
FAR,Vgat/0730,0.5331572070496,37.3828888293291,19.376,roi2_2.2x_x1050y2250_z100_2000f_12lp_00001,37,roi2_2x_x1050y2250_z120_2000f_14lp_00001,36
FAR,Sert/0721,0.533118804605413,123.318778978329,11.875,ro1_2x_x1018y1130_z25_26lp_6000f_00001,11,ro3_2.5x_x450y1500_z-15_28.5lp_6000f_00003,4
FAR,Vglut2/0728,0.533057496252903,93.3795111862883,20,fov1_1.7x_y1650x1320_z40_3000f_17lp_00001,6,fov1_2x_y1700x1350_z15_6000f_16lp_00001,14
FAR,Sert/0721,0.533016885489566,146.205874953464,15.9375,ro1_2x_x1018y1130_z25_26lp_6000f_00001,3,ro3_4x_x700y-1233_z-10_24.5lp_6000f_00001,8
FAR,Vglut2/0728,0.532994682212451,109.675517559478,23.75,fov1_2.1x_y1350x1310_z30_3000f_13lp_00001,17,fov1_2x_y1700x1350_z5_6000f_15.5lp_00001,8
FAR,Vglut2/0728,0.532764536292616,136.918156096169,15.3125,fov1_2x_y1700x1350_z25_3000f_16lp_00001,3,fov1_2x_y1700x1350_z5_6000f_15.5lp_00002,4
FAR,Vgat/0730,0.532709037258219,105.605245456494,40.6255,roi2_2.2x_x1050y2250_z80_2000f_11.5lp_00001,27,roi2_2x_x1050y2250_z120_2000f_14lp_00001,29
FAR,Sert/0721,0.532629111809312,48.2302432036671,11.875,ro1_2x_x1018y1130_z25_26lp_6000f_00001,15,ro3_2.5x_x450y1500_z-15_28.5lp_6000f_00003,13
NEAR,Vglut2/0728,0.532597596133544,1.2882797987427,10,fov1_1.7x_y1650x1320_z35_3000f_15lp_00001,44,fov1_2x_y1700x1350_z25_3000f_16lp_00001,42
FAR,Sert/0721,0.53255086016361,98.648531708197,5,ro1_2x_x1018y1130_z10_20lp_6000f_00001,43,ro1_2x_x1018y1130_z15_20lp_6000f_00001,48
NEAR,Vglut2/0728,0.532505425015755,3.55029995231752,5,fov1_2x_y1700x1350_z15_6000f_16lp_00001,25,fov1_2x_y1700x1350_z25_3000f_16lp_00001,24
FAR,Sert/0721,0.532388650584907,94.7754323291941,5.9375,ro1_2x_x1018y1130_z15_20lp_6000f_00001,4,ro3_4x_x700y-1233_z-10_24.5lp_6000f_00001,10
FAR,Vglut2/1124,0.532357599034874,34.5363192666654,20,roi3_-1000-300-40_32lp_930_x1.4_256x512_3000f_00001,34,roi3_-1000-300-60_38lp_930_x1.4_256x512_3000f_00001,42
FAR,Vglut2/0728,0.532346124871942,126.921493354547,5.3125,fov1_2x_y1700x1350_z15_6000f_16lp_00001,16,fov1_2x_y1700x1350_z15_6000f_17.5lp_00001,15
FAR,Sert/0721,0.532269111865808,148.51160939842,1.5625,ro7_1.6x_x1000y-1000_z0_26lp_6000f_00001,6,roi7_1.8x_x-1000-1000_z0_16lp_3000f_00001,27
FAR,Vglut2/0224/pFN,0.532180224142562,110.676853833747,2.1875,pFN_roi2_z5_25x_512x512_3x_6000f_00001,1,pFN_roi2_z5_512x512_6x_6000f_00001,6
FAR,Vgat/0730,0.532144066590055,76.4359761307589,18.125,roi2_1.6x_x1050y2250_z63_2000f_11.5lp_00001,33,roi2_2.2x_x1050y2250_z80_2000f_11.5lp_00001,10
FAR,Sert/0721,0.531969076982344,103.85262858845,3.125,ro1_2x_x1018y1130_z10_20lp_6000f_00001,19,ro3_2.5x_x450y1500_z-15_28.5lp_6000f_00003,2
FAR,Sert/0721,0.531863190778314,85.0616168347525,11.875,ro5_1.6x_x1200y-400_z0_26lp_6000f_00001,68,ro6_1.6x_x1200y-700_z0_26lp_6000f_00001,41
FAR,Vglut2/0728,0.531811789316769,135.211888975172,18.75,fov1_2.1x_y1350x1310_z30_3000f_13lp_00001,1,fov1_2x_y1700x1350_z5_6000f_15.5lp_00002,4
FAR,Vglut2/1124,0.53175871668995,102.28692324289,20,roi3_-1000-300-40_32lp_930_x1.4_256x512_3000f_00001,54,roi3_-1000-300-60_38lp_930_x1.4_256x512_3000f_00001,92
FAR,Vglut2/0728,0.531708241360711,140.962449614081,15.3125,fov1_1.7x_y1650x1320_z30_3000f_15lp_00001,29,fov1_2x_y1700x1350_z15_6000f_17.5lp_00001,31
FAR,Vglut2/0728,0.531357144296456,84.6409928127836,5,fov1_2x_y1700x1350_z15_6000f_17.5lp_00001,23,fov1_2x_y1700x1350_z5_6000f_15.5lp_00002,12
FAR,Vglut2/0728,0.531267103333856,130.640883292866,25.3125,fov1_1.7x_y1650x1320_z35_3000f_15lp_00001,21,fov1_2x_y1700x1350_z5_6000f_15.5lp_00002,8
FAR,Sert/0721,0.531227898996342,50.3933897529675,11.875,ro5_1.6x_x1200y-400_z0_26lp_6000f_00001,12,ro6_1.6x_x1200y-700_z0_26lp_6000f_00001,20
FAR,Vglut2/1124,0.531176408331998,6.05239535602823,20,roi3_-1000-300-40_32lp_930_x1.4_256x512_3000f_00001,60,roi3_-1000-300-60_38lp_930_x1.4_256x512_3000f_00001,83
FAR,Vgat/0730,0.530971558584738,94.2927785870394,2.1875,roi1_1.4x_x1100y1050_z6_5000f_13lp_00001,5,roi1_3.2x_x1100y1050_z6_6000f_12lp_00001,2
FAR,Vgat/0730,0.530952172148094,132.40113193508,18.125,roi2_1.6x_x1050y2250_z63_2000f_11.5lp_00001,51,roi2_2.2x_x1050y2250_z80_2000f_11.5lp_00001,46
FAR,Vglut2/1124,0.530877899192601,120.912594665929,20,roi3_-1000-300-40_32lp_930_x1.4_256x512_3000f_00001,78,roi3_-1000-300-60_38lp_930_x1.4_256x512_3000f_00001,98
FAR,Sert/0721,0.530683417263903,58.5456041959631,5,ro1_2x_x1018y1130_z10_20lp_6000f_00001,43,ro1_2x_x1018y1130_z15_20lp_6000f_00001,44
FAR,Vglut2/0728,0.530594845129156,58.2272059780071,15,fov1_1.7x_y1650x1320_z35_3000f_15lp_00001,34,fov1_2x_y1700x1350_z15_6000f_16lp_00001,33
FAR,Vglut2/1124,0.53054653578006,100.648935003374,20,roi3_-1000-300-40_32lp_930_x1.4_256x512_3000f_00001,10,roi3_-1000-300-60_38lp_930_x1.4_256x512_3000f_00001,5
FAR,Vglut2/0728,0.530529910038054,134.152386604427,15,fov1_1.7x_y1650x1320_z35_3000f_15lp_00001,19,fov1_2x_y1700x1350_z15_6000f_16lp_00001,34
FAR,Sert/0721,0.530416576223176,118.678234953192,5.9375,ro1_2x_x1018y1130_z15_20lp_6000f_00001,14,ro3_4x_x700y-1233_z-10_24.5lp_6000f_00001,16
FAR,Vglut2/0728,0.530373052022177,25.3720829882137,3.4375,fov1_2.1x_y1350x1310_z30_3000f_13lp_00001,19,fov1_2x_y1700x1350_z25_3000f_16lp_00001,25
FAR,Sert/0721,0.530270392667942,110.689870409022,11.875,ro5_1.6x_x1200y-400_z0_26lp_6000f_00001,27,ro6_1.6x_x1200y-700_z0_26lp_6000f_00001,31
FAR,Vgat/0730,0.530128475565249,51.9482184776953,0,roi1_3x_x950y1200_z40_6000f_14lp_00001,9,roi1_3x_x950y1200_z40_6000f_14lp_00002,8
FAR,Vgat/0730,0.529827183943968,149.413647740737,33.125,roi2_1.6x_x1050y2250_z50_2000f_10.5lp_00001,15,roi2_2.2x_x1050y2250_z80_2000f_11.5lp_00001,27
NEAR,Vglut2/0728,0.529822381888671,2.21252287539909,15,fov1_1.7x_y1650x1320_z40_3000f_17lp_00001,36,fov1_2x_y1700x1350_z25_3000f_16lp_00001,30
FAR,Vglut2/1124,0.529800837565138,100.765923093515,20,roi3_-1000-300-40_32lp_930_x1.4_256x512_3000f_00001,47,roi3_-1000-300-60_38lp_930_x1.4_256x512_3000f_00001,48
FAR,Sert/0721,0.529795423931187,112.869376821551,11.875,ro5_1.6x_x1200y-400_z0_26lp_6000f_00001,8,ro6_1.6x_x1200y-700_z0_26lp_6000f_00001,7
FAR,Sert/0721,0.529682013221175,110.161659626133,10,ro1_2x_x1018y1130_z15_20lp_6000f_00001,30,ro1_2x_x1018y1130_z25_26lp_6000f_00001,1
FAR,Vgat/0730,0.529607006014455,129.109908083187,10.3125,roi1_2.4x_x950y1000_z85_6000f_14.5lp_00001,33,roi1_3x_x950y1000_z70_6000f_15lp_00001,34
FAR,Sert/0721,0.529581995645665,145.67502403797,3.125,ro1_2x_x1018y1130_z10_20lp_6000f_00001,31,ro3_2.5x_x450y1500_z-15_28.5lp_6000f_00003,10
FAR,Vglut2/0728,0.529542090198277,63.3142582601765,5,fov1_1.7x_y1650x1320_z30_3000f_15lp_00001,6,fov1_2x_y1700x1350_z25_3000f_16lp_00001,10
NEAR,Vglut2/0728,0.529471527550346,2.20775234391742,13.75,fov1_2.1x_y1350x1310_z30_3000f_13lp_00001,10,fov1_2x_y1700x1350_z15_6000f_17.5lp_00001,13
FAR,Vgat/0730,0.52939773153861,107.529357094407,33.125,roi2_1.6x_x1050y2250_z50_2000f_10.5lp_00001,7,roi2_2.2x_x1050y2250_z80_2000f_11.5lp_00001,4
FAR,Sert/0721,0.529235519778328,138.502486222936,5,ro1_2x_x1018y1130_z10_20lp_6000f_00001,31,ro1_2x_x1018y1130_z15_20lp_6000f_00001,18
FAR,Vgat/0730,0.529156007899512,94.2814902832196,14.375,roi1_1.4x_x1100y1050_z6_5000f_13lp_00001,1,roi1_3x_x1100y950_z8_6000f_13lp_00001,3
FAR,Vglut2/0728,0.529102995987981,74.5552432386926,10.3125,fov1_2x_y1700x1350_z15_6000f_16lp_00001,6,fov1_2x_y1700x1350_z5_6000f_15.5lp_00002,4
FAR,Vglut2/0728,0.529086911104683,29.6766149632475,3.4375,fov1_2.1x_y1350x1310_z30_3000f_13lp_00001,28,fov1_2x_y1700x1350_z25_3000f_16lp_00001,31
FAR,Vgat/0730,0.529061162105176,120.746880540333,39.999,roi2_2x_x1050y2250_z120_2000f_14lp_00001,13,roi2_2x_x1050y2250_z160_2000f_16lp_00001,5
FAR,Vgat/0730,0.528964949152148,135.30068554941,33.125,roi2_1.6x_x1050y2250_z50_2000f_10.5lp_00001,5,roi2_2.2x_x1050y2250_z80_2000f_11.5lp_00001,34
FAR,Vgat/0730,0.528865209858884,87.0755942303656,18.125,roi2_1.6x_x1050y2250_z63_2000f_11.5lp_00001,14,roi2_2.2x_x1050y2250_z80_2000f_11.5lp_00001,25
FAR,Vgat/0730,0.528863689024898,128.061966657428,18.125,roi2_1.6x_x1050y2250_z63_2000f_11.5lp_00001,53,roi2_2.2x_x1050y2250_z80_2000f_11.5lp_00001,19
FAR,Vgat/0730,0.52880677223329,145.191224112141,17.8125,roi1_2.4x_x950y1000_z85_6000f_14.5lp_00001,40,roi1_3x_x1050y1000_z100_3000f_17lp_00001,2
FAR,Sert/0721,0.528738768489764,56.1840273302082,5,ro1_2x_x1018y1130_z10_20lp_6000f_00001,3,ro1_2x_x1018y1130_z15_20lp_6000f_00001,5
FAR,Vgat/0730,0.528675235734613,82.1280060586418,19.0625,roi1_1.6x_x1050y1000_z100_3000f_17.5lp_00001,75,roi1_2.4x_x950y1000_z85_6000f_14.5lp_00001,39
FAR,Vglut2/1124,0.528593956739527,139.822355910027,20,roi3_-1000-300-40_32lp_930_x1.4_256x512_3000f_00001,50,roi3_-1000-300-60_38lp_930_x1.4_256x512_3000f_00001,99
FAR,Vglut2/1124,0.528571138498834,108.009657059382,20,roi3_-1000-300-40_32lp_930_x1.4_256x512_3000f_00001,54,roi3_-1000-300-60_38lp_930_x1.4_256x512_3000f_00001,100
FAR,Vglut2/0224/pFN,0.528560738316008,75.0719886363639,2.1875,pFN_roi2_z5_25x_512x512_3x_6000f_00001,11,pFN_roi2_z5_512x512_6x_6000f_00001,6
FAR,Sert/0721,0.528512320620195,128.655890709425,5,ro1_2x_x1018y1130_z10_20lp_6000f_00001,41,ro1_2x_x1018y1130_z15_20lp_6000f_00001,26
FAR,Vgat/0730,0.528396680541562,140.470645515714,29.375,roi1_1.6x_x1050y1000_z100_3000f_17.5lp_00001,66,roi1_3x_x950y1000_z70_6000f_15lp_00001,16
FAR,Vglut2/0728,0.528307060433947,30.0261462939503,17.8125,fov1_5x_y1900x1320_z60_6000f_17lp_00001,1,fov1_1.7x_y1650x1320_z40_3000f_17lp_00001,38
FAR,Vglut2/0728,0.528294891867009,119.692055414692,5,fov1_2x_y1700x1350_z15_6000f_16lp_00001,30,fov1_2x_y1700x1350_z25_3000f_16lp_00001,13
FAR,Vgat/0730,0.528140833968512,95.0333364874826,48.75,roi1_1.4x_x1100y1050_z6_5000f_13lp_00001,11,roi1_3x_x950y1200_z40_6000f_14lp_00002,13
FAR,Sert/0721,0.528082823675047,103.220887199446,5,ro1_2x_x1018y1130_z10_20lp_6000f_00001,39,ro1_2x_x1018y1130_z15_20lp_6000f_00001,24
FAR,Vglut2/1124,0.528069288981434,28.2088735110014,20,roi3_-1000-300-40_32lp_930_x1.4_256x512_3000f_00001,67,roi3_-1000-300-60_38lp_930_x1.4_256x512_3000f_00001,101
FAR,Vgat/0730,0.527838663454717,138.158288064175,22.5,roi1_3x_x1100y950_z8_6000f_13lp_00001,3,roi1_1.2x_x1100y1050_z0_5000f_14lp_00001,7
FAR,Vglut2/1124,0.527696469190033,133.39953164333,20,roi3_-1000-300-40_32lp_930_x1.4_256x512_3000f_00001,56,roi3_-1000-300-60_38lp_930_x1.4_256x512_3000f_00001,76
FAR,Vgat/0730,0.527685669258361,71.7370430512759,18.125,roi2_1.6x_x1050y2250_z63_2000f_11.5lp_00001,27,roi2_2.2x_x1050y2250_z80_2000f_11.5lp_00001,12
FAR,Sert/0721,0.527542608954351,129.885683232352,5,ro1_2x_x1018y1130_z10_20lp_6000f_00001,23,ro1_2x_x1018y1130_z15_20lp_6000f_00001,19
FAR,Sert/0721,0.527542091354605,110.073786018981,10,ro1_2x_x1018y1130_z15_20lp_6000f_00001,18,ro1_2x_x1018y1130_z25_26lp_6000f_00001,1
FAR,Vglut2/0728,0.527470347384574,142.335235936849,18.75,fov1_2.1x_y1350x1310_z30_3000f_13lp_00001,27,fov1_2x_y1700x1350_z5_6000f_15.5lp_00002,21
NEAR,Vglut2/0728,0.527448036124724,0.738284775238377,5,fov1_2x_y1700x1350_z15_6000f_16lp_00001,46,fov1_2x_y1700x1350_z25_3000f_16lp_00001,46
FAR,Sert/0721,0.527392952201689,118.182168504754,5,ro1_2x_x1018y1130_z10_20lp_6000f_00001,20,ro1_2x_x1018y1130_z15_20lp_6000f_00001,14
FAR,Vgat/0730,0.527357516997166,67.1009448245326,33.125,roi2_1.6x_x1050y2250_z50_2000f_10.5lp_00001,22,roi2_2.2x_x1050y2250_z80_2000f_11.5lp_00001,48
FAR,Vglut2/1124,0.527351766193236,56.838029959276,20,roi3_-1000-300-40_32lp_930_x1.4_256x512_3000f_00001,79,roi3_-1000-300-60_38lp_930_x1.4_256x512_3000f_00001,108
FAR,Vglut2/1124,0.527314810506788,130.638275172102,20,roi3_-1000-300-40_32lp_930_x1.4_256x512_3000f_00001,49,roi3_-1000-300-60_38lp_930_x1.4_256x512_3000f_00001,47
FAR,Vglut2/0728,0.527201555880169,75.4648696865831,20,fov1_1.7x_y1650x1320_z40_3000f_17lp_00001,26,fov1_2x_y1700x1350_z15_6000f_16lp_00001,33
FAR,Vgat/0730,0.527052222241621,119.635299680159,42.812,roi1_2.4x_x1300y900_z250_3000f_30lp_00001,28,roi1_1.5x_x1050y1000_z100_3000f_26.5lp_00001,5
FAR,Sert/0721,0.527032068320732,141.616276403345,1.5625,ro7_1.6x_x1000y-1000_z0_26lp_6000f_00001,20,roi7_1.8x_x-1000-1000_z0_16lp_3000f_00001,23
FAR,Vglut2/0728,0.527017476160575,69.2042387042857,20.3125,fov1_1.7x_y1650x1320_z35_3000f_15lp_00001,8,fov1_2x_y1700x1350_z15_6000f_17.5lp_00001,4
FAR,Sert/0721,0.526656456014938,74.444973343134,5,ro1_2x_x1018y1130_z10_20lp_6000f_00001,20,ro1_2x_x1018y1130_z15_20lp_6000f_00001,15
FAR,Vglut2/0728,0.526536310017695,78.006371353484,10,fov1_1.7x_y1650x1320_z35_3000f_15lp_00001,25,fov1_2x_y1700x1350_z25_3000f_16lp_00001,7
FAR,Sert/0721,0.526506383605366,46.8156074410089,1.875,ro1_2x_x1018y1130_z15_20lp_6000f_00001,47,ro3_2.5x_x450y1500_z-15_28.5lp_6000f_00003,7
FAR,Vgat/0730,0.526503114231916,142.803771550671,29.375,roi1_1.6x_x1050y1000_z100_3000f_17.5lp_00001,55,roi1_3x_x950y1000_z70_6000f_15lp_00001,36
FAR,Vgat/0730,0.526436001440306,36.8845722712394,5.625,roi2_1.5x_x1050y2250_z35_2000f_8lp_00001,31,roi2_1.6x_x1050y2250_z50_2000f_10.5lp_00001,26
FAR,Vglut2/0728,0.526407183500201,80.8229906363974,28.75,fov1_2.1x_y1350x1310_z30_3000f_13lp_00001,7,fov1_2x_y1700x1350_z0_6000f_15.5lp_00001,4
FAR,Vglut2/0728,0.526329859310781,138.341515667154,5,fov1_2x_y1700x1350_z0_6000f_15.5lp_00001,14,fov1_2x_y1700x1350_z5_6000f_15.5lp_00001,12
FAR,Sert/0721,0.526298635016147,70.8185885717663,10,ro1_2x_x1018y1130_z15_20lp_6000f_00001,48,ro1_2x_x1018y1130_z25_26lp_6000f_00001,6
FAR,Sert/0721,0.526293903368651,103.138278119137,5,ro1_2x_x1018y1130_z10_20lp_6000f_00001,36,ro1_2x_x1018y1130_z15_20lp_6000f_00001,48
FAR,Vglut2/1124,0.526233838077021,128.858087335782,20,roi3_-1000-300-40_32lp_930_x1.4_256x512_3000f_00001,75,roi3_-1000-300-60_38lp_930_x1.4_256x512_3000f_00001,83
FAR,Vglut2/0728,0.52620764208468,77.7087755336663,5,fov1_1.7x_y1650x1320_z30_3000f_15lp_00001,15,fov1_1.7x_y1650x1320_z35_3000f_15lp_00001,5
FAR,Vglut2/0728,0.526181967655556,147.158989481812,15,fov1_1.7x_y1650x1320_z35_3000f_15lp_00001,12,fov1_2x_y1700x1350_z15_6000f_16lp_00001,33
NEAR,Vglut2/0728,0.526107127246619,1.4254331442705,11.5625,fov1_1.7x_y1650x1320_z40_3000f_17lp_00001,39,fov1_2.1x_y1350x1310_z30_3000f_13lp_00001,28
FAR,Vglut2/0728,0.526001576116338,146.765959694016,8.4375,fov1_2.1x_y1350x1310_z30_3000f_13lp_00001,20,fov1_2x_y1700x1350_z15_6000f_16lp_00001,10
FAR,Vglut2/0728,0.52591693819524,39.310355285997,10,fov1_1.7x_y1650x1320_z30_3000f_15lp_00001,35,fov1_1.7x_y1650x1320_z40_3000f_17lp_00001,33
FAR,Vglut2/0728,0.525910372621773,22.2861526455264,20.3125,fov1_1.7x_y1650x1320_z30_3000f_15lp_00001,15,fov1_2x_y1700x1350_z5_6000f_15.5lp_00002,9
FAR,Vgat/0730,0.52581866150573,16.4592051559196,38.75,roi2_1.5x_x1050y2250_z35_2000f_8lp_00001,18,roi2_2.2x_x1050y2250_z80_2000f_11.5lp_00001,34
FAR,Sert/0721,0.525724680346121,70.7330363693701,11.25,ro6_1.6x_x1200y-700_z0_26lp_6000f_00001,27,ro7_1.6x_x1000y-1000_z0_26lp_6000f_00001,35
FAR,Vglut2/0224/pFN,0.525699100567553,102.382899164043,1.25,pFN_roi1_z0_512x512_6x_2000f_00001,11,pFN_roi2_z5_512x512_6x_6000f_00001,9
FAR,Vglut2/0728,0.52565139527341,121.902986815422,5,fov1_1.7x_y1650x1320_z30_3000f_15lp_00001,28,fov1_1.7x_y1650x1320_z35_3000f_15lp_00001,10
FAR,Sert/0721,0.525576585030024,94.1376211288942,11.875,ro5_1.6x_x1200y-400_z0_26lp_6000f_00001,9,ro6_1.6x_x1200y-700_z0_26lp_6000f_00001,11
FAR,Sert/0721,0.525564484058826,105.439079579245,11.875,ro5_1.6x_x1200y-400_z0_26lp_6000f_00001,14,ro6_1.6x_x1200y-700_z0_26lp_6000f_00001,26
FAR,Vglut2/0728,0.525450170648129,149.210549221126,20.3125,fov1_2x_y1700x1350_z0_6000f_15.5lp_00001,21,fov1_2x_y1700x1350_z15_6000f_16lp_00001,33
FAR,Vglut2/1124,0.525373907420258,148.276172536803,20,roi3_-1000-300-40_32lp_930_x1.4_256x512_3000f_00001,40,roi3_-1000-300-60_38lp_930_x1.4_256x512_3000f_00001,77
FAR,Vgat/0730,0.525368245610347,33.5072561688951,29.375,roi1_1.6x_x1050y1000_z100_3000f_17.5lp_00001,54,roi1_3x_x950y1000_z70_6000f_15lp_00001,26
FAR,Vgat/0730,0.525320147378193,122.958566033257,10.3125,roi1_2.4x_x950y1000_z85_6000f_14.5lp_00001,26,roi1_3x_x950y1000_z70_6000f_15lp_00001,28
FAR,Vglut2/1124,0.52530567168348,130.905879256712,20,roi3_-1000-300-40_32lp_930_x1.4_256x512_3000f_00001,69,roi3_-1000-300-60_38lp_930_x1.4_256x512_3000f_00001,83
FAR,Vglut2/1124,0.525232034542984,116.376003776573,20,roi3_-1000-300-40_32lp_930_x1.4_256x512_3000f_00001,67,roi3_-1000-300-60_38lp_930_x1.4_256x512_3000f_00001,85
FAR,Vglut2/1124,0.525195176678084,86.4749551808743,20,roi3_-1000-300-40_32lp_930_x1.4_256x512_3000f_00001,78,roi3_-1000-300-60_38lp_930_x1.4_256x512_3000f_00001,123
FAR,Vgat/0730,0.525127888306594,74.0070533935863,20.625,roi2_1.5x_x1050y2250_z35_2000f_8lp_00001,6,roi2_1.6x_x1050y2250_z63_2000f_11.5lp_00001,22
FAR,Vglut2/0728,0.525045412546612,137.949355732457,10,fov1_1.7x_y1650x1320_z30_3000f_15lp_00001,8,fov1_2x_y1700x1350_z15_6000f_16lp_00001,30
FAR,Vgat/0730,0.524986682102403,136.138806887129,39.999,roi2_2x_x1050y2250_z120_2000f_14lp_00001,29,roi2_2x_x1050y2250_z160_2000f_16lp_00001,12
FAR,Vgat/0730,0.524962122364871,90.580090833177,21.2495,roi2_2.2x_x1050y2250_z100_2000f_12lp_00001,35,roi2_2.2x_x1050y2250_z80_2000f_11.5lp_00001,56
FAR,Vglut2/1124,0.524928911801867,136.110495614781,20,roi3_-1000-300-40_32lp_930_x1.4_256x512_3000f_00001,40,roi3_-1000-300-60_38lp_930_x1.4_256x512_3000f_00001,65
FAR,Vglut2/1124,0.524893587592543,106.97073941808,5.3125,roi5_1400-1230-0_x4.4_15lp_6000f_00001,12,roi5_1400-1300-0_18lp_930_x4_512x512_6000f_00002,12
FAR,Vgat/0730,0.524869161978287,42.3948743457339,28.125,roi1_3x_x1050y1000_z100_3000f_17lp_00001,5,roi1_3x_x950y1000_z70_6000f_15lp_00001,14
FAR,Vglut2/0728,0.524724899346601,100.291424448573,30.3125,fov1_1.7x_y1650x1320_z40_3000f_17lp_00001,22,fov1_2x_y1700x1350_z5_6000f_15.5lp_00002,9
FAR,Vglut2/0728,0.524713734936515,67.6238076711753,3.4375,fov1_2.1x_y1350x1310_z30_3000f_13lp_00001,7,fov1_2x_y1700x1350_z25_3000f_16lp_00001,21
FAR,Vglut2/0728,0.524681189295066,77.6837450586068,40.3125,fov1_1.7x_y1650x1320_z40_3000f_17lp_00001,30,fov1_2x_y1700x1350_z0_6000f_15.5lp_00001,10
FAR,Vglut2/0728,0.524661317609004,34.5173240882014,25.3125,fov1_1.7x_y1650x1320_z35_3000f_15lp_00001,3,fov1_2x_y1700x1350_z5_6000f_15.5lp_00002,4
FAR,Vglut2/1124,0.524564433711101,35.5348737582293,20,roi3_-1000-300-40_32lp_930_x1.4_256x512_3000f_00001,54,roi3_-1000-300-60_38lp_930_x1.4_256x512_3000f_00001,78
FAR,Sert/0721,0.524527799838045,94.7744601813008,5,ro1_2x_x1018y1130_z10_20lp_6000f_00001,31,ro1_2x_x1018y1130_z15_20lp_6000f_00001,33
FAR,Sert/0721,0.524434519057926,87.6546298574311,5,ro1_2x_x1018y1130_z10_20lp_6000f_00001,36,ro1_2x_x1018y1130_z15_20lp_6000f_00001,29
FAR,Sert/0721,0.524387244258205,148.042600309844,11.25,ro6_1.6x_x1200y-700_z0_26lp_6000f_00001,9,ro7_1.6x_x1000y-1000_z0_26lp_6000f_00001,4
FAR,Vglut2/1124,0.52436335212678,35.5108375731017,20,roi3_-1000-300-40_32lp_930_x1.4_256x512_3000f_00001,66,roi3_-1000-300-60_38lp_930_x1.4_256x512_3000f_00001,87
FAR,Vglut2/0728,0.524233265460939,57.0645175040463,10.3125,fov1_2x_y1700x1350_z15_6000f_17.5lp_00001,5,fov1_2x_y1700x1350_z25_3000f_16lp_00001,19
FAR,Vglut2/0728,0.524203040092307,119.682654094182,5,fov1_1.7x_y1650x1320_z30_3000f_15lp_00001,28,fov1_2x_y1700x1350_z25_3000f_16lp_00001,7
FAR,Vgat/0730,0.524122888923996,145.601809831039,0.3125,roi1_3x_x1100y950_z8_6000f_13lp_00001,4,roi1_3x_x1100y950_z8_3000f_11.5lp_00001,8
NEAR,Sert/0721,0.524064941806982,1.15259365588814,9.6875,ro6_1.6x_x1200y-700_z0_26lp_6000f_00001,13,roi7_1.8x_x-1000-1000_z0_16lp_3000f_00001,23
FAR,Vglut2/0728,0.523948156929552,110.288612716463,5,fov1_1.7x_y1650x1320_z30_3000f_15lp_00001,29,fov1_2x_y1700x1350_z25_3000f_16lp_00001,21
FAR,Vgat/0730,0.523801404753084,138.717734256299,19.0625,roi1_1.6x_x1050y1000_z100_3000f_17.5lp_00001,57,roi1_2.4x_x950y1000_z85_6000f_14.5lp_00001,22
FAR,Vgat/0730,0.523701099081241,64.2531431502596,40.6255,roi2_2.2x_x1050y2250_z80_2000f_11.5lp_00001,42,roi2_2x_x1050y2250_z120_2000f_14lp_00001,32
FAR,Vglut2/1124,0.523670777836594,96.5284461243887,20,roi3_-1000-300-40_32lp_930_x1.4_256x512_3000f_00001,37,roi3_-1000-300-60_38lp_930_x1.4_256x512_3000f_00001,26
FAR,Vgat/0730,0.523612574424701,54.3628407059524,19.376,roi2_2.2x_x1050y2250_z100_2000f_12lp_00001,39,roi2_2x_x1050y2250_z120_2000f_14lp_00001,42
FAR,Vgat/0730,0.52361172202568,33.1293008534757,19.376,roi2_2.2x_x1050y2250_z100_2000f_12lp_00001,19,roi2_2x_x1050y2250_z120_2000f_14lp_00001,32
FAR,Sert/0721,0.523605122121016,94.4398434946187,5,ro1_2x_x1018y1130_z10_20lp_6000f_00001,31,ro1_2x_x1018y1130_z15_20lp_6000f_00001,19
FAR,Vglut2/1124,0.523560001401597,65.9527826324136,20,roi3_-1000-300-40_32lp_930_x1.4_256x512_3000f_00001,75,roi3_-1000-300-60_38lp_930_x1.4_256x512_3000f_00001,121
FAR,Vglut2/1124,0.523503711798499,5.70248026130842,20,roi3_-1000-300-40_32lp_930_x1.4_256x512_3000f_00001,50,roi3_-1000-300-60_38lp_930_x1.4_256x512_3000f_00001,65
FAR,Vgat/0730,0.52349998442959,60.6588068079961,18.125,roi2_1.6x_x1050y2250_z63_2000f_11.5lp_00001,59,roi2_2.2x_x1050y2250_z80_2000f_11.5lp_00001,62
FAR,Vgat/0730,0.523369965817352,123.706285929682,39.999,roi2_2x_x1050y2250_z120_2000f_14lp_00001,30,roi2_2x_x1050y2250_z160_2000f_16lp_00001,36
FAR,Vgat/0730,0.523353818870837,116.150470025494,39.3745,roi2_1.6x_x1050y2250_z63_2000f_11.5lp_00001,43,roi2_2.2x_x1050y2250_z100_2000f_12lp_00001,26
FAR,Vglut2/0728,0.523330550315246,128.833896034974,20,fov1_1.7x_y1650x1320_z40_3000f_17lp_00001,32,fov1_2x_y1700x1350_z15_6000f_16lp_00001,36
FAR,Sert/0721,0.523089228318612,124.98858685381,5,ro1_2x_x1018y1130_z10_20lp_6000f_00001,18,ro1_2x_x1018y1130_z15_20lp_6000f_00001,30
FAR,Sert/0721,0.522945019341391,111.587744978284,5.9375,ro1_2x_x1018y1130_z15_20lp_6000f_00001,5,ro3_4x_x700y-1233_z-10_24.5lp_6000f_00001,1
FAR,Sert/0721,0.522827877869039,130.758311464515,1.5625,ro7_1.6x_x1000y-1000_z0_26lp_6000f_00001,20,roi7_1.8x_x-1000-1000_z0_16lp_3000f_00001,41
FAR,Vglut2/0728,0.522807340167077,147.470044291731,20.3125,fov1_2x_y1700x1350_z25_3000f_16lp_00001,23,fov1_2x_y1700x1350_z5_6000f_15.5lp_00001,12
FAR,Sert/0721,0.522802957457138,114.739044452915,11.875,ro5_1.6x_x1200y-400_z0_26lp_6000f_00001,30,ro6_1.6x_x1200y-700_z0_26lp_6000f_00001,31
FAR,Vgat/0730,0.522691689185,147.627572873711,20.001,roi1_2.4x_x1300y900_z250_3000f_30lp_00001,20,roi1_3x_x1350y850_z265_3000f_31lp_00001,30
FAR,Vglut2/1124,0.522600518674764,70.1758157175852,20,roi3_-1000-300-40_32lp_930_x1.4_256x512_3000f_00001,66,roi3_-1000-300-60_38lp_930_x1.4_256x512_3000f_00001,84
FAR,Sert/0721,0.522567828539538,74.1224443791377,10,ro1_2x_x1018y1130_z15_20lp_6000f_00001,42,ro1_2x_x1018y1130_z25_26lp_6000f_00001,8
FAR,Vgat/0730,0.522472636322108,21.3904462196019,21.2495,roi2_2.2x_x1050y2250_z100_2000f_12lp_00001,22,roi2_2.2x_x1050y2250_z80_2000f_11.5lp_00001,52
FAR,Sert/0721,0.522418581223377,37.4797962718502,9.6875,ro6_1.6x_x1200y-700_z0_26lp_6000f_00001,5,roi7_1.8x_x-1000-1000_z0_16lp_3000f_00001,16
FAR,Vgat/0730,0.522200350667293,146.478038158259,40.6255,roi2_2.2x_x1050y2250_z80_2000f_11.5lp_00001,24,roi2_2x_x1050y2250_z120_2000f_14lp_00001,13
FAR,Sert/0721,0.522169983147507,136.146260918655,11.875,ro5_1.6x_x1200y-400_z0_26lp_6000f_00001,32,ro6_1.6x_x1200y-700_z0_26lp_6000f_00001,39
FAR,Vgat/0730,0.52206477731515,31.9724352979131,10.3125,roi1_2.4x_x950y1000_z85_6000f_14.5lp_00001,25,roi1_3x_x950y1000_z70_6000f_15lp_00001,17
FAR,Vglut2/0728,0.522028093387453,104.219874098259,30.3125,fov1_1.7x_y1650x1320_z30_3000f_15lp_00001,49,fov1_2x_y1700x1350_z0_6000f_15.5lp_00001,21
FAR,Vglut2/1124,0.522012337703891,40.3450242100038,20,roi3_-1000-300-40_32lp_930_x1.4_256x512_3000f_00001,58,roi3_-1000-300-60_38lp_930_x1.4_256x512_3000f_00001,84
FAR,Vglut2/1124,0.521964066506385,55.8253460882103,20,roi3_-1000-300-40_32lp_930_x1.4_256x512_3000f_00001,7,roi3_-1000-300-60_38lp_930_x1.4_256x512_3000f_00001,16
FAR,Vglut2/1124,0.521944739739039,68.8462290877881,20,roi3_-1000-300-40_32lp_930_x1.4_256x512_3000f_00001,65,roi3_-1000-300-60_38lp_930_x1.4_256x512_3000f_00001,75
FAR,Sert/0721,0.521796068764315,50.3301735440182,1.875,ro1_2x_x1018y1130_z15_20lp_6000f_00001,41,ro3_2.5x_x450y1500_z-15_28.5lp_6000f_00003,13
FAR,Sert/0721,0.521780531007962,103.5650752227,5,ro1_2x_x1018y1130_z10_20lp_6000f_00001,33,ro1_2x_x1018y1130_z15_20lp_6000f_00001,18
FAR,Vgat/0730,0.521771959898887,80.5768038682142,33.125,roi2_1.6x_x1050y2250_z50_2000f_10.5lp_00001,11,roi2_2.2x_x1050y2250_z80_2000f_11.5lp_00001,37
FAR,Sert/0721,0.521715216318702,36.5863801138757,11.25,ro6_1.6x_x1200y-700_z0_26lp_6000f_00001,5,ro7_1.6x_x1000y-1000_z0_26lp_6000f_00001,17
FAR,Vglut2/0728,0.521676219192514,31.0418823270701,3.4375,fov1_2.1x_y1350x1310_z30_3000f_13lp_00001,23,fov1_2x_y1700x1350_z25_3000f_16lp_00001,33
FAR,Vglut2/1124,0.521637673072129,68.5490191171848,20,roi3_-1000-300-40_32lp_930_x1.4_256x512_3000f_00001,10,roi3_-1000-300-60_38lp_930_x1.4_256x512_3000f_00001,11
FAR,Vglut2/0728,0.521620983222766,132.864553228351,5,roi2_1.6x_y1400x1600_z5_3000f_16lp_00001,11,roi2_2x_y1400x1550_z0_3000f_15lp_00001,2
FAR,Vglut2/0728,0.521601712139866,115.2016238944,20.3125,fov1_1.7x_y1650x1320_z30_3000f_15lp_00001,21,fov1_2x_y1700x1350_z5_6000f_15.5lp_00002,5
FAR,Vgat/0730,0.521466838226018,70.3558163224619,27.5,roi1_2x_x1100y950_z13_6000f_13lp_00001,3,roi1_1.2x_x1100y1050_z0_5000f_14lp_00001,5
FAR,Vglut2/1124,0.521453244492249,77.505409229812,20,roi3_-1000-300-40_32lp_930_x1.4_256x512_3000f_00001,42,roi3_-1000-300-60_38lp_930_x1.4_256x512_3000f_00001,67
NEAR,Vglut2/0728,0.521386840741306,4.26452857727128,5.3125,fov1_2x_y1700x1350_z15_6000f_16lp_00001,24,fov1_2x_y1700x1350_z15_6000f_17.5lp_00001,16
FAR,Vgat/0730,0.521374409321459,103.055713662168,33.125,roi2_1.6x_x1050y2250_z50_2000f_10.5lp_00001,4,roi2_2.2x_x1050y2250_z80_2000f_11.5lp_00001,2
FAR,Vglut2/1124,0.521328881801767,27.8431881525477,20,roi3_-1000-300-40_32lp_930_x1.4_256x512_3000f_00001,7,roi3_-1000-300-60_38lp_930_x1.4_256x512_3000f_00001,9
FAR,Vglut2/1124,0.521232737702985,68.1843411002645,20,roi3_-1000-300-40_32lp_930_x1.4_256x512_3000f_00001,6,roi3_-1000-300-60_38lp_930_x1.4_256x512_3000f_00001,21
FAR,Vglut2/1124,0.521173202995134,16.1423898954427,20,roi3_-1000-300-40_32lp_930_x1.4_256x512_3000f_00001,63,roi3_-1000-300-60_38lp_930_x1.4_256x512_3000f_00001,83
FAR,Vglut2/0728,0.521110066466053,115.464193321857,15,fov1_1.7x_y1650x1320_z35_3000f_15lp_00001,38,fov1_2x_y1700x1350_z15_6000f_16lp_00001,15
FAR,Sert/0721,0.520955590312931,83.1172783945797,1.5625,ro7_1.6x_x1000y-1000_z0_26lp_6000f_00001,19,roi7_1.8x_x-1000-1000_z0_16lp_3000f_00001,21
FAR,Sert/0721,0.520828049363623,66.9100290577583,1.5625,ro7_1.6x_x1000y-1000_z0_26lp_6000f_00001,9,roi7_1.8x_x-1000-1000_z0_16lp_3000f_00001,2
FAR,Sert/0721,0.520671556779853,146.744026042226,10,ro1_2x_x1018y1130_z15_20lp_6000f_00001,49,ro1_2x_x1018y1130_z25_26lp_6000f_00001,20
FAR,Vgat/0730,0.520606316947851,42.6566890000798,20.001,roi1_2.4x_x1300y900_z250_3000f_30lp_00001,6,roi1_3x_x1350y850_z265_3000f_31lp_00001,15
FAR,Vglut2/1124,0.520574732017632,38.7492615391104,20,roi3_-1000-300-40_32lp_930_x1.4_256x512_3000f_00001,7,roi3_-1000-300-60_38lp_930_x1.4_256x512_3000f_00001,18
FAR,Vgat/0730,0.520470786005246,117.17275511695,10.3125,roi1_2.4x_x950y1000_z85_6000f_14.5lp_00001,8,roi1_3x_x950y1000_z70_6000f_15lp_00001,12
FAR,Sert/0721,0.520311313425876,98.4313443432538,11.875,ro1_2x_x1018y1130_z25_26lp_6000f_00001,11,ro3_2.5x_x450y1500_z-15_28.5lp_6000f_00003,14
NEAR,Vglut2/0728,0.520214027228123,3.10995246399375,15,fov1_1.7x_y1650x1320_z40_3000f_17lp_00001,30,fov1_2x_y1700x1350_z25_3000f_16lp_00001,26
FAR,Sert/0721,0.519997595398454,123.946771298925,10,ro1_2x_x1018y1130_z15_20lp_6000f_00001,44,ro1_2x_x1018y1130_z25_26lp_6000f_00001,7
FAR,Vglut2/0728,0.519986832296661,80.9243126048049,5,roi2_1.6x_y1400x1600_z5_3000f_16lp_00001,11,roi2_2x_y1400x1550_z0_3000f_15lp_00001,13
FAR,Vgat/0730,0.519915349830963,138.497778203998,18.125,roi2_1.6x_x1050y2250_z63_2000f_11.5lp_00001,56,roi2_2.2x_x1050y2250_z80_2000f_11.5lp_00001,32
FAR,Vglut2/1124,0.519845150813271,26.0515873217922,20,roi3_-1000-300-40_32lp_930_x1.4_256x512_3000f_00001,29,roi3_-1000-300-60_38lp_930_x1.4_256x512_3000f_00001,32
FAR,Vglut2/1124,0.519794222987938,137.76468970321,20,roi3_-1000-300-40_32lp_930_x1.4_256x512_3000f_00001,80,roi3_-1000-300-60_38lp_930_x1.4_256x512_3000f_00001,105
FAR,Sert/0721,0.51958239032309,30.1506524903708,11.875,ro5_1.6x_x1200y-400_z0_26lp_6000f_00001,64,ro6_1.6x_x1200y-700_z0_26lp_6000f_00001,41
FAR,Vgat/0730,0.519421480926755,54.9933219751449,1.25,roi1_1.6x_x1050y1000_z100_3000f_17.5lp_00001,63,roi1_3x_x1050y1000_z100_3000f_17lp_00001,12
FAR,Vgat/0730,0.519220761004795,95.9916357473587,39.999,roi2_2x_x1050y2250_z120_2000f_14lp_00001,30,roi2_2x_x1050y2250_z160_2000f_16lp_00001,26
FAR,Vglut2/0728,0.519204622672699,137.292958630788,8.4375,fov1_2.1x_y1350x1310_z30_3000f_13lp_00001,6,fov1_2x_y1700x1350_z15_6000f_16lp_00001,6
FAR,Vgat/0730,0.519176209889937,60.4040238002691,15,roi2_1.6x_x1050y2250_z50_2000f_10.5lp_00001,6,roi2_1.6x_x1050y2250_z63_2000f_11.5lp_00001,45
FAR,Sert/0721,0.519153387934261,48.3073165843888,0.9375,ro1_2x_x1018y1130_z10_20lp_6000f_00001,18,ro3_4x_x700y-1233_z-10_24.5lp_6000f_00001,10
FAR,Vglut2/0728,0.519121316147305,104.338631688859,10,fov1_1.7x_y1650x1320_z30_3000f_15lp_00001,26,fov1_2x_y1700x1350_z15_6000f_16lp_00001,7
FAR,Vglut2/0728,0.519090707892491,34.7381207722306,5,fov1_1.7x_y1650x1320_z30_3000f_15lp_00001,31,fov1_1.7x_y1650x1320_z35_3000f_15lp_00001,35
FAR,Vglut2/0728,0.519056176442614,27.5215250877535,15.3125,fov1_1.7x_y1650x1320_z30_3000f_15lp_00001,20,fov1_2x_y1700x1350_z15_6000f_17.5lp_00001,16
FAR,Vglut2/1124,0.519023895352563,109.468664725463,20,roi3_-1000-300-40_32lp_930_x1.4_256x512_3000f_00001,8,roi3_-1000-300-60_38lp_930_x1.4_256x512_3000f_00001,37
FAR,Vglut2/1124,0.519008728534756,114.450396033239,5.3125,roi5_1400-1230-0_x4.4_15lp_6000f_00001,12,roi5_1400-1300-0_18lp_930_x4_512x512_6000f_00002,7
FAR,Vgat/0730,0.518989256412472,131.392955730426,29.375,roi1_1.6x_x1050y1000_z100_3000f_17.5lp_00001,52,roi1_3x_x950y1000_z70_6000f_15lp_00001,25
FAR,Sert/0721,0.518951018025804,120.574092879904,1.5625,ro7_1.6x_x1000y-1000_z0_26lp_6000f_00001,20,roi7_1.8x_x-1000-1000_z0_16lp_3000f_00001,32
FAR,Sert/0721,0.518880266547266,54.3942847467257,10,ro1_2x_x1018y1130_z15_20lp_6000f_00001,25,ro1_2x_x1018y1130_z25_26lp_6000f_00001,4
FAR,Vglut2/1124,0.518832253147487,34.5104330149467,20,roi3_-1000-300-40_32lp_930_x1.4_256x512_3000f_00001,53,roi3_-1000-300-60_38lp_930_x1.4_256x512_3000f_00001,77
FAR,Vglut2/0728,0.518710044439819,132.759452838964,10.3125,fov1_2x_y1700x1350_z15_6000f_16lp_00001,45,fov1_2x_y1700x1350_z5_6000f_15.5lp_00002,16
FAR,Vglut2/0728,0.518654814675418,133.732844758602,3.4375,fov1_2.1x_y1350x1310_z30_3000f_13lp_00001,39,fov1_2x_y1700x1350_z25_3000f_16lp_00001,30
FAR,Vglut2/0728,0.518601549807642,116.6738992763,5,fov1_1.7x_y1650x1320_z35_3000f_15lp_00001,8,fov1_1.7x_y1650x1320_z40_3000f_17lp_00001,22
FAR,Vgat/0730,0.518445083473943,138.295067637344,33.125,roi2_1.6x_x1050y2250_z50_2000f_10.5lp_00001,17,roi2_2.2x_x1050y2250_z80_2000f_11.5lp_00001,51
FAR,Vgat/0730,0.518376981161428,145.296833185018,19.375,roi1_1.4x_x1100y1050_z6_5000f_13lp_00001,6,roi1_2x_x1100y950_z13_6000f_13lp_00001,17
FAR,Vgat/0730,0.518353270984298,33.8450830060724,21.2495,roi2_2.2x_x1050y2250_z100_2000f_12lp_00001,11,roi2_2.2x_x1050y2250_z80_2000f_11.5lp_00001,25
FAR,Sert/0721,0.518139943560008,93.9397172954525,15.9375,ro1_2x_x1018y1130_z25_26lp_6000f_00001,3,ro3_4x_x700y-1233_z-10_24.5lp_6000f_00001,16
FAR,Vgat/0730,0.518123259450139,112.560145170852,39.999,roi2_2x_x1050y2250_z120_2000f_14lp_00001,33,roi2_2x_x1050y2250_z160_2000f_16lp_00001,49
FAR,Vglut2/1124,0.518069805585786,130.078414388571,5.3125,roi5_1400-1230-0_x4.4_15lp_6000f_00001,18,roi5_1400-1300-0_18lp_930_x4_512x512_6000f_00002,10
FAR,Vgat/0730,0.51800045111315,89.5801802716406,39.3745,roi2_1.6x_x1050y2250_z63_2000f_11.5lp_00001,53,roi2_2.2x_x1050y2250_z100_2000f_12lp_00001,28
FAR,Sert/0721,0.517940713793067,40.2430897218414,11.875,ro5_1.6x_x1200y-400_z0_26lp_6000f_00001,65,ro6_1.6x_x1200y-700_z0_26lp_6000f_00001,41
FAR,Vgat/0730,0.517915550805513,69.3305730045886,15,roi2_1.6x_x1050y2250_z50_2000f_10.5lp_00001,11,roi2_1.6x_x1050y2250_z63_2000f_11.5lp_00001,47
FAR,Vglut2/1124,0.517906793051242,95.7762263964814,20,roi3_-1000-300-40_32lp_930_x1.4_256x512_3000f_00001,68,roi3_-1000-300-60_38lp_930_x1.4_256x512_3000f_00001,75
NEAR,Vglut2/0728,0.517894811218679,3.01662912285957,15,fov1_1.7x_y1650x1320_z40_3000f_17lp_00001,10,fov1_2x_y1700x1350_z25_3000f_16lp_00001,8
FAR,Sert/0721,0.517879319284653,66.5638687825942,15,ro1_2x_x1018y1130_z10_20lp_6000f_00001,31,ro1_2x_x1018y1130_z25_26lp_6000f_00001,7
FAR,Vgat/0730,0.517778886852524,76.7766930411383,29.375,roi1_1.6x_x1050y1000_z100_3000f_17.5lp_00001,75,roi1_3x_x950y1000_z70_6000f_15lp_00001,34
FAR,Vgat/0730,0.517727771662808,76.2141087859956,29.375,roi1_1.6x_x1050y1000_z100_3000f_17.5lp_00001,52,roi1_3x_x950y1000_z70_6000f_15lp_00001,18
FAR,Vglut2/0728,0.517686736463384,98.5854063227467,5,fov1_1.7x_y1650x1320_z30_3000f_15lp_00001,23,fov1_1.7x_y1650x1320_z35_3000f_15lp_00001,9
FAR,Vglut2/0728,0.517639144804579,118.261603264154,20,fov1_1.7x_y1650x1320_z40_3000f_17lp_00001,52,fov1_2x_y1700x1350_z15_6000f_16lp_00001,38
FAR,Sert/0721,0.517594130972834,126.355128539895,10,ro1_2x_x1018y1130_z15_20lp_6000f_00001,46,ro1_2x_x1018y1130_z25_26lp_6000f_00001,3
FAR,Sert/0721,0.517553182766296,140.824957091194,15.9375,ro1_2x_x1018y1130_z25_26lp_6000f_00001,3,ro3_4x_x700y-1233_z-10_24.5lp_6000f_00001,15
FAR,Sert/0721,0.517547005991421,56.0192993515227,11.875,ro5_1.6x_x1200y-400_z0_26lp_6000f_00001,14,ro6_1.6x_x1200y-700_z0_26lp_6000f_00001,24
FAR,Vglut2/1124,0.517501404692258,149.547509741952,20,roi3_-1000-300-40_32lp_930_x1.4_256x512_3000f_00001,75,roi3_-1000-300-60_38lp_930_x1.4_256x512_3000f_00001,70
FAR,Vglut2/0728,0.517413119549498,85.1243617582779,10,fov1_1.7x_y1650x1320_z35_3000f_15lp_00001,11,fov1_2x_y1700x1350_z25_3000f_16lp_00001,15
FAR,Vgat/0730,0.517384146163816,67.7774385385797,39.3745,roi2_1.6x_x1050y2250_z63_2000f_11.5lp_00001,49,roi2_2.2x_x1050y2250_z100_2000f_12lp_00001,16
FAR,Sert/0721,0.517349173678521,141.043455687765,11.25,ro6_1.6x_x1200y-700_z0_26lp_6000f_00001,13,ro7_1.6x_x1000y-1000_z0_26lp_6000f_00001,20
FAR,Sert/0721,0.517184626937065,140.416401356442,1.5625,ro7_1.6x_x1000y-1000_z0_26lp_6000f_00001,22,roi7_1.8x_x-1000-1000_z0_16lp_3000f_00001,11
FAR,Vglut2/1124,0.517181808830404,31.1708421220633,20,roi3_-1000-300-40_32lp_930_x1.4_256x512_3000f_00001,58,roi3_-1000-300-60_38lp_930_x1.4_256x512_3000f_00001,77
FAR,Vglut2/1124,0.516838740086456,86.4596608246377,20,roi3_-1000-300-40_32lp_930_x1.4_256x512_3000f_00001,21,roi3_-1000-300-60_38lp_930_x1.4_256x512_3000f_00001,43
FAR,Vglut2/1124,0.516764600944563,133.785764917761,20,roi3_-1000-300-40_32lp_930_x1.4_256x512_3000f_00001,40,roi3_-1000-300-60_38lp_930_x1.4_256x512_3000f_00001,24
FAR,Sert/0721,0.516757698588708,49.2645413921202,5.9375,ro1_2x_x1018y1130_z15_20lp_6000f_00001,10,ro3_4x_x700y-1233_z-10_24.5lp_6000f_00001,10
FAR,Vglut2/0728,0.51672360512657,60.9571239858575,15,fov1_1.7x_y1650x1320_z40_3000f_17lp_00001,27,fov1_2x_y1700x1350_z25_3000f_16lp_00001,10
FAR,Vglut2/1124,0.516706088863713,69.3312469539937,20,roi3_-1000-300-40_32lp_930_x1.4_256x512_3000f_00001,4,roi3_-1000-300-60_38lp_930_x1.4_256x512_3000f_00001,9
FAR,Sert/0721,0.516704671253826,52.6206637783163,15,ro1_2x_x1018y1130_z10_20lp_6000f_00001,44,ro1_2x_x1018y1130_z25_26lp_6000f_00001,15
FAR,Vgat/0730,0.516682345404484,112.546784946643,19.376,roi2_2.2x_x1050y2250_z100_2000f_12lp_00001,14,roi2_2x_x1050y2250_z120_2000f_14lp_00001,38
FAR,Vglut2/0728,0.516547458180187,139.18582280414,10.3125,fov1_2x_y1700x1350_z15_6000f_17.5lp_00001,31,fov1_2x_y1700x1350_z25_3000f_16lp_00001,26
FAR,Sert/0721,0.516547250215598,57.6540065196471,5.9375,ro1_2x_x1018y1130_z15_20lp_6000f_00001,22,ro3_4x_x700y-1233_z-10_24.5lp_6000f_00001,14
FAR,Sert/0721,0.516360116153137,109.720054694867,1.5625,ro7_1.6x_x1000y-1000_z0_26lp_6000f_00001,18,roi7_1.8x_x-1000-1000_z0_16lp_3000f_00001,36
FAR,Sert/0721,0.51625676463378,101.078034472935,0.9375,ro1_2x_x1018y1130_z10_20lp_6000f_00001,26,ro3_4x_x700y-1233_z-10_24.5lp_6000f_00001,13
FAR,Vglut2/0728,0.516212107748953,78.9800886589899,1.5625,fov1_1.7x_y1650x1320_z30_3000f_15lp_00001,32,fov1_2.1x_y1350x1310_z30_3000f_13lp_00001,7
FAR,Vglut2/0728,0.516196963897552,138.371102399027,10,fov1_1.7x_y1650x1320_z30_3000f_15lp_00001,12,fov1_2x_y1700x1350_z15_6000f_16lp_00001,6
FAR,Vgat/0730,0.516186418393173,33.6589953636577,10.3125,roi1_2.4x_x950y1000_z85_6000f_14.5lp_00001,13,roi1_3x_x950y1000_z70_6000f_15lp_00001,8
FAR,Sert/0721,0.516073058432585,55.4786800401308,0.9375,ro1_2x_x1018y1130_z10_20lp_6000f_00001,14,ro3_4x_x700y-1233_z-10_24.5lp_6000f_00001,19
FAR,Sert/0721,0.515957043219347,104.017101252747,0.9375,ro1_2x_x1018y1130_z10_20lp_6000f_00001,14,ro3_4x_x700y-1233_z-10_24.5lp_6000f_00001,1
FAR,Sert/0721,0.515777770221462,110.705015886236,11.875,ro1_2x_x1018y1130_z25_26lp_6000f_00001,19,ro3_2.5x_x450y1500_z-15_28.5lp_6000f_00003,10
FAR,Vgat/0730,0.515685350662078,60.6716336936237,39.3745,roi2_1.6x_x1050y2250_z63_2000f_11.5lp_00001,56,roi2_2.2x_x1050y2250_z100_2000f_12lp_00001,22
FAR,Vglut2/1124,0.515660614402358,123.017838226436,30,roi3_-1000-300-60_38lp_930_x1.4_256x512_3000f_00001,62,roi3_-650-380-30_26lp_930_x1.2_256x512_3000f_00001,142
FAR,Vglut2/0728,0.515614372957417,124.039151717787,15.3125,fov1_2x_y1700x1350_z15_6000f_16lp_00001,11,fov1_2x_y1700x1350_z5_6000f_15.5lp_00001,11
FAR,Vglut2/0224/pFN,0.515589259628534,74.0918287326079,2.1875,pFN_roi2_z5_25x_512x512_3x_6000f_00001,13,pFN_roi2_z5_512x512_6x_6000f_00001,5
FAR,Sert/0721,0.515227464945878,76.2642518783229,11.875,ro5_1.6x_x1200y-400_z0_26lp_6000f_00001,7,ro6_1.6x_x1200y-700_z0_26lp_6000f_00001,20
FAR,Vgat/0730,0.515180022162799,148.14615638046,18.125,roi2_1.6x_x1050y2250_z63_2000f_11.5lp_00001,10,roi2_2.2x_x1050y2250_z80_2000f_11.5lp_00001,25
FAR,Vglut2/0728,0.515073824525355,32.6694392457668,10,fov1_1.7x_y1650x1320_z30_3000f_15lp_00001,33,fov1_2x_y1700x1350_z15_6000f_16lp_00001,29
FAR,Sert/0721,0.51500548222162,134.347896708197,15,ro1_2x_x1018y1130_z10_20lp_6000f_00001,36,ro1_2x_x1018y1130_z25_26lp_6000f_00001,6
FAR,Vglut2/0728,0.514745296661063,107.317075732255,3.4375,fov1_2.1x_y1350x1310_z30_3000f_13lp_00001,4,fov1_2x_y1700x1350_z25_3000f_16lp_00001,23
FAR,Vglut2/1124,0.514738859862625,141.826885969036,20,roi3_-1000-300-40_32lp_930_x1.4_256x512_3000f_00001,21,roi3_-1000-300-60_38lp_930_x1.4_256x512_3000f_00001,42
FAR,Vgat/0730,0.514538454076972,83.8832005402395,39.999,roi2_2x_x1050y2250_z120_2000f_14lp_00001,42,roi2_2x_x1050y2250_z160_2000f_16lp_00001,71
FAR,Vglut2/0728,0.51448241887027,87.5453316760649,35.3125,fov1_1.7x_y1650x1320_z35_3000f_15lp_00001,34,fov1_2x_y1700x1350_z0_6000f_15.5lp_00001,6
FAR,Vglut2/1124,0.514343302102928,59.2499357022432,20,roi3_-1000-300-40_32lp_930_x1.4_256x512_3000f_00001,88,roi3_-1000-300-60_38lp_930_x1.4_256x512_3000f_00001,123
FAR,Vglut2/0728,0.514255930790171,85.9680778993513,15,fov1_1.7x_y1650x1320_z35_3000f_15lp_00001,38,fov1_2x_y1700x1350_z15_6000f_16lp_00001,36
NEAR,Vglut2/0728,0.514173327550964,4.89173889666158,10.3125,fov1_2x_y1700x1350_z15_6000f_17.5lp_00001,31,fov1_2x_y1700x1350_z25_3000f_16lp_00001,40
FAR,Vglut2/0728,0.514160144723092,130.460431159911,25.3125,fov1_2x_y1700x1350_z0_6000f_15.5lp_00001,16,fov1_2x_y1700x1350_z25_3000f_16lp_00001,29
FAR,Vglut2/0728,0.5141005820128,79.4509900179314,8.4375,fov1_2.1x_y1350x1310_z30_3000f_13lp_00001,7,fov1_2x_y1700x1350_z15_6000f_16lp_00001,14
FAR,Vglut2/1124,0.514002860752754,15.6589127711275,20,roi3_-1000-300-40_32lp_930_x1.4_256x512_3000f_00001,37,roi3_-1000-300-60_38lp_930_x1.4_256x512_3000f_00001,43
FAR,Vglut2/1124,0.513990250609527,35.3351426626663,20,roi3_-1000-300-40_32lp_930_x1.4_256x512_3000f_00001,61,roi3_-1000-300-60_38lp_930_x1.4_256x512_3000f_00001,74
FAR,Vgat/0730,0.513983773461895,107.081135541759,18.125,roi2_1.6x_x1050y2250_z63_2000f_11.5lp_00001,48,roi2_2.2x_x1050y2250_z80_2000f_11.5lp_00001,58
FAR,Vgat/0730,0.513771223986077,109.09034083372,40.6255,roi2_2.2x_x1050y2250_z80_2000f_11.5lp_00001,24,roi2_2x_x1050y2250_z120_2000f_14lp_00001,28
FAR,Sert/0721,0.513695182865379,140.867835106951,9.6875,ro6_1.6x_x1200y-700_z0_26lp_6000f_00001,13,roi7_1.8x_x-1000-1000_z0_16lp_3000f_00001,20
FAR,Vgat/0730,0.51365872032439,84.2555048070216,33.125,roi2_1.6x_x1050y2250_z50_2000f_10.5lp_00001,15,roi2_2.2x_x1050y2250_z80_2000f_11.5lp_00001,58
FAR,Vgat/0730,0.513641252820362,88.3118882473287,20.625,roi2_1.5x_x1050y2250_z35_2000f_8lp_00001,24,roi2_1.6x_x1050y2250_z63_2000f_11.5lp_00001,55
FAR,Vgat/0730,0.513607001637581,97.6852332171894,48.75,roi1_1.4x_x1100y1050_z6_5000f_13lp_00001,15,roi1_3x_x950y1200_z40_6000f_14lp_00002,14
FAR,Vgat/0730,0.513399110345865,142.928351832152,40.6255,roi2_2.2x_x1050y2250_z80_2000f_11.5lp_00001,47,roi2_2x_x1050y2250_z120_2000f_14lp_00001,42
FAR,Sert/0721,0.513350387348092,98.3694287722304,0.9375,ro1_2x_x1018y1130_z10_20lp_6000f_00001,36,ro3_4x_x700y-1233_z-10_24.5lp_6000f_00001,19
FAR,Vglut2/0728,0.5132620782512,122.967609469691,25.3125,fov1_1.7x_y1650x1320_z35_3000f_15lp_00001,19,fov1_2x_y1700x1350_z5_6000f_15.5lp_00002,16
FAR,Sert/0721,0.512957872361661,96.0890382797174,1.5625,ro7_1.6x_x1000y-1000_z0_26lp_6000f_00001,16,roi7_1.8x_x-1000-1000_z0_16lp_3000f_00001,8
FAR,Sert/0721,0.512928115727805,124.912523090322,15,ro1_2x_x1018y1130_z10_20lp_6000f_00001,44,ro1_2x_x1018y1130_z25_26lp_6000f_00001,3
FAR,Sert/0721,0.512927276286232,148.746113913951,1.5625,ro7_1.6x_x1000y-1000_z0_26lp_6000f_00001,49,roi7_1.8x_x-1000-1000_z0_16lp_3000f_00001,31
FAR,Sert/0721,0.512905691732996,102.014846136286,1.5625,ro7_1.6x_x1000y-1000_z0_26lp_6000f_00001,49,roi7_1.8x_x-1000-1000_z0_16lp_3000f_00001,37
FAR,Vglut2/1124,0.51260873150802,41.3055281852442,20,roi3_-1000-300-40_32lp_930_x1.4_256x512_3000f_00001,47,roi3_-1000-300-60_38lp_930_x1.4_256x512_3000f_00001,67
FAR,Vglut2/1124,0.512480865969879,99.7541579888779,20,roi3_-1000-300-40_32lp_930_x1.4_256x512_3000f_00001,61,roi3_-1000-300-60_38lp_930_x1.4_256x512_3000f_00001,109
FAR,Sert/0721,0.512469266015823,99.2442736411718,5.9375,ro1_2x_x1018y1130_z15_20lp_6000f_00001,18,ro3_4x_x700y-1233_z-10_24.5lp_6000f_00001,8
FAR,Sert/0721,0.512464974670121,97.9918772307734,15,ro1_2x_x1018y1130_z10_20lp_6000f_00001,34,ro1_2x_x1018y1130_z25_26lp_6000f_00001,12
FAR,Vglut2/0728,0.512408982481112,48.0439453631107,11.5625,fov1_1.7x_y1650x1320_z40_3000f_17lp_00001,26,fov1_2.1x_y1350x1310_z30_3000f_13lp_00001,19
FAR,Sert/0721,0.51230305446363,148.966765004881,5,ro1_2x_x1018y1130_z10_20lp_6000f_00001,9,ro1_2x_x1018y1130_z15_20lp_6000f_00001,22
FAR,Vgat/0730,0.512278581509397,149.816765409329,39.999,roi2_2x_x1050y2250_z120_2000f_14lp_00001,35,roi2_2x_x1050y2250_z160_2000f_16lp_00001,66
FAR,Sert/0721,0.511970506146353,82.4648802172421,1.5625,ro7_1.6x_x1000y-1000_z0_26lp_6000f_00001,22,roi7_1.8x_x-1000-1000_z0_16lp_3000f_00001,18
FAR,Vglut2/1124,0.511958967376434,33.3618035237395,20,roi3_-1000-300-40_32lp_930_x1.4_256x512_3000f_00001,59,roi3_-1000-300-60_38lp_930_x1.4_256x512_3000f_00001,75
FAR,Vgat/0730,0.511941704480081,28.9577116780999,15,roi2_1.6x_x1050y2250_z50_2000f_10.5lp_00001,18,roi2_1.6x_x1050y2250_z63_2000f_11.5lp_00001,53
FAR,Vglut2/1124,0.511861795410643,145.170931331504,20,roi3_-1000-300-40_32lp_930_x1.4_256x512_3000f_00001,89,roi3_-1000-300-60_38lp_930_x1.4_256x512_3000f_00001,97
FAR,Vglut2/1124,0.511848532543841,99.0740567502908,20,roi3_-1000-300-40_32lp_930_x1.4_256x512_3000f_00001,28,roi3_-1000-300-60_38lp_930_x1.4_256x512_3000f_00001,50
FAR,Vglut2/1124,0.511834949220587,31.4914446066264,20,roi3_-1000-300-40_32lp_930_x1.4_256x512_3000f_00001,59,roi3_-1000-300-60_38lp_930_x1.4_256x512_3000f_00001,77
FAR,Vglut2/0728,0.511811645223572,61.2340208064662,20,fov1_1.7x_y1650x1320_z40_3000f_17lp_00001,2,fov1_2x_y1700x1350_z15_6000f_16lp_00001,5
FAR,Vglut2/1124,0.511731412222039,131.719653071104,20,roi3_-1000-300-40_32lp_930_x1.4_256x512_3000f_00001,9,roi3_-1000-300-60_38lp_930_x1.4_256x512_3000f_00001,4
FAR,Vgat/0730,0.511709931597726,52.7901842535261,21.2495,roi2_2.2x_x1050y2250_z100_2000f_12lp_00001,12,roi2_2.2x_x1050y2250_z80_2000f_11.5lp_00001,48
FAR,Vgat/0730,0.51138171655074,69.3685263561708,17.1875,roi1_2x_x1100y950_z13_6000f_13lp_00001,3,roi1_3.2x_x1100y1050_z6_6000f_12lp_00001,5
FAR,Sert/0721,0.511377347627875,64.5111354247968,0.9375,ro1_2x_x1018y1130_z10_20lp_6000f_00001,19,ro3_4x_x700y-1233_z-10_24.5lp_6000f_00001,5
FAR,Vglut2/1124,0.511329349725978,76.3957534068126,20,roi3_-1000-300-40_32lp_930_x1.4_256x512_3000f_00001,72,roi3_-1000-300-60_38lp_930_x1.4_256x512_3000f_00001,112
FAR,Sert/0721,0.511298180917715,76.2520850341195,5,ro1_2x_x1018y1130_z10_20lp_6000f_00001,37,ro1_2x_x1018y1130_z15_20lp_6000f_00001,40
FAR,Sert/0721,0.511284895542357,145.355047412062,5,ro1_2x_x1018y1130_z10_20lp_6000f_00001,12,ro1_2x_x1018y1130_z15_20lp_6000f_00001,26
FAR,Vgat/0730,0.511207515756526,149.653344674906,40.6255,roi2_2.2x_x1050y2250_z80_2000f_11.5lp_00001,53,roi2_2x_x1050y2250_z120_2000f_14lp_00001,3
FAR,Sert/0721,0.511097259273107,130.900302384504,21.5625,ro5_1.6x_x1200y-400_z0_26lp_6000f_00001,14,roi7_1.8x_x-1000-1000_z0_16lp_3000f_00001,40
FAR,Vglut2/0728,0.510908406002302,137.919054287027,18.75,fov1_2.1x_y1350x1310_z30_3000f_13lp_00001,6,fov1_2x_y1700x1350_z5_6000f_15.5lp_00002,5
FAR,Vglut2/0728,0.510880653012202,102.89397649415,20.3125,fov1_1.7x_y1650x1320_z30_3000f_15lp_00001,6,fov1_2x_y1700x1350_z5_6000f_15.5lp_00002,13
FAR,Vglut2/0728,0.510802303636018,122.708234352216,20.3125,fov1_1.7x_y1650x1320_z35_3000f_15lp_00001,19,fov1_2x_y1700x1350_z15_6000f_17.5lp_00001,25
FAR,Sert/0721,0.510754563114222,129.175816687874,11.875,ro5_1.6x_x1200y-400_z0_26lp_6000f_00001,2,ro6_1.6x_x1200y-700_z0_26lp_6000f_00001,18
FAR,Vgat/0730,0.510747167947481,134.896976078152,19.0625,roi1_1.6x_x1050y1000_z100_3000f_17.5lp_00001,23,roi1_2.4x_x950y1000_z85_6000f_14.5lp_00001,21
FAR,Sert/0721,0.510704109436737,74.2520390471738,5,ro1_2x_x1018y1130_z10_20lp_6000f_00001,15,ro1_2x_x1018y1130_z15_20lp_6000f_00001,19
FAR,Vglut2/1124,0.510673799039116,122.552679032832,5.3125,roi5_1400-1230-0_x4.4_15lp_6000f_00001,14,roi5_1400-1300-0_18lp_930_x4_512x512_6000f_00002,12
FAR,Vglut2/0728,0.51060222190544,125.832426715134,25.3125,fov1_1.7x_y1650x1320_z35_3000f_15lp_00001,46,fov1_2x_y1700x1350_z5_6000f_15.5lp_00002,16
FAR,Vglut2/0728,0.510558331559462,128.144019919429,15.3125,fov1_2x_y1700x1350_z25_3000f_16lp_00001,16,fov1_2x_y1700x1350_z5_6000f_15.5lp_00002,14
FAR,Vgat/0730,0.510543921099135,64.1692821888372,38.75,roi2_1.5x_x1050y2250_z35_2000f_8lp_00001,26,roi2_2.2x_x1050y2250_z80_2000f_11.5lp_00001,60
FAR,Vgat/0730,0.510149533477851,114.571230893627,19.376,roi2_2.2x_x1050y2250_z100_2000f_12lp_00001,23,roi2_2x_x1050y2250_z120_2000f_14lp_00001,46
FAR,Vgat/0730,0.510103480178172,114.893580065972,30,roi1_3x_x950y1200_z40_6000f_14lp_00001,5,roi1_3x_x950y1000_z70_6000f_15lp_00001,28
FAR,Sert/0721,0.510066791412174,109.084563295139,3.125,ro1_2x_x1018y1130_z10_20lp_6000f_00001,43,ro3_2.5x_x450y1500_z-15_28.5lp_6000f_00003,15
FAR,Sert/0721,0.510060791551964,95.0454580458167,10,ro1_2x_x1018y1130_z15_20lp_6000f_00001,44,ro1_2x_x1018y1130_z25_26lp_6000f_00001,6
FAR,Sert/0721,0.509983793407752,46.7801040769095,10,ro1_2x_x1018y1130_z15_20lp_6000f_00001,39,ro1_2x_x1018y1130_z25_26lp_6000f_00001,11
FAR,Vgat/0730,0.509981585834363,74.030626286622,38.75,roi2_1.5x_x1050y2250_z35_2000f_8lp_00001,18,roi2_2.2x_x1050y2250_z80_2000f_11.5lp_00001,36
FAR,Sert/0721,0.509947891028459,145.675887024598,9.6875,ro6_1.6x_x1200y-700_z0_26lp_6000f_00001,22,roi7_1.8x_x-1000-1000_z0_16lp_3000f_00001,39
FAR,Vglut2/0728,0.509905509059079,90.5399839587781,20.3125,fov1_2x_y1700x1350_z25_3000f_16lp_00001,42,fov1_2x_y1700x1350_z5_6000f_15.5lp_00001,11
NEAR,Vglut2/0728,0.509844921657347,4.65962989821892,10,fov1_1.7x_y1650x1320_z30_3000f_15lp_00001,29,fov1_2x_y1700x1350_z15_6000f_16lp_00001,29
FAR,Vglut2/0728,0.509790532394512,80.3406593024954,10,fov1_1.7x_y1650x1320_z30_3000f_15lp_00001,30,fov1_1.7x_y1650x1320_z40_3000f_17lp_00001,32
FAR,Sert/0721,0.509705867463106,111.162278713002,11.25,ro6_1.6x_x1200y-700_z0_26lp_6000f_00001,9,ro7_1.6x_x1000y-1000_z0_26lp_6000f_00001,35
FAR,Vglut2/0728,0.509701057401236,58.0437870607317,10,fov1_1.7x_y1650x1320_z30_3000f_15lp_00001,33,fov1_1.7x_y1650x1320_z40_3000f_17lp_00001,33
FAR,Vglut2/0728,0.509436492499586,119.912622256029,15.3125,fov1_1.7x_y1650x1320_z30_3000f_15lp_00001,28,fov1_2x_y1700x1350_z15_6000f_17.5lp_00001,3
FAR,Vgat/0730,0.509418070204655,119.385869346215,38.75,roi2_1.5x_x1050y2250_z35_2000f_8lp_00001,16,roi2_2.2x_x1050y2250_z80_2000f_11.5lp_00001,26
FAR,Vgat/0730,0.509327612838166,148.210214402399,33.125,roi2_1.6x_x1050y2250_z50_2000f_10.5lp_00001,17,roi2_2.2x_x1050y2250_z80_2000f_11.5lp_00001,4
FAR,Vglut2/0728,0.509272471013826,60.060739100486,10,fov1_1.7x_y1650x1320_z30_3000f_15lp_00001,31,fov1_2x_y1700x1350_z15_6000f_16lp_00001,29
FAR,Sert/0721,0.50920584344634,141.248700790176,15,ro1_2x_x1018y1130_z10_20lp_6000f_00001,19,ro1_2x_x1018y1130_z25_26lp_6000f_00001,3
FAR,Sert/0721,0.509191789789268,123.218181658209,10,ro1_2x_x1018y1130_z15_20lp_6000f_00001,30,ro1_2x_x1018y1130_z25_26lp_6000f_00001,11
FAR,Sert/0721,0.509112033914337,147.620460107326,1.5625,ro7_1.6x_x1000y-1000_z0_26lp_6000f_00001,4,roi7_1.8x_x-1000-1000_z0_16lp_3000f_00001,20
FAR,Vglut2/1124,0.509038174739778,141.933789164756,20,roi3_-1000-300-40_32lp_930_x1.4_256x512_3000f_00001,38,roi3_-1000-300-60_38lp_930_x1.4_256x512_3000f_00001,67
FAR,Vglut2/0728,0.509024155325269,62.8878402804437,3.4375,fov1_2.1x_y1350x1310_z30_3000f_13lp_00001,22,fov1_2x_y1700x1350_z25_3000f_16lp_00001,23
FAR,Vgat/0730,0.509010229618774,134.152143590783,14.375,roi1_1.4x_x1100y1050_z6_5000f_13lp_00001,2,roi1_3x_x1100y950_z8_6000f_13lp_00001,4
FAR,Vglut2/1124,0.508920430674497,14.5821523960346,20,roi3_-1000-300-40_32lp_930_x1.4_256x512_3000f_00001,42,roi3_-1000-300-60_38lp_930_x1.4_256x512_3000f_00001,59
FAR,Sert/0721,0.508834732238823,147.406674738542,9.6875,ro6_1.6x_x1200y-700_z0_26lp_6000f_00001,9,roi7_1.8x_x-1000-1000_z0_16lp_3000f_00001,4
FAR,Vglut2/1124,0.508832921043029,97.4325687281538,20,roi3_-1000-300-40_32lp_930_x1.4_256x512_3000f_00001,3,roi3_-1000-300-60_38lp_930_x1.4_256x512_3000f_00001,23
FAR,Vgat/0730,0.508798773033371,78.4658322715957,1.25,roi1_1.6x_x1050y1000_z100_3000f_17.5lp_00001,74,roi1_3x_x1050y1000_z100_3000f_17lp_00001,16
FAR,Sert/0721,0.508779307927698,85.0208285223412,11.875,ro5_1.6x_x1200y-400_z0_26lp_6000f_00001,19,ro6_1.6x_x1200y-700_z0_26lp_6000f_00001,24
FAR,Vglut2/0728,0.508734693583484,118.533729654274,15.3125,fov1_2x_y1700x1350_z25_3000f_16lp_00001,5,fov1_2x_y1700x1350_z5_6000f_15.5lp_00002,6
FAR,Vgat/0730,0.508701232562226,70.3943891309097,28.125,roi1_3x_x1050y1000_z100_3000f_17lp_00001,15,roi1_3x_x950y1000_z70_6000f_15lp_00001,36
FAR,Vgat/0730,0.508631143470375,143.434730208973,33.125,roi2_1.6x_x1050y2250_z50_2000f_10.5lp_00001,11,roi2_2.2x_x1050y2250_z80_2000f_11.5lp_00001,53
FAR,Vglut2/0728,0.508630291971124,86.0773795928219,5,fov1_2x_y1700x1350_z5_6000f_15.5lp_00001,5,fov1_2x_y1700x1350_z5_6000f_15.5lp_00002,10
FAR,Sert/0721,0.508521196604304,59.6155140178072,1.5625,ro7_1.6x_x1000y-1000_z0_26lp_6000f_00001,9,roi7_1.8x_x-1000-1000_z0_16lp_3000f_00001,11
FAR,Vgat/0730,0.508473890017294,50.9942993951833,21.2495,roi2_2.2x_x1050y2250_z100_2000f_12lp_00001,31,roi2_2.2x_x1050y2250_z80_2000f_11.5lp_00001,58
FAR,Sert/0721,0.508331847312345,107.055961207733,11.875,ro1_2x_x1018y1130_z25_26lp_6000f_00001,32,ro3_2.5x_x450y1500_z-15_28.5lp_6000f_00003,22
FAR,Vglut2/0728,0.508250067165238,130.803186391853,18.75,fov1_2.1x_y1350x1310_z30_3000f_13lp_00001,7,fov1_2x_y1700x1350_z5_6000f_15.5lp_00002,4
FAR,Vgat/0730,0.508167714654906,79.8943075235698,19.376,roi2_2.2x_x1050y2250_z100_2000f_12lp_00001,10,roi2_2x_x1050y2250_z120_2000f_14lp_00001,14
FAR,Vgat/0730,0.50816671208352,108.729890122353,21.2495,roi2_2.2x_x1050y2250_z100_2000f_12lp_00001,23,roi2_2.2x_x1050y2250_z80_2000f_11.5lp_00001,64
FAR,Vglut2/1124,0.508139500986781,93.7792889799428,20,roi3_-1000-300-40_32lp_930_x1.4_256x512_3000f_00001,54,roi3_-1000-300-60_38lp_930_x1.4_256x512_3000f_00001,56
FAR,Vgat/0730,0.50811325368334,84.8366036160474,10.3125,roi1_2.4x_x950y1000_z85_6000f_14.5lp_00001,16,roi1_3x_x950y1000_z70_6000f_15lp_00001,5
FAR,Vglut2/0728,0.507893065707644,61.1566568132848,10,fov1_1.7x_y1650x1320_z35_3000f_15lp_00001,36,fov1_2x_y1700x1350_z25_3000f_16lp_00001,39
FAR,Vglut2/1124,0.50788422401331,112.182454911582,20,roi3_-1000-300-40_32lp_930_x1.4_256x512_3000f_00001,79,roi3_-1000-300-60_38lp_930_x1.4_256x512_3000f_00001,124
FAR,Vgat/0730,0.507767054700706,106.984435763951,30,roi1_3x_x950y1200_z40_6000f_14lp_00002,8,roi1_3x_x950y1000_z70_6000f_15lp_00001,5
FAR,Vglut2/0728,0.507759161171215,141.711633817136,10,fov1_1.7x_y1650x1320_z30_3000f_15lp_00001,38,fov1_2x_y1700x1350_z15_6000f_16lp_00001,39
FAR,Vglut2/1124,0.507696831216984,102.379624152024,20,roi3_-1000-300-40_32lp_930_x1.4_256x512_3000f_00001,26,roi3_-1000-300-60_38lp_930_x1.4_256x512_3000f_00001,15
FAR,Vglut2/0728,0.50766129231924,114.973281270348,15.3125,fov1_2x_y1700x1350_z25_3000f_16lp_00001,32,fov1_2x_y1700x1350_z5_6000f_15.5lp_00002,10
NEAR,Vgat/0730,0.507661225079734,1.34269686841812,10.3125,roi1_2.4x_x950y1000_z85_6000f_14.5lp_00001,42,roi1_3x_x950y1000_z70_6000f_15lp_00001,36
FAR,Vglut2/1124,0.507616960085051,146.656214176154,20,roi3_-1000-300-40_32lp_930_x1.4_256x512_3000f_00001,40,roi3_-1000-300-60_38lp_930_x1.4_256x512_3000f_00001,26
FAR,Vglut2/0728,0.507606604286888,138.630507288276,8.4375,fov1_2.1x_y1350x1310_z30_3000f_13lp_00001,17,fov1_2x_y1700x1350_z15_6000f_16lp_00001,14
FAR,Vglut2/0728,0.507561714036332,105.599858542693,10.3125,fov1_2x_y1700x1350_z15_6000f_17.5lp_00001,3,fov1_2x_y1700x1350_z25_3000f_16lp_00001,23
FAR,Sert/0721,0.507497018082772,103.918928110989,4.0625,ro3_2.5x_x450y1500_z-15_28.5lp_6000f_00003,2,ro3_4x_x700y-1233_z-10_24.5lp_6000f_00001,15
FAR,Vgat/0730,0.507493033135655,22.7194305504857,33.125,roi2_1.6x_x1050y2250_z50_2000f_10.5lp_00001,22,roi2_2.2x_x1050y2250_z80_2000f_11.5lp_00001,55
FAR,Sert/0721,0.507438349955471,148.903230879488,5,ro1_2x_x1018y1130_z10_20lp_6000f_00001,14,ro1_2x_x1018y1130_z15_20lp_6000f_00001,8
FAR,Vgat/0730,0.50739342430341,134.195784659682,21.2495,roi2_2.2x_x1050y2250_z100_2000f_12lp_00001,12,roi2_2.2x_x1050y2250_z80_2000f_11.5lp_00001,64
FAR,Vgat/0730,0.507380674491268,99.985416147514,39.999,roi2_2x_x1050y2250_z120_2000f_14lp_00001,17,roi2_2x_x1050y2250_z160_2000f_16lp_00001,17
FAR,Vgat/0730,0.507368220651197,87.5040339325443,30,roi1_3x_x950y1200_z40_6000f_14lp_00002,6,roi1_3x_x950y1000_z70_6000f_15lp_00001,26
FAR,Sert/0721,0.507347437127741,96.5571334572923,1.5625,ro7_1.6x_x1000y-1000_z0_26lp_6000f_00001,2,roi7_1.8x_x-1000-1000_z0_16lp_3000f_00001,14
FAR,Vglut2/0728,0.50724639260517,114.095686517817,5,fov1_1.7x_y1650x1320_z30_3000f_15lp_00001,19,fov1_1.7x_y1650x1320_z35_3000f_15lp_00001,19
FAR,Vglut2/0224/pFN,0.507227915456998,144.35610363766,0.9375,pFN_roi1_z0_512x512_6x_2000f_00001,3,pFN_roi2_z5_25x_512x512_3x_6000f_00001,24
FAR,Vglut2/0728,0.507206895407315,21.4708463129739,35.3125,fov1_1.7x_y1650x1320_z40_3000f_17lp_00001,19,fov1_2x_y1700x1350_z5_6000f_15.5lp_00001,3
FAR,Vgat/0730,0.507204806884655,129.538417988536,10.3125,roi1_2.4x_x950y1000_z85_6000f_14.5lp_00001,25,roi1_3x_x950y1000_z70_6000f_15lp_00001,34
FAR,Vglut2/0728,0.507128530961719,67.7307202696141,10,fov1_1.7x_y1650x1320_z30_3000f_15lp_00001,18,fov1_2x_y1700x1350_z15_6000f_16lp_00001,28
FAR,Vglut2/0728,0.507112047189586,57.2524515877059,20,fov1_1.7x_y1650x1320_z40_3000f_17lp_00001,25,fov1_2x_y1700x1350_z15_6000f_16lp_00001,29
FAR,Vgat/0730,0.507058437623923,112.396212696603,11.875,roi1_3.2x_x1100y1050_z6_6000f_12lp_00001,5,roi1_3x_x1100y950_z8_3000f_11.5lp_00001,10
FAR,Sert/0721,0.506738848665969,113.86005504232,1.5625,ro7_1.6x_x1000y-1000_z0_26lp_6000f_00001,4,roi7_1.8x_x-1000-1000_z0_16lp_3000f_00001,10
FAR,Vglut2/1124,0.506685673106493,99.8649407842124,20,roi3_-1000-300-40_32lp_930_x1.4_256x512_3000f_00001,66,roi3_-1000-300-60_38lp_930_x1.4_256x512_3000f_00001,67
FAR,Vglut2/0728,0.506597801551295,24.9284410972016,15,fov1_1.7x_y1650x1320_z35_3000f_15lp_00001,29,fov1_2x_y1700x1350_z15_6000f_16lp_00001,18
FAR,Vgat/0730,0.506583365133396,148.24505269593,19.0625,roi1_1.6x_x1050y1000_z100_3000f_17.5lp_00001,6,roi1_2.4x_x950y1000_z85_6000f_14.5lp_00001,13
FAR,Vglut2/0728,0.506378821917042,136.444876977651,40.3125,fov1_1.7x_y1650x1320_z40_3000f_17lp_00001,22,fov1_2x_y1700x1350_z0_6000f_15.5lp_00001,18
FAR,Vglut2/1124,0.5063258684075,102.636745757179,20,roi3_-1000-300-40_32lp_930_x1.4_256x512_3000f_00001,59,roi3_-1000-300-60_38lp_930_x1.4_256x512_3000f_00001,100
FAR,Sert/0721,0.506274301898358,9.40222412363178,11.875,ro1_2x_x1018y1130_z25_26lp_6000f_00001,8,ro3_2.5x_x450y1500_z-15_28.5lp_6000f_00003,14
FAR,Vglut2/0728,0.506157412551131,42.5673983674935,3.4375,fov1_2.1x_y1350x1310_z30_3000f_13lp_00001,27,fov1_2x_y1700x1350_z25_3000f_16lp_00001,27
FAR,Sert/0721,0.506111267218737,53.8213193751276,10,ro1_2x_x1018y1130_z15_20lp_6000f_00001,26,ro1_2x_x1018y1130_z25_26lp_6000f_00001,4
FAR,Vglut2/0728,0.506105774974842,117.309304280433,20,fov1_1.7x_y1650x1320_z40_3000f_17lp_00001,32,fov1_2x_y1700x1350_z15_6000f_16lp_00001,9
FAR,Sert/0721,0.506103164104918,59.0884583596063,1.5625,ro7_1.6x_x1000y-1000_z0_26lp_6000f_00001,12,roi7_1.8x_x-1000-1000_z0_16lp_3000f_00001,8
FAR,Vgat/0730,0.505998273238565,129.298379481175,19.376,roi2_2.2x_x1050y2250_z100_2000f_12lp_00001,31,roi2_2x_x1050y2250_z120_2000f_14lp_00001,35
FAR,Vglut2/1124,0.505991777968388,72.1727775533029,20,roi3_-1000-300-40_32lp_930_x1.4_256x512_3000f_00001,36,roi3_-1000-300-60_38lp_930_x1.4_256x512_3000f_00001,32
FAR,Sert/0721,0.505933414020985,89.472424039608,10,ro1_2x_x1018y1130_z15_20lp_6000f_00001,33,ro1_2x_x1018y1130_z25_26lp_6000f_00001,3
FAR,Vgat/0730,0.505919555499949,97.9136206840713,19.0625,roi1_1.6x_x1050y1000_z100_3000f_17.5lp_00001,69,roi1_2.4x_x950y1000_z85_6000f_14.5lp_00001,34
FAR,Sert/0721,0.505893349262299,57.7118056437976,0.9375,ro1_2x_x1018y1130_z10_20lp_6000f_00001,12,ro3_4x_x700y-1233_z-10_24.5lp_6000f_00001,9
FAR,Vgat/0730,0.505875394590217,149.731007906285,39.999,roi2_2x_x1050y2250_z120_2000f_14lp_00001,41,roi2_2x_x1050y2250_z160_2000f_16lp_00001,71
FAR,Vglut2/0728,0.50566955166484,106.908837123312,1.5625,fov1_1.7x_y1650x1320_z30_3000f_15lp_00001,26,fov1_2.1x_y1350x1310_z30_3000f_13lp_00001,4
FAR,Vgat/0730,0.50563288413027,7.02483171806238,27.5,roi1_2x_x1100y950_z13_6000f_13lp_00001,6,roi1_1.2x_x1100y1050_z0_5000f_14lp_00001,5
FAR,Vgat/0730,0.505566406443278,108.790098501487,21.2495,roi2_2.2x_x1050y2250_z100_2000f_12lp_00001,21,roi2_2.2x_x1050y2250_z80_2000f_11.5lp_00001,46
FAR,Vglut2/0728,0.505561500977864,121.071560977848,20.3125,fov1_1.7x_y1650x1320_z30_3000f_15lp_00001,32,fov1_2x_y1700x1350_z5_6000f_15.5lp_00002,10
FAR,Vglut2/1124,0.505554661939538,25.5067380727783,20,roi3_-1000-300-40_32lp_930_x1.4_256x512_3000f_00001,79,roi3_-1000-300-60_38lp_930_x1.4_256x512_3000f_00001,116
FAR,Vglut2/0728,0.505537706526422,79.5267925374882,5,fov1_1.7x_y1650x1320_z35_3000f_15lp_00001,32,fov1_1.7x_y1650x1320_z40_3000f_17lp_00001,32
FAR,Sert/0721,0.505356642635959,48.9755079639209,10,ro1_2x_x1018y1130_z15_20lp_6000f_00001,33,ro1_2x_x1018y1130_z25_26lp_6000f_00001,4
FAR,Sert/0721,0.505302638302607,95.6078165826487,1.875,ro1_2x_x1018y1130_z15_20lp_6000f_00001,47,ro3_2.5x_x450y1500_z-15_28.5lp_6000f_00003,22
FAR,Vglut2/1124,0.505278869027105,105.856014982778,20,roi3_-1000-300-40_32lp_930_x1.4_256x512_3000f_00001,18,roi3_-1000-300-60_38lp_930_x1.4_256x512_3000f_00001,45
FAR,Sert/0721,0.505023701680225,141.586239850586,5,ro1_2x_x1018y1130_z10_20lp_6000f_00001,36,ro1_2x_x1018y1130_z15_20lp_6000f_00001,19
FAR,Vglut2/1124,0.505012405650145,127.728209371796,20,roi3_-1000-300-40_32lp_930_x1.4_256x512_3000f_00001,10,roi3_-1000-300-60_38lp_930_x1.4_256x512_3000f_00001,43
FAR,Vgat/0730,0.504943040894724,145.150883712766,21.2495,roi2_2.2x_x1050y2250_z100_2000f_12lp_00001,15,roi2_2.2x_x1050y2250_z80_2000f_11.5lp_00001,32
FAR,Sert/0721,0.504893600315217,102.267472329966,5,ro1_2x_x1018y1130_z10_20lp_6000f_00001,29,ro1_2x_x1018y1130_z15_20lp_6000f_00001,17
FAR,Sert/0721,0.504721964801894,50.289878893126,1.5625,ro7_1.6x_x1000y-1000_z0_26lp_6000f_00001,12,roi7_1.8x_x-1000-1000_z0_16lp_3000f_00001,13
FAR,Sert/0721,0.5046938017862,94.7506390115402,11.875,ro5_1.6x_x1200y-400_z0_26lp_6000f_00001,40,ro6_1.6x_x1200y-700_z0_26lp_6000f_00001,38
FAR,Vgat/0730,0.504660536452045,106.687352809715,48.75,roi1_1.4x_x1100y1050_z6_5000f_13lp_00001,10,roi1_3x_x950y1200_z40_6000f_14lp_00002,14
FAR,Sert/0721,0.504642424075479,50.0597666525399,5,ro1_2x_x1018y1130_z10_20lp_6000f_00001,43,ro1_2x_x1018y1130_z15_20lp_6000f_00001,41
NEAR,Vglut2/0728,0.504642371476366,2.80186153095265,11.5625,fov1_1.7x_y1650x1320_z40_3000f_17lp_00001,56,fov1_2.1x_y1350x1310_z30_3000f_13lp_00001,41
FAR,Sert/0721,0.504566888161824,65.842785220166,5,ro1_2x_x1018y1130_z10_20lp_6000f_00001,42,ro1_2x_x1018y1130_z15_20lp_6000f_00001,30
FAR,Vgat/0730,0.50453951435579,114.334861340733,18.125,roi2_1.6x_x1050y2250_z63_2000f_11.5lp_00001,27,roi2_2.2x_x1050y2250_z80_2000f_11.5lp_00001,25
FAR,Vglut2/0728,0.504492152802442,125.483632800637,10.3125,fov1_2x_y1700x1350_z15_6000f_17.5lp_00001,24,fov1_2x_y1700x1350_z25_3000f_16lp_00001,16
FAR,Vglut2/0728,0.504427077217372,31.8521640864098,20.3125,fov1_1.7x_y1650x1320_z35_3000f_15lp_00001,11,fov1_2x_y1700x1350_z15_6000f_17.5lp_00001,5
FAR,Vglut2/0728,0.504366785221237,106.416841358768,40.3125,fov1_1.7x_y1650x1320_z40_3000f_17lp_00001,49,fov1_2x_y1700x1350_z0_6000f_15.5lp_00001,14
FAR,Vglut2/0728,0.504319916973597,145.066375711211,10.3125,fov1_2x_y1700x1350_z15_6000f_17.5lp_00001,7,fov1_2x_y1700x1350_z25_3000f_16lp_00001,16
FAR,Vgat/0730,0.504313002735414,48.004845491045,33.125,roi2_1.6x_x1050y2250_z50_2000f_10.5lp_00001,13,roi2_2.2x_x1050y2250_z80_2000f_11.5lp_00001,42
FAR,Vgat/0730,0.504248376092253,46.624313671527,40.6255,roi2_2.2x_x1050y2250_z80_2000f_11.5lp_00001,44,roi2_2x_x1050y2250_z120_2000f_14lp_00001,29
FAR,Vgat/0730,0.504188468151716,143.74178825001,29.375,roi1_1.6x_x1050y1000_z100_3000f_17.5lp_00001,63,roi1_3x_x950y1000_z70_6000f_15lp_00001,36
FAR,Sert/0721,0.504141315310567,84.677535834957,10,ro1_2x_x1018y1130_z15_20lp_6000f_00001,40,ro1_2x_x1018y1130_z25_26lp_6000f_00001,12
FAR,Vgat/0730,0.504089696342159,149.420293748479,33.125,roi2_1.6x_x1050y2250_z50_2000f_10.5lp_00001,16,roi2_2.2x_x1050y2250_z80_2000f_11.5lp_00001,4
FAR,Vglut2/0728,0.504023246455046,111.396736306693,6.5625,fov1_1.7x_y1650x1320_z35_3000f_15lp_00001,34,fov1_2.1x_y1350x1310_z30_3000f_13lp_00001,11
FAR,Vgat/0730,0.503971143196927,100.853109492776,18.125,roi2_1.6x_x1050y2250_z63_2000f_11.5lp_00001,18,roi2_2.2x_x1050y2250_z80_2000f_11.5lp_00001,25
FAR,Vgat/0730,0.503970051274761,40.3625901671852,20.001,roi1_2.4x_x1300y900_z250_3000f_30lp_00001,9,roi1_3x_x1350y850_z265_3000f_31lp_00001,15
FAR,Vglut2/0224/pFN,0.50396937581754,140.295391897686,0.9375,pFN_roi1_z0_512x512_6x_2000f_00001,2,pFN_roi2_z5_25x_512x512_3x_6000f_00001,22
FAR,Vglut2/0728,0.503946859264938,117.825162965072,15.3125,fov1_2x_y1700x1350_z25_3000f_16lp_00001,16,fov1_2x_y1700x1350_z5_6000f_15.5lp_00002,5
FAR,Vglut2/1124,0.503876656398053,7.36178612251823,20,roi3_-1000-300-40_32lp_930_x1.4_256x512_3000f_00001,77,roi3_-1000-300-60_38lp_930_x1.4_256x512_3000f_00001,111
FAR,Vglut2/0728,0.503854989898902,95.8616298230995,10,fov1_1.7x_y1650x1320_z35_3000f_15lp_00001,36,fov1_2x_y1700x1350_z25_3000f_16lp_00001,42
FAR,Vglut2/0728,0.503852380914674,142.584655042159,5.3125,fov1_2x_y1700x1350_z15_6000f_16lp_00001,41,fov1_2x_y1700x1350_z15_6000f_17.5lp_00001,18
FAR,Vglut2/0224/pFN,0.503812824074125,83.4040676793507,0.9375,pFN_roi1_z0_512x512_6x_2000f_00001,8,pFN_roi2_z5_25x_512x512_3x_6000f_00001,2
FAR,Vgat/0730,0.503706652288643,46.1178237010169,18.125,roi2_1.6x_x1050y2250_z63_2000f_11.5lp_00001,16,roi2_2.2x_x1050y2250_z80_2000f_11.5lp_00001,15
FAR,Vglut2/0728,0.50367116953416,71.2380165902265,15,fov1_1.7x_y1650x1320_z35_3000f_15lp_00001,33,fov1_2x_y1700x1350_z15_6000f_16lp_00001,16
FAR,Vglut2/1124,0.503625091067579,141.225660888511,20,roi3_-1000-300-40_32lp_930_x1.4_256x512_3000f_00001,62,roi3_-1000-300-60_38lp_930_x1.4_256x512_3000f_00001,113
FAR,Vglut2/0728,0.503364495237113,115.658017387154,10.3125,fov1_2x_y1700x1350_z15_6000f_16lp_00001,2,fov1_2x_y1700x1350_z5_6000f_15.5lp_00002,7
FAR,Vglut2/1124,0.503300992390952,124.651748523135,20,roi3_-1000-300-40_32lp_930_x1.4_256x512_3000f_00001,65,roi3_-1000-300-60_38lp_930_x1.4_256x512_3000f_00001,83
FAR,Vglut2/0728,0.503226371620406,145.385939251679,5,fov1_1.7x_y1650x1320_z35_3000f_15lp_00001,50,fov1_1.7x_y1650x1320_z40_3000f_17lp_00001,39
FAR,Vglut2/1124,0.503223051799259,143.185739622821,5.3125,roi5_1400-1230-0_x4.4_15lp_6000f_00001,12,roi5_1400-1300-0_18lp_930_x4_512x512_6000f_00002,13
FAR,Vglut2/1124,0.503201069534215,19.144840342049,20,roi3_-1000-300-40_32lp_930_x1.4_256x512_3000f_00001,70,roi3_-1000-300-60_38lp_930_x1.4_256x512_3000f_00001,99
FAR,Sert/0721,0.503198807122754,22.2558097268367,11.875,ro5_1.6x_x1200y-400_z0_26lp_6000f_00001,17,ro6_1.6x_x1200y-700_z0_26lp_6000f_00001,20
FAR,Vglut2/1124,0.503194604432,104.075223928849,20,roi3_-1000-300-40_32lp_930_x1.4_256x512_3000f_00001,28,roi3_-1000-300-60_38lp_930_x1.4_256x512_3000f_00001,9
FAR,Vglut2/0728,0.503194392893354,74.3845080795823,5,fov1_2x_y1700x1350_z15_6000f_16lp_00001,3,fov1_2x_y1700x1350_z25_3000f_16lp_00001,6
FAR,Sert/0721,0.503181785611103,120.069231381279,1.5625,ro7_1.6x_x1000y-1000_z0_26lp_6000f_00001,33,roi7_1.8x_x-1000-1000_z0_16lp_3000f_00001,20
FAR,Vglut2/1124,0.502981177394096,108.128010032047,20,roi3_-1000-300-40_32lp_930_x1.4_256x512_3000f_00001,80,roi3_-1000-300-60_38lp_930_x1.4_256x512_3000f_00001,88
FAR,Vglut2/0728,0.502952800659799,87.1943911870051,5,fov1_2x_y1700x1350_z15_6000f_17.5lp_00001,7,fov1_2x_y1700x1350_z5_6000f_15.5lp_00002,12
FAR,Sert/0721,0.502900779190764,81.8485436830171,5.9375,ro1_2x_x1018y1130_z15_20lp_6000f_00001,5,ro3_4x_x700y-1233_z-10_24.5lp_6000f_00001,9
FAR,Vglut2/1124,0.502841534516988,77.9678158643702,20,roi3_-1000-300-40_32lp_930_x1.4_256x512_3000f_00001,57,roi3_-1000-300-60_38lp_930_x1.4_256x512_3000f_00001,89
FAR,Vglut2/1124,0.502737180766829,133.0822969965,20,roi3_-1000-300-40_32lp_930_x1.4_256x512_3000f_00001,30,roi3_-1000-300-60_38lp_930_x1.4_256x512_3000f_00001,11
FAR,Vgat/0730,0.502703792098026,52.4230745358842,1.25,roi1_1.6x_x1050y1000_z100_3000f_17.5lp_00001,55,roi1_3x_x1050y1000_z100_3000f_17lp_00001,6
FAR,Vgat/0730,0.502588088091592,118.052586736505,40.6255,roi2_2.2x_x1050y2250_z80_2000f_11.5lp_00001,36,roi2_2x_x1050y2250_z120_2000f_14lp_00001,29
FAR,Vglut2/0728,0.502490078217651,95.1000542437726,3.4375,fov1_2.1x_y1350x1310_z30_3000f_13lp_00001,7,fov1_2x_y1700x1350_z25_3000f_16lp_00001,7
FAR,Vgat/0730,0.502456670936007,53.276875396281,18.125,roi2_1.6x_x1050y2250_z63_2000f_11.5lp_00001,55,roi2_2.2x_x1050y2250_z80_2000f_11.5lp_00001,48
FAR,Sert/0721,0.502455279179691,142.02398532003,10,ro1_2x_x1018y1130_z15_20lp_6000f_00001,15,ro1_2x_x1018y1130_z25_26lp_6000f_00001,3
FAR,Sert/0721,0.50243204205101,60.7507350818812,10,ro1_2x_x1018y1130_z15_20lp_6000f_00001,42,ro1_2x_x1018y1130_z25_26lp_6000f_00001,15
FAR,Vgat/0730,0.502375925208566,138.319621282996,15,roi2_1.6x_x1050y2250_z50_2000f_10.5lp_00001,13,roi2_1.6x_x1050y2250_z63_2000f_11.5lp_00001,55
FAR,Vgat/0730,0.50236778880337,99.0073463211407,20.001,roi1_2.4x_x1300y900_z250_3000f_30lp_00001,3,roi1_3x_x1350y850_z265_3000f_31lp_00001,7
FAR,Vgat/0730,0.50229754703504,99.7410600925468,40.6255,roi2_2.2x_x1050y2250_z80_2000f_11.5lp_00001,61,roi2_2x_x1050y2250_z120_2000f_14lp_00001,36
FAR,Sert/0721,0.502234230555228,131.758965798309,1.875,ro1_2x_x1018y1130_z15_20lp_6000f_00001,15,ro3_2.5x_x450y1500_z-15_28.5lp_6000f_00003,4
FAR,Sert/0721,0.502185514056838,110.115420982018,5,ro1_2x_x1018y1130_z10_20lp_6000f_00001,9,ro1_2x_x1018y1130_z15_20lp_6000f_00001,12
FAR,Vglut2/0728,0.502082257422758,107.142878416233,10,fov1_1.7x_y1650x1320_z35_3000f_15lp_00001,10,fov1_2x_y1700x1350_z25_3000f_16lp_00001,23
FAR,Vgat/0730,0.502026984098558,144.754849372999,40.6255,roi2_2.2x_x1050y2250_z80_2000f_11.5lp_00001,22,roi2_2x_x1050y2250_z120_2000f_14lp_00001,30
FAR,Sert/0721,0.501963099815876,109.664349097079,5,ro1_2x_x1018y1130_z10_20lp_6000f_00001,43,ro1_2x_x1018y1130_z15_20lp_6000f_00001,47
FAR,Vglut2/0728,0.501914106644858,57.4972110642901,5.3125,fov1_2x_y1700x1350_z15_6000f_16lp_00001,36,fov1_2x_y1700x1350_z15_6000f_17.5lp_00001,26
FAR,Vglut2/0728,0.501889573709927,140.900426154842,10.3125,fov1_2x_y1700x1350_z15_6000f_17.5lp_00001,26,fov1_2x_y1700x1350_z25_3000f_16lp_00001,38
FAR,Vglut2/0728,0.501792922742654,143.131907937895,15,fov1_1.7x_y1650x1320_z40_3000f_17lp_00001,40,fov1_2x_y1700x1350_z25_3000f_16lp_00001,38
FAR,Vgat/0730,0.501694995536293,130.745651183392,1.25,roi1_1.6x_x1050y1000_z100_3000f_17.5lp_00001,60,roi1_3x_x1050y1000_z100_3000f_17lp_00001,24
FAR,Vglut2/0728,0.501574210751428,49.1886499693419,10,fov1_1.7x_y1650x1320_z35_3000f_15lp_00001,40,fov1_2x_y1700x1350_z25_3000f_16lp_00001,27
FAR,Vgat/0730,0.501251556699638,137.565671742855,21.2495,roi2_2.2x_x1050y2250_z100_2000f_12lp_00001,6,roi2_2.2x_x1050y2250_z80_2000f_11.5lp_00001,46
FAR,Sert/0721,0.501024671821937,84.887409877326,1.5625,ro7_1.6x_x1000y-1000_z0_26lp_6000f_00001,7,roi7_1.8x_x-1000-1000_z0_16lp_3000f_00001,4
FAR,Sert/0721,0.500963469637906,59.8333551348621,3.125,ro1_2x_x1018y1130_z10_20lp_6000f_00001,42,ro3_2.5x_x450y1500_z-15_28.5lp_6000f_00003,13
FAR,Vgat/0730,0.50090728627142,85.7186185550018,39.3745,roi2_1.6x_x1050y2250_z63_2000f_11.5lp_00001,57,roi2_2.2x_x1050y2250_z100_2000f_12lp_00001,31
FAR,Vglut2/1124,0.500816898347359,64.596643520615,20,roi3_-1000-300-40_32lp_930_x1.4_256x512_3000f_00001,21,roi3_-1000-300-60_38lp_930_x1.4_256x512_3000f_00001,35
FAR,Vglut2/0728,0.50072848076879,51.0176354475511,5,fov1_1.7x_y1650x1320_z30_3000f_15lp_00001,33,fov1_2x_y1700x1350_z25_3000f_16lp_00001,27
FAR,Vglut2/0728,0.500675467392062,58.9592156130671,5,fov1_1.7x_y1650x1320_z30_3000f_15lp_00001,31,fov1_2x_y1700x1350_z25_3000f_16lp_00001,26
FAR,Vglut2/1124,0.500666466850521,141.283908938358,20,roi3_-1000-300-40_32lp_930_x1.4_256x512_3000f_00001,58,roi3_-1000-300-60_38lp_930_x1.4_256x512_3000f_00001,108
FAR,Sert/0721,0.500663299446138,129.060670387043,11.875,ro1_2x_x1018y1130_z25_26lp_6000f_00001,30,ro3_2.5x_x450y1500_z-15_28.5lp_6000f_00003,22
FAR,Vgat/0730,0.500570882154935,136.23322419664,39.999,roi2_2x_x1050y2250_z120_2000f_14lp_00001,40,roi2_2x_x1050y2250_z160_2000f_16lp_00001,83
FAR,Vgat/0730,0.500542364306515,32.0080580283281,10.3125,roi1_2.4x_x950y1000_z85_6000f_14.5lp_00001,27,roi1_3x_x950y1000_z70_6000f_15lp_00001,18
FAR,Vgat/0730,0.500337129429459,37.5134559341511,30,roi1_3x_x950y1200_z40_6000f_14lp_00001,8,roi1_3x_x950y1000_z70_6000f_15lp_00001,17
FAR,Vgat/0730,0.500148325384974,85.398655039037,0,roi1_3x_x950y1200_z40_6000f_14lp_00001,17,roi1_3x_x950y1200_z40_6000f_14lp_00002,6
FAR,Vglut2/1124,0.500127847052503,46.0263302689718,20,roi3_-1000-300-40_32lp_930_x1.4_256x512_3000f_00001,63,roi3_-1000-300-60_38lp_930_x1.4_256x512_3000f_00001,100
FAR,Vgat/0730,0.500069103871939,117.257933802143,5.625,roi2_1.5x_x1050y2250_z35_2000f_8lp_00001,21,roi2_1.6x_x1050y2250_z50_2000f_10.5lp_00001,22
